target_day,source_replicate,FF_Mean_RL_minus_Uniform,GRU_Mean_RL_minus_Uniform,FF_CVaR_RL_minus_Uniform,GRU_CVaR_RL_minus_Uniform,GRU_minus_FF_Mean,GRU_minus_FF_CVaR
2,1,2.3476539096591864,5.317428350040586,-14.622696646590896,-17.23705556056626,2.9697744403814,-2.614358913975366
2,2,-2.5712336045147026,1.4448155806836098,19.123559545993487,-1.5328942640252308,4.016049185198312,-20.656453810018718
2,3,-0.7146350473552161,-0.8784262012312638,5.807916219920173,-8.33691063769794,-0.1637911538760477,-14.144826857618114
2,4,-4.287296822673113,-5.601635236192067,9.61490742585471,10.603185745828739,-1.3143384135189535,0.9882783199740288
2,5,-5.580640438985938,-4.685845200403378,7.786663442683391,-4.4497694188845,0.8947952385825602,-12.236432861567891
2,6,0.25350388209187713,-6.2039326230721485,13.132417300178986,-11.266812791223344,-6.457436505164026,-24.39923009140233
2,7,2.778946575331531,3.722308918062538,57.33331878270519,34.11657552031994,0.9433623427310067,-23.21674326238525
2,8,-4.850664417174357,-5.436115390523582,-8.86019056559553,11.792279675426471,-0.585450973349225,20.652470241022
2,9,2.162681469189579,1.5877056232838527,-16.610569721758623,-10.678842453479945,-0.5749758459057261,5.931727268278678
2,10,3.1545089012930703,3.074008723287875,0.0,-19.932649665283748,-0.08050017800519527,-19.932649665283748
3,1,4.006001301075742,0.0,-11.346430313368728,-2.2597543100920916,-4.006001301075742,9.086676003276636
3,2,-7.035132153845609,-7.290286054946023,14.744330065313079,20.615666846131262,-0.2551539011004138,5.871336780818183
3,3,1.2704538020684026,1.3572279847982145,0.7386732119166481,6.451842421343031,0.08677418272981186,5.713169209426383
3,4,0.0,-0.8062184198097384,-2.383123859629393,28.292100314600475,-0.8062184198097384,30.675224174229868
3,5,0.1075235464348907,0.1075235464348907,0.7524390566239276,17.739902270428047,0.0,16.98746321380412
3,6,1.388387804494414,-0.44125021954488375,0.0,0.0,-1.8296380240392978,0.0
3,7,3.8234669299373536,2.9044289003837207,-16.26547529996492,-15.13972567720117,-0.9190380295536329,1.125749622763749
3,8,0.0,2.0292966225965756,-0.0589657076816934,0.7108861368058683,2.0292966225965756,0.7698518444875617
3,9,0.0,0.0,3.012312955228765,3.051685178100172,0.0,0.03937222287140685
3,10,4.587055820250043,4.758527440713351,13.339406868531398,-10.582783049514603,0.17147162046330777,-23.922189918046
4,1,1.2615343939630748,-6.765714828979355,-3.8094102212997996,-9.073877198639764,-8.02724922294243,-5.264466977339964
4,2,-7.020754780694688,-7.796130762156167,-7.28683547950186,-15.527565058863786,-0.7753759814614796,-8.240729579361926
4,3,-9.002073743219512,-10.751326422537261,11.109169466112633,11.001652863702134,-1.749252679317749,-0.10751660241049876
4,4,0.0,-2.581931289275076,-11.679594864234957,3.5106113049928354,-2.581931289275076,15.190206169227793
4,5,-1.4811488969048128,-0.9057408490630223,2.8289817135525936,3.0506845143283385,0.5754080478417904,0.2217028007757449
4,6,-1.4081528486724437,-3.604735433302608,-6.293549618920622,-1.7398443193590083,-2.196582584630164,4.553705299561614
4,7,4.747828659720028,-6.10840825501424,-14.013706364589439,4.043461576469667,-10.856236914734268,18.057167941059106
4,8,6.8007433719553205,4.961958790463427,9.68469153173072,0.42230537520555345,-1.8387845814918933,-9.262386156525167
4,9,-5.363819883331644,3.21418341226007,-18.483178027801614,-15.537327575344648,8.578003295591714,2.945850452456966
4,10,3.649224081732882,0.866920095606929,-4.411091910459561,12.018002284629631,-2.782303986125953,16.429094195089192
5,1,-0.20346539745685277,1.619601038635949,-20.3280424164775,-0.6868274423016487,1.8230664360928017,19.641214974175853
5,2,4.348647507842259,6.773927388640914,31.636222809764035,2.988709193372813,2.425279880798655,-28.647513616391223
5,3,-7.504440334234914,3.676871394756404,1.2162203819037245,6.3167327459646,11.181311728991318,5.100512364060876
5,4,-10.196733936606734,-8.890276752847626,-21.697288173664163,-21.33549117247179,1.3064571837591075,0.3617970011923717
5,5,1.974760842187493,4.793633409621918,6.893501006359884,1.553961655735975,2.8188725674344255,-5.339539350623909
5,6,-4.7593001029162565,0.0,-1.0115917070904175,-3.1795929403297123,4.7593001029162565,-2.168001233239295
5,7,7.107414215660583,5.694031531005805,-2.846307152397287,4.795379705115863,-1.4133826846547777,7.64168685751315
5,8,14.639402427209745,4.0307339762168795,34.980327343754595,35.45564339857714,-10.608668450992866,0.47531605482254236
5,9,6.227235461865405,5.2389685325829305,9.417792881777132,-8.561792001795823,-0.9882669292824744,-17.979584883572954
5,10,-3.1155037121534406,-5.874358613640993,-4.403720355184987,-35.02478908558072,-2.7588549014875525,-30.621068730395734
6,1,-2.847588326800576,-3.4585664886467953,20.49527102537786,51.34839608899455,-0.6109781618462193,30.853125063616687
6,2,-8.22753809282932,-2.2697030352966294,-4.309807016989282,-37.884664972693315,5.957835057532691,-33.57485795570403
6,3,10.2031921864085,11.589876411380601,-8.907598365468857,-18.03926287864931,1.3866842249721003,-9.131664513180453
6,4,5.903882545217584,9.302448303745962,18.12327591426191,22.87367069843168,3.3985657585283775,4.750394784169771
6,5,1.5912841610270334,-3.7140587912345495,9.564766987794428,0.5022783961267692,-5.305342952261583,-9.062488591667659
6,6,-2.139289391542718,-6.3096295123366986,6.526296447351228,-8.256436921693648,-4.1703401207939805,-14.782733369044877
6,7,12.724695228993426,4.704368789727027,12.038828917614921,-19.987539457604214,-8.020326439266398,-32.026368375219135
6,8,-2.1786313845910854,-5.133553010026844,39.63072406189332,19.608094438514172,-2.954921625435759,-20.022629623379146
6,9,0.5606378027113692,3.8738156675282767,-2.256015800163425,4.542808644085767,3.3131778648169075,6.798824444249192
6,10,-3.0100021831813706,0.05200665285786954,-13.915698288735484,-24.794414705956115,3.06200883603924,-10.87871641722063
7,1,-0.632302988102083,1.4640154036606532,7.4713948672593915,-11.22369022734216,2.096318391762736,-18.695085094601552
7,2,1.7318469465439534,-0.7139034756337423,45.547799317657734,46.2924631214176,-2.445750422177696,0.7446638037598632
7,3,3.2890087143574647,0.5946761999976502,23.37482377680095,15.579098898100654,-2.6943325143598145,-7.795724878700298
7,4,0.11566478338664865,-0.2231118977172173,-25.696049955098317,-70.25294862134734,-0.33877668110386594,-44.556898666249026
7,5,0.02908879631200989,0.0,-31.859129522675175,5.434038983946664,-0.02908879631200989,37.29316850662184
7,6,-1.3771558324119724,-3.2381048073403917,11.927619252202078,24.554660063287315,-1.8609489749284194,12.627040811085237
7,7,-4.891024959898971,-2.667100907850397,14.709908871784648,34.166985317802244,2.2239240520485737,19.457076446017595
7,8,-0.45864352654558616,-2.723285108548737,28.54801366323096,39.84977451585877,-2.2646415820031507,11.301760852627808
7,9,1.6701713366498439,5.053021860928709,9.250873198955333,7.681128381258247,3.382850524278865,-1.5697448176970852
7,10,-1.4936120315769585,-1.7095326417141337,46.567380395433815,25.276179308349242,-0.21592061013717512,-21.291201087084573
8,1,-6.661903748444445,0.0,1.2591741441962085,-6.480488723997155,6.661903748444445,-7.7396628681933635
8,2,-0.8637523735183095,-3.659799134912987,-8.846000140160754,13.407497396284498,-2.7960467613946776,22.253497536445252
8,3,-2.7612287916001037,-5.172572895812948,9.164203534095122,27.39017950183188,-2.4113441042128443,18.22597596773676
8,4,5.760158200274077,7.581313675717979,11.217607127723738,15.517866798504599,1.821155475443902,4.300259670780861
8,5,1.8435756117405617,3.2856263389040805,-17.879633882212488,-11.33346245954499,1.4420507271635188,6.5461714226674985
8,6,-0.893337725427557,0.890951307045782,-14.414819612322503,-11.720253719919072,1.784289032473339,2.694565892403432
8,7,-10.73284258678558,-13.36103640797461,10.79437737376304,5.675613393095205,-2.6281938211890292,-5.118763980667836
8,8,3.353912703898402,-1.6272180791465303,-5.213477400324848,-17.481657861133726,-4.981130783044932,-12.268180460808878
8,9,-1.5530014466514217,0.5958632824603569,7.269843534772292,6.444406260057008,2.1488647291117786,-0.8254372747152843
8,10,-4.2835256287069114,0.29135565775351324,-13.65105302449814,-21.036263036243156,4.574881286460425,-7.385210011745016
9,1,-0.5278343289047029,4.411808820761962,-42.6183940201376,-38.847899119261285,4.939643149666665,3.770494900876315
9,2,-3.3149987453351173,-4.521693909767748,0.03749956241091468,-17.676485719027085,-1.206695164432631,-17.713985281438
9,3,-2.1244742443793143,-2.482817294503377,19.132705807973025,40.518985047137335,-0.35834305012406276,21.38627923916431
9,4,6.385080745737412,0.3669875626066528,3.2749789546047623,0.0,-6.018093183130759,-3.2749789546047623
9,5,-9.019878749074621,-5.515328549740218,-5.096838856739282,-6.1949363276022495,3.5045501993344033,-1.0980974708629674
9,6,-8.257790708012294,-7.689342452964468,-12.342325737459419,0.22922476863192287,0.5684482550478265,12.571550506091342
9,7,-7.467780166008595,-7.15708598866911,31.543032899689706,56.75072988312786,0.3106941773394851,25.207696983438154
9,8,-1.2032396639237959,1.7264152088611127,-21.402968364140918,-4.835485517643406,2.9296548727849085,16.567482846497512
9,9,6.388491449090168,-0.4254003705960372,-4.455342282300535,-6.813886509110205,-6.813891819686205,-2.35854422680967
9,10,-6.604883093060323,-5.046983449626623,20.47803844955473,-2.572362397062932,1.5578996434337,-23.050400846617663
