scenario_id,eta_0p00__OR-Tools,eta_0p00__ALNS-Mean,eta_0p00__ALNS-CVaR,eta_0p35__OR-Tools,eta_0p35__ALNS-Mean,eta_0p35__ALNS-CVaR,eta_0p70__OR-Tools,eta_0p70__ALNS-Mean,eta_0p70__ALNS-CVaR
0,17.196128632270955,0.0,0.0,23.416118132595585,0.0,0.0,119.7610812767592,14.208797182232985,2.283671636420621
1,26.181978718114436,0.8062498327878416,0.5516840790491528,16.98254808526943,0.0,0.0,9.209798889476701,0.0,4.9823680542943976
2,2.4346280161125264,0.0,0.0,7.1380818302557145,0.0,0.0,1.8236087336190394,0.0,0.0
3,19.891463120906025,0.0,0.0,9.967588420009832,0.0,0.0,6.697772482230079,0.0,0.0
4,11.808872157168992,0.0,4.635875515919736,0.6608126300897368,0.0,0.0,0.6608126300897368,0.0,0.0
5,12.708647854848948,1.3467307981020156,1.195217716105418,9.77088729177271,0.15151308199659752,0.0,9.785215442942473,0.0,0.0
6,3.0183340605145474,0.0,0.0,0.0,0.4513699234501587,0.0,0.0,0.0,0.0
7,8.508978198113084,0.0,0.0,0.5324918118897131,0.0,0.0,0.0,0.0,8.170458843720269
8,40.93734734273232,0.0,0.0,7.323854678356753,0.0,0.0,4.951588099060444,0.0,0.0
9,26.394491879864432,0.5412898822313537,0.0,17.483969124743652,0.0,0.0,11.545718088180337,0.0,0.0
10,20.884454430335012,0.0,0.0,20.15108379520646,0.0,0.0,21.62469906330014,0.2627218179318902,0.2627218179318902
11,3.5444361432728897,0.0,0.0,3.5444361432728897,0.0,0.0,3.5444361432728897,0.0,0.0
12,28.21689470048352,0.0,0.0,8.080274610148706,0.0,0.0,40.09288452880753,8.30180559037558,0.0
13,0.0,0.0,0.0,1.314108261395745,1.2673353945293684,0.0,0.0,0.15251752924342554,0.0
14,20.942168919097128,0.0,0.0,44.79810480413809,0.0,0.0,17.907367667463774,0.0,0.0
15,6.511325098579164,0.6122858046045394,0.0,5.414907184196522,0.6122858045035287,0.0,6.742664984644421,0.0,0.0
16,22.86954511913879,0.1933333627928846,0.0,76.08269590622675,0.1933333627927709,0.0,21.707325437966063,0.0,0.0
17,0.5339215308811731,0.9269970186689989,0.0,0.0,0.0,0.0,0.0,0.0,0.0
18,2.46680282410793,2.214583066642888,0.0,21.97859596385689,0.0,0.0,7.73619062692876,0.0,0.0
19,7.560202328454238,0.0,0.0,2.9980811429944367,0.0,0.0,16.191397894393702,0.0,0.0
20,24.129286488977414,0.0,0.0,17.24559756644183,0.0,0.0,21.36436287930411,6.307221444533354,0.0
21,0.0,0.0,0.0,3.312365937874688,1.666971617588672,0.0,1.0072939428521863,0.0,0.0
22,22.881546932051464,2.174134729429113,0.0,32.16362613169642,0.0,0.0,19.90964572677973,0.0,0.0
23,0.20382478649173663,0.0,0.0,0.0,0.0,0.0,0.0,0.0,0.0
24,0.0,0.0,0.0,0.0,0.0,0.0,0.0,0.0,0.0
25,13.71359775475716,0.0,0.0,11.497318880138096,0.0,0.0,30.41577042182618,27.840460839671096,0.0
26,0.0,0.0,0.0,1.7749564581143886,0.0,0.0,0.0,0.0,0.0
27,13.104405433756824,0.04411544113020227,0.0,24.405652872982245,0.9273487188635556,0.0,121.62940544272982,0.0,0.0
28,35.580260727174476,0.0,0.0,13.101532066339956,0.0,0.0,21.05754668727866,0.0,0.0
29,0.599612051050542,0.0,0.0,26.68178120919015,0.0,0.0,0.0,0.0,0.0
30,2.7658869256021035,0.0,0.0,18.13179922815388,0.4342500170982362,0.0,12.985616504404447,0.0,0.0
31,24.496306027564827,14.546110734069714,2.4361801652104305,11.839666073818023,0.8186718609028389,0.0,11.356548728895149,0.0,0.0
32,5.528536184133884,0.0,0.0,5.489816817474946,0.0,0.0,5.491597818798908,0.0,0.0
33,17.86639654841099,0.0,0.0,11.530884574587304,0.0,0.0,10.596127313302333,0.0,0.0
34,15.5031825596825,0.0,0.0,7.932838851170402,0.0,0.0,7.930986170316885,0.0,0.0
35,36.39412394726432,0.0,0.0,21.629958370189684,11.266663200115318,0.0,13.756467222993422,0.0,0.0
36,0.8589123608264231,0.0,0.0,0.2637642792781776,0.0,0.0,14.841580865060905,0.0,0.0
37,1.744428397494687,0.0,0.0,43.012793515289786,0.0,0.0,1.744428397494687,0.0,0.0
38,1.2856726022474163,0.5928329659930114,0.0,4.348759554689707,7.556391420479258,1.9900771279645824,26.9640018673347,0.0,0.0
39,35.74775466067078,2.2076187395223315,0.0,11.875686058829757,0.0,0.0,37.756409968059955,0.5076341515446643,0.0
40,9.933949531701472,0.0,0.0,7.952980367185916,0.0,0.0,7.951995104883679,0.0,0.0
41,8.276378667383113,0.0,1.12823908153743,5.896801454049893,0.0,0.0,8.648092860005306,0.0,0.0
42,12.790113179385713,0.0,0.0,12.147178147689061,0.0,0.0,12.147178149253165,0.0,0.0
43,5.191900021787859,0.0,0.0,1.0386182036548348,0.0,0.0,0.0,0.0,0.0
44,15.490781489066649,0.0,0.0,12.397009987393517,0.0,0.0,7.193246006094483,0.0,0.0
45,0.16579405099258793,0.0,0.0,0.0,0.0,0.0,0.0,0.0,0.0
46,87.5544646001359,0.0,6.079578139384296,57.99493351367215,6.854776809291593,0.0,38.0305517714653,0.0,0.0
47,23.880525588225282,0.0,9.643748096425128,5.466609225668037,0.0,0.0,17.352355437106183,0.0,0.0
48,0.7904034205155028,0.0,0.0,0.014163176770807695,0.0,0.0,0.014163176770807695,0.0,0.0
49,1.5914047664794282,0.0,0.0,19.38098132563087,0.0,0.0,3.5239045812908785,0.0,0.0
50,4.084627346560865,0.0,0.0,1.6861857093790604,0.0,0.0,14.715964315786152,11.608963895311774,0.0
51,7.114094967561755,0.0,0.0,7.114741413813107,0.0,0.0,48.40483346993082,0.0,0.0
52,14.803358881607807,1.4019172152013084,0.0,23.47227786167636,0.0,0.0,124.57093813631442,5.307849403403338,0.0
53,5.897962064995085,0.0,0.0,33.275578755002755,6.1036176479084645,0.0,1.1891918067436222,0.0,0.0
54,0.0,0.0,0.0,0.0,0.0,0.0,0.0,0.0,0.0
55,4.221682169165149,0.0,0.0,3.164562997683106,4.100981831487104,4.100981831487104,0.4629000368800007,0.0,0.0
56,0.0,0.0,0.0,1.2833996443388287,0.0,0.0,0.0,0.0,0.0
57,1.9024406216997818,0.0,0.0,2.114041569953713,0.0,0.0,1.435083651175205,0.0,0.0
58,14.808625192830021,0.0,0.0,14.77465180053062,0.0,0.0,14.77465180053062,0.0,0.0
59,7.6231017695969,0.5268978419443329,0.0,11.572854904585114,4.668873911005733,0.0,8.891363827899255,0.0,0.0
60,16.816907561626437,0.24641276393055023,0.0,0.0,0.0,0.0,7.4429991421999375,11.540933063798832,0.0
61,27.455524199089837,0.0,0.0,7.416152855985615,1.4751130530054581,0.0,0.5387296924610041,0.0,0.0
62,16.590276068479454,1.812475341753725,0.0,9.28780676147315,1.6803439400536035,0.0,32.5160949197811,0.0,0.0
63,20.12901769838672,0.0,0.0,1.6750689648173989,0.28384169635148737,0.0,0.0,0.0,0.0
64,29.158906582815575,0.0,0.0,3.8236703017146567,0.0,0.0,21.367548634127417,0.0,0.0
65,21.055569219440088,0.0,0.0,47.80104407429516,3.581000262824716,3.581000262824716,4.205850601346356,0.0,0.0
66,22.411585293964123,0.0,0.0,16.930329345192575,0.0,0.0,74.7067585447634,13.162298498977464,0.0
67,3.668991270801911,0.11327037671418339,0.0,13.510222284088883,0.11327037773031634,0.0,40.556123805663674,22.33790452514762,9.618661028270992
68,6.942989431838413,0.0,0.0,2.5059804767567186,0.0,0.0,0.37934158646686456,0.0,0.0
69,3.3938782452245277,0.0,0.0,12.248394077367323,0.0,0.0,9.04462653219258,0.0,0.0
70,14.013638066982878,0.0,0.0,13.995492488734357,0.0,0.0,19.228443328836562,9.919347666333294,0.0
71,11.429849436468913,0.0,0.0,5.8059539295474565,0.0,0.0,6.862000933417846,0.0,0.0
72,10.957166618411861,0.0,0.0,7.842925706080337,0.0,0.0,7.842925706080337,0.0,0.0
73,41.234300234996766,0.0,0.0,72.01335471869876,0.0,0.0,75.75364687617588,12.739903771484478,0.0
74,8.357590627732094,0.0,0.0,11.87757185445787,0.0,0.0,5.8776968320561025,0.0,0.0
75,29.163465903950424,0.0,12.07366535020526,0.0,0.0,0.0,5.978246010109103,0.0,0.0
76,32.15412860524887,0.2520065505415232,0.0,12.580767960269299,0.2520065505415232,0.0,12.582156812277589,0.0,0.0
77,20.0394934062204,1.046164100295755,0.0,0.0,0.0,0.0,0.0,0.0,0.0
78,11.306746998498397,0.0,0.0,8.876087532296822,0.6934886811711181,0.0,5.387757534830087,0.0,0.0
79,12.533337757047406,0.12844517958103552,0.0,8.42813352848296,0.12844517958103552,0.0,7.875539729971592,0.0,0.0
80,15.704181219261187,0.0,0.0,78.3602354276085,3.241991525884771,0.0,12.10316470169144,0.0,0.0
81,16.766727251542733,0.6288880271732751,0.0,15.28058467881894,0.6288880272560959,0.0,9.536610110841877,0.0,0.0
82,2.01163896463828,1.0764569247266422,0.0,11.347112036490671,0.0,0.0,9.638382453407587,0.0,0.0
83,14.256446233121011,0.8301582664628313,0.0,6.212584429891507,0.0,0.0,47.100759629642994,0.0,0.0
84,9.728623920379647,0.07152940165781274,0.0,24.663008560605306,0.07152940534814434,0.0,23.17029388338645,0.0,0.0
85,1.7973626292204017,1.7388270009086,0.0,13.107849332807291,0.0,0.0,97.4736804356447,25.597637213506175,2.511726716558769
86,24.973119057867763,0.0,0.0,45.352029909306225,0.0,0.0,9.348432870123702,0.0,0.0
87,3.4947324770904515,0.7659131700426656,0.0,0.3193088818611045,0.7659131700426656,0.0,0.0,0.0,0.0
88,17.140789437512467,0.0,0.0,37.49211714839322,0.0,0.0,30.516594435462366,0.0,0.0
89,5.771387578542345,0.0,0.0,1.1643204965901646,0.0,0.0,23.623894020563256,0.0,0.0
90,19.926564814159093,1.0499176504560523,0.0,13.739552621281803,6.444916261408764,0.0,3.196610258173223,0.0,0.0
91,1.142633699392718,0.0,0.0,1.5374952503923964,0.0,0.0,0.0,0.0,0.0
92,1.6195133667199855,0.0,0.0,1.58598289057457,0.0,0.0,1.58598289057457,0.0,0.0
93,0.0,0.0,0.0,0.0,0.0,0.0,0.0,0.0,0.0
94,9.499483600303535,0.0,0.0,17.40533631033989,0.0,0.0,7.546496480609136,0.0,0.0
95,65.05840116044317,0.0,0.0,35.12129935850402,0.0,0.0,16.948585820054035,0.0,0.0
96,18.43717700364104,0.0,0.0,27.67609117545271,13.123292650794212,0.0,7.6702796701165425,0.0,0.0
97,2.864648998322707,0.0,0.0,0.2549839029841223,0.0,0.0,0.2549839029841223,0.0,0.0
98,0.9304537312914647,0.0,0.0,0.0,0.0,0.0,0.0,0.0,0.0
99,0.5945137287956754,0.0,0.0,3.632812535345522,0.0,0.0,20.836031395802053,1.7693943768972247,1.7693943768972247
100,24.750057002712225,0.0,0.0,51.1152366818493,0.0,0.0,7.467119834381208,0.0,0.0
101,9.57951728462956,2.448629601471964,0.0,4.083685586877806,0.34400024060067835,0.0,7.876904426242163,0.0,0.0
102,4.020157319436407,0.0,3.207833171238292,0.29938460493747243,0.0,0.0,5.593578158825039,0.0,0.0
103,16.0004876799743,0.4566035238385098,0.0,71.58025859779784,2.187903853997227,0.0,10.530818212582545,0.0,0.0
104,0.008385762341561076,0.0,0.0,10.675750887063089,0.0,0.0,0.0,0.0,0.0
105,12.47926231775952,0.0,0.0,11.618910810134395,2.8333450055281446,0.0,5.88869955600515,0.0,0.0
106,54.24818374653128,0.0,0.0,25.858626655137726,0.0,0.0,14.789666989820745,0.0,0.0
107,11.648858246658307,0.0,0.0,0.0,0.0,0.0,30.197697130680183,15.893160373044395,0.0
108,1.7031696035940058,0.0,0.0,0.0,0.0,0.0,0.0,0.0,0.0
109,13.402073261853786,0.0,0.0,1.749027078353521,0.0,0.0,26.331973002612727,1.865560570096278,1.865560570096278
110,11.978139756392267,0.06493511503458649,4.015749404955898,3.0758442666816848,0.0,0.0,1.2873563838567463,0.0,0.0
111,22.904971962239728,0.23995285458812532,0.0,37.982085156662464,0.23995300449303159,0.0,22.48831220896068,0.0,0.0
112,27.15108866467574,0.0,0.0,30.907729917735992,0.0,0.0,23.650025197363846,0.0,0.0
113,0.0,0.0,0.0,5.50824149245787,0.0,0.0,4.871933133651339,0.0,0.0
114,6.227600633086581,0.0,0.0,5.060634546598749,0.0,0.0,6.525193947662331,0.5822170737457668,0.0
115,36.23161218035091,0.0,0.0,10.210622773803095,0.0,0.0,18.094482222217408,0.0,0.0
116,29.495681772976013,0.6599793908926586,0.0,12.02614176277612,0.0,0.0,25.76459931898293,2.0290902729480536,0.0
117,10.29917380727224,0.0,0.0,4.32714987752189,0.0,0.0,3.174055788576112,0.10140682014258573,0.0
118,0.0,0.0,0.0,3.2394587218591937,0.0,0.0,0.0,0.0,0.0
119,21.93100636663027,0.0,0.0,9.208682015319482,0.0,0.0,9.195801122779415,0.0,0.0
120,4.296227547539502,0.8108842962653853,0.0,0.42952579539917224,0.0,0.0,0.37408089108225795,0.0,0.0
121,4.998119480043471,0.0,0.0,10.239179600738254,0.0,0.0,3.2355808016483536,0.0,0.0
122,2.9794132211627584,0.1970224684216646,0.0,14.970487995738495,0.1973081215367074,0.0,7.326083907248233,2.4789297591617583,0.0
123,15.513316992973813,0.0,0.0,37.431711938735134,0.0,0.0,17.06984630033486,0.0,0.0
124,12.556877802412743,0.0,0.0,9.180606821332532,0.0,0.0,2.556863786181083,0.0,0.0
125,29.235655426413388,1.658557755507445,0.0,57.3793517426796,5.776804874232823,3.8018204255523074,8.783763521521053,0.0,0.0
126,2.366782663336693,0.0,0.0,0.6025429290500028,0.0,0.0,0.0,0.0,0.0
127,19.689622664832257,1.1496431012647577,0.0,4.1976113743264705,0.0,0.0,0.0,0.0,0.0
128,12.306564663854886,0.22327921472430035,0.0,9.382882333264519,9.516378329814245,0.0,90.96603133610824,0.0,0.0
129,4.226161258975793,0.0,0.0,7.3971152154226445,0.0,0.0,6.111726835712517,0.0,0.0
130,32.1015232627833,0.10725317143175062,0.0,63.94153149487548,2.340625597901692,0.0,3.8543906696313,0.0,0.0
131,17.45039843911971,0.0,0.0,5.811687024010155,3.9195271116504387,2.2130645352982015,66.06422890934567,0.0,0.0
132,8.2059923890682,0.0,0.0,9.334737298595684,0.0,0.0,133.61566363364275,13.10094093568597,0.0
133,0.0,0.0,0.0,6.8428741187467494,0.0,0.0,9.547760838946687,0.0,0.0
134,2.967702345646842,0.0,0.0,10.478859172530633,0.0,0.0,4.074331480829073,0.0,0.0
135,12.147987728353314,0.0,0.0,6.824750720256361,0.0,0.0,2.7532884498757824,0.0,0.0
136,0.33207916681288907,0.0,0.0,0.0,0.0,0.0,0.0,0.0,0.0
137,4.842140759356369,0.0,0.0,0.0,0.0,0.0,44.80870391903369,10.8556115432242,0.0
138,9.857149186249444,0.0,0.0,23.38296105448495,0.0,0.0,25.704035765815576,0.0,0.0
139,24.080796535963998,0.0,0.0,11.04616446429631,0.0,0.0,23.26256521501344,0.0,0.0
140,0.4270469863301116,0.0,0.0,2.6834789001701154,0.0,0.0,0.0,0.0,0.0
141,2.2699952734267868,0.0,0.0,4.4663184250568975,2.078536646401517,0.0,23.389608592795327,0.0,0.0
142,12.670616689626058,0.0,0.0,12.430023722788434,0.0,0.0,12.430023722795823,0.0,0.0
143,14.796514786903032,0.0,0.0,11.245975285463572,0.0,0.0,11.245975285463572,0.0,0.0
144,4.124837865011642,0.0,0.0,33.59122624091867,4.449424240223863,0.0,18.09995748384918,0.0,0.0
145,15.5650344255574,0.0,0.0,0.0,0.0,0.0,0.0,0.0,0.0
146,5.815389144909517,0.0,0.0,3.026539522579384,0.0,0.0,17.96207185182206,0.0,0.0
147,2.3921517518016913,0.0,0.0,9.631723022701948,0.0,0.0,15.703842947522133,0.0,0.0
148,10.877267803755814,0.0,0.0,4.0747609064543155,0.0,0.0,80.46167434854502,3.273779652444887,0.0
149,0.3053829608185197,0.0,0.0,3.111361026940017,0.0,0.0,0.0,0.0,0.0
150,37.87937806972704,0.0,0.0,49.933182811229614,1.0384064297123814,1.0384064297123814,71.68314463188753,0.0,0.0
151,26.04554265552585,0.0,0.0,14.100514934805346,0.0,0.0,7.744475694240833,0.0,0.0
152,3.329685141144523,0.0,0.0,2.0266891242652605,0.0,0.0,2.007888035627957,0.0,0.0
153,0.0,1.3229714722615427,0.0,4.4665634462278945,7.157976114058556,0.0,0.0,0.0,0.0
154,0.0,0.0,0.0,0.0,0.0,0.0,0.0,0.0,0.0
155,31.512869375828075,0.0,0.0,39.46930416472938,1.9412007980257044,1.9412007980257044,41.95184571162409,0.0,0.0
156,3.1155169178782103,0.0,0.0,2.072051678300454,0.0,0.0,2.0707988952693768,0.0,0.0
157,0.0,0.0,0.0,0.0,0.0,0.0,0.0,0.0,0.0
158,7.19175307416765,0.0,0.0,0.3906694466435283,0.0,0.0,26.43113824470612,0.0,0.0
159,13.037434479087864,0.0,0.0,5.622658269570934,0.0,0.0,5.594282140975025,0.0,0.0
160,2.50325071947708,0.0,0.0,0.0,0.0,0.0,11.887596790719016,0.0,0.0
161,27.63201619585041,0.26017174399333953,0.0,19.70622538301822,0.2601715738425696,0.0,18.702755718752968,0.0,0.0
162,0.0,0.0,0.0,0.2270528510690326,0.0,0.0,0.0,0.0,0.0
163,1.4882606897024857,0.0,0.0,7.9138596695852925,0.0,0.0,5.804321207644222,0.0,0.0
164,12.231633522751565,0.0,0.0,3.8643683608271715,0.0,0.0,0.8804886072053364,0.0,0.0
165,17.741805314539135,0.0,0.0,15.118363803182973,0.0,0.0,55.333075729211856,0.0,1.2323613346824231
166,15.253786932179906,0.0,0.0,5.686093306488772,0.0,0.0,3.9409765186157415,0.0,0.0
167,8.022846078624553,0.16681386490955674,0.0,14.779207475570814,0.16726223528701212,0.0,3.6841431101551336,0.0,0.0
168,14.173565420976729,0.3756895077614786,0.0,17.699493385532435,0.3756895077614786,0.0,10.603366147272993,0.0,0.0
169,29.68769301912701,2.3424520623804597,0.0,28.983542427202423,0.0,0.0,28.57837844909082,0.0,0.0
170,0.0,0.053416102715004854,0.0,0.0,0.0533580624115757,0.0,1.0343669284273744,0.0,0.0
171,32.201972412874966,0.0,0.0,2.6337342768088092,0.13224059996059623,0.0,0.5341711853062634,0.0,16.664294699357242
172,9.54023053068235,0.0,0.0,31.698674183879888,0.0,0.0,4.677438059226262,0.0,0.0
173,0.0,0.0,0.0,7.392052271079649,1.438614549919123,0.0,45.38211985379766,0.0,0.0
174,12.211725408047158,0.0,0.0,76.86950736364986,0.0,0.0,36.155635987107104,0.0,0.0
175,10.723378409532415,1.6463361797419225,0.0,39.69732123327239,0.0,0.08426253845931342,13.555695859720913,0.0,0.0
176,10.119188624075576,2.2818790543678347,0.0,19.14955197941697,0.09331777081246173,0.0,9.106853097375136,0.0,0.0
177,0.0,0.0,0.0,18.064457428052748,0.0,0.0,0.0,0.0,0.0
178,24.418778870096332,0.0,0.0,35.75075542178939,1.2253742837403934,0.0,22.415572794197345,0.0,0.0
179,0.0,0.0,0.0,0.0,0.0,0.0,0.0,0.0,0.0
180,35.81823579359991,0.09691408160369974,0.0,33.19263615445428,0.09300805673404966,0.0,31.994032483724396,0.0,0.0
181,32.76325055012609,1.7499898161558463,0.0,4.998766639546375,0.0,0.0,5.32686665644087,0.0,0.0
182,1.884846407507439,0.0,0.0,0.0,0.0,0.0,0.0,0.0,0.0
183,10.6417952486444,0.0,0.0,2.321108255612984,0.0,0.0,1.7455781765783627,0.0,0.0
184,0.15434083267848564,0.27819684804228473,0.0,0.9737404404418157,0.2781967983554523,0.0,3.0467650006203826,0.0,0.0
185,0.0,0.6925815864101423,0.0,0.18837766994488447,0.0,0.0,0.0,0.0,0.0
186,5.604333479950782,0.0,0.0,48.357888970564176,3.3598955172928413,0.0,10.820686800796153,0.0,0.0
187,14.592124947770884,0.0,0.0,21.803774410656445,0.0,0.0,24.751318046263123,0.0,0.0
188,10.584175352835814,0.0,0.0,16.270754415187923,0.0,0.0,8.157215049701875,0.0,0.0
189,20.216275491609906,0.0,0.0,22.25739346263822,0.0,0.0,15.112527062749336,0.0,0.0
190,11.146314161132977,1.0751440566689325,0.0,38.2085565316861,0.0,0.0,13.411913283164722,0.0,0.0
191,0.0,0.0,0.0,3.2555678990351,3.6587862406087197,0.0,0.0,0.0,0.0
192,1.552724017567698,0.53764269951796,0.0,0.0,0.3565746136994221,0.0,0.0,0.0,0.0
193,12.466762321267908,0.0,0.0,33.397682746144824,0.0,0.0,14.6537467865721,0.0,0.0
194,16.95787522119886,0.0,0.0,23.3641252238088,0.0,0.0,11.261936458986781,0.0,0.0
195,10.400816112829006,0.0,0.0,16.61008732569391,0.0,0.0,18.62888314276077,0.0,0.0
196,0.35550981357545197,0.0,0.0,31.66826981617038,1.905580516776979,0.0,0.0,0.0,0.0
197,8.36578818662062,0.0,0.0,17.463314599700368,3.3603650997675345,0.0,11.758196029609223,19.642614851907297,0.0
198,13.212037291872633,0.0,0.0,0.0,0.0,0.0,3.399884859841478,0.0,0.0
199,0.007561233539320256,0.0,0.0,0.0,0.0,0.0,0.0,0.0,0.0
200,0.0,0.0,0.0,4.651756459684634,0.8924871925364641,0.0,24.99929832749072,0.0,0.0
201,7.858171258914496,0.17531530135039475,0.0,0.0,0.17531530135039475,0.0,0.0,0.0,0.0
202,4.130533494679099,0.0,0.0,6.768496082318109,0.0,0.0,4.063502028007861,0.0,0.0
203,4.947590605508964,0.0,0.0,25.134120410765092,0.0,0.0,7.5339408548485665,0.0,0.0
204,0.08372224546974394,0.44596423817125697,0.0,0.0,0.44596423817125697,0.0,4.137761464620951,0.0,0.0
205,0.23150841857534488,0.3188538932577103,0.0,8.426038031733356,0.3188538950093971,0.0,10.786020424973458,0.0,0.0
206,11.19917198873074,0.0,0.0,14.447586514505218,0.0,0.0,112.45092251214189,0.0,0.0
207,14.299675190401018,0.7209177819439674,1.9363511737097667,2.1784526893128486,0.0,0.0,21.085376493131378,1.665851597162515,1.665851597162515
208,62.24169701121471,0.0,0.0,142.72154413589809,0.0,0.0,31.09752262560005,0.0,0.0
209,93.28575880332988,1.280082772472099,0.0,27.587200654447457,0.0,0.0,71.23885061870328,7.38449549928248,0.0
210,8.243577578681709,0.0,0.0,13.678735218910845,0.9076856839343463,0.0,4.214519989109988,0.0,0.0
211,22.278516330527395,0.0,0.0,19.145363937118304,0.0,0.0,17.410543746161636,0.0,0.0
212,12.459512184597571,0.0,0.0,7.055005379335256,0.0,0.0,6.361293142421886,0.0,0.0
213,2.0813954527121723,0.4967840469322482,0.0,33.18833461958175,0.49687891269775264,0.0,1.82228042259743,0.0,0.0
214,23.239682052971773,0.4626615141582988,0.0,20.662121727586396,0.24173273768434456,0.0,55.670321734846425,11.65005626639936,0.0
215,0.13880922369850168,0.0,0.0,0.946430863263231,0.0,0.0,0.13877110503983658,0.0,0.0
216,21.30800693536716,0.0,0.0,16.563022219654187,0.0,0.0,36.38122345417216,0.0,0.0
217,6.593608789067872,0.0,0.0,3.8155813593913592,0.0,0.0,89.1889742492348,0.0,0.0
218,19.032907360943653,0.0,0.0,2.4707202652877243,0.0,0.0,0.5241091161445866,0.0,0.0
219,81.9789185995009,0.0,0.0,26.035075907159666,0.0,0.0,136.3130310784131,0.0,0.0
220,4.822099923717701,0.0,0.0,6.9074378420806966,2.454810784331926,2.454810784331926,0.31630359862057844,0.0,0.0
221,1.3874096498154245,0.0,0.0,5.6560488210784285,2.5632979873227555,0.0,9.054664843388622,3.1936369368650332,3.1936369368650332
222,28.975296918476943,0.9899651436748513,0.0,16.14137704981252,0.0,0.0,61.254112069041184,0.0,0.0
223,12.896633082205284,0.0,0.0,5.66120907220008,0.0,0.0,4.156936260065464,0.0,0.0
224,32.46393464169202,0.0,0.0,106.39987832088306,0.0,0.0,24.084453850365577,0.0,0.0
225,15.078712526657853,0.0,0.0,7.132798500022716,0.0,0.0,25.90942684047735,2.346125417857934,0.0
226,1.5215093290066761,0.0,0.0,0.0,0.0,0.0,0.0,0.0,0.0
227,6.6518360705829025,0.0,0.0,41.63409227623882,0.0,0.0,5.636366607600451,0.0,0.0
228,6.518039653590051,0.0,0.0,25.223878296699468,0.0,0.0,17.19911614972196,0.0,0.0
229,0.9088380963483473,0.0,0.0,0.908816834678646,0.0,0.0,0.908816834678646,0.0,0.0
230,28.704075680417077,0.0,0.0,21.84251873718003,0.9798601202609234,0.0,50.89318924208814,0.0,9.895469734963513
231,5.721987731135243,0.0,0.0,11.433027193553528,0.0,0.0,29.810310146015183,0.0,0.0
232,0.0,0.0,0.0,0.0,0.0,0.0,0.0,0.0,0.0
233,59.88774194085633,0.0,0.0,20.691349676564357,0.0,0.0,15.115799223843567,0.0,0.0
234,3.4975058359457307,0.0,0.0,45.255109066244415,4.064093283391429,0.0,3.7785479019579498,0.0,0.0
235,2.4688810718923264,0.0,0.0,8.057983968641452,0.0,0.0,44.75566929224232,0.0,0.0
236,8.651170223251313,1.3862294217114481,0.0,9.93999878148685,1.386228498317223,0.0,11.376841204770216,0.0,0.0
237,20.8249748541769,0.0,0.0,16.489267056242227,0.0,0.0,19.76837067514313,0.0,0.0
238,29.054115429129865,0.0,0.0,17.744332980552343,0.0,0.0,17.744332980552343,0.0,0.0
239,6.136591536190082,0.0,0.0,8.105373977173713,6.216001227559957,0.0,2.4018349380165205,0.0,0.0
240,30.4529850232627,0.0,0.0,23.72890494298906,0.0,0.0,17.629248267682897,0.0,0.0
241,3.557542593708831,0.12731094664064813,0.0,1.924431877998643,0.12731094664064813,0.0,2.2776462316438995,0.0,0.0
242,23.479369767946906,0.0,0.0,9.425778361762923,0.0,0.0,26.159459597263293,0.0,0.0
243,6.78330754977361,0.0,0.0,10.35741853897062,0.0,0.0,6.773369675232573,0.0,0.0
244,0.0,0.0,0.0,0.0,0.0,0.0,0.0,9.948019859315423,0.0
245,0.7406086004864392,0.0,0.0,3.0748498736898,0.0,0.0,8.762813848869882,0.0,0.0
246,34.59052858172677,0.0,0.0,1.5769625873817859,0.0,0.0,5.0030766859305515,0.0,0.0
247,0.5498685196028532,0.36239862715956406,0.0,0.5498685194694986,0.36239862715956406,0.0,0.5498685194694986,0.0,0.0
248,12.40682243916254,0.0,0.0,15.783390973015884,1.0194290734029323,0.0,6.7058836430137205,0.0,0.0
249,10.991903293665189,0.0,0.0,14.45109141713317,1.1596728101729354,0.0,10.94522665057545,0.0,0.0
250,17.79521753675627,0.0,0.0,1.926639846803539,0.536571487646313,0.0,9.691774793298293,0.0,0.0
251,19.02962875215374,0.0,0.0,2.148711865713267,0.0,0.0,0.8414945380922063,0.0,0.0
252,38.08547930750487,0.0,0.0,19.26172861527101,3.647172333237677,0.0,39.61896170539805,0.0,0.0
253,5.5837395072965705,0.0,0.0,18.151048617575583,0.0,0.0,1.0652986933671116,0.0,10.27348409644901
254,25.19332893167595,0.0,0.0,6.018534153644822,1.6561992646992394,0.0,0.0,0.0,0.0
255,4.5082168823068685,0.0,0.0,3.9242868714043766,0.0,0.0,17.29747916690934,6.666166752163633,0.0
256,5.728298908305561,0.0,0.0,2.1332769305954002,0.0,0.0,6.877080367201984,0.0,0.0
257,1.9102286285100263,0.0,0.0,1.9102286285100263,0.0,0.0,1.9102286285100263,0.0,0.0
258,22.920452002630725,0.0,0.0,24.761018999022156,0.0,0.0,23.40054061013049,0.0,0.0
259,47.202551799524855,0.0,6.970703723784112,13.49488954283538,0.0,0.0,13.055325175376083,6.572381909206229,0.0
260,0.0,0.0,0.0,0.0,0.0,0.0,0.2928327002667288,0.0,0.0
261,41.450745465898024,0.0,2.461425712149861,4.157708190205341,0.0,0.0,2.681920095393309,0.0,0.0
262,13.014290890450837,0.0,0.0,7.412849634315904,0.0,4.700618628849838,7.900696117385706,0.0,0.0
263,31.074376585194955,0.414373652301947,0.0,21.784595699053654,0.0,0.0,16.842815726811352,0.0,0.0
264,1.5070226918124092,0.0,0.0,1.4796928545268884,0.0,0.0,0.0,0.0,0.0
265,21.285960378094558,0.0,0.0,13.218286225984713,0.0,0.0,133.18302169874033,0.0,0.0
266,71.63172744880092,0.2551936180857979,0.0,15.960699008141688,0.2472461157659609,0.0,15.576889935584802,0.0,0.0
267,20.958532398456384,0.0,0.0,27.37571846932093,0.0,0.0,28.822434933201407,0.0,0.0
268,7.403651651816261,0.0,0.0,7.782734556514811,0.0,0.0,4.24569187294162,0.0,0.0
269,5.38028146999136,0.0,0.0,7.67758094093864,0.6002331820979521,0.0,0.704671517088741,0.0,0.0
270,16.565085683262026,3.012803465164211,0.0,0.0,0.0,0.0,0.0,0.0,0.0
271,19.061736244902136,2.842029601807212,0.0,155.65486384797975,17.99221682002883,0.0,15.243139618032671,0.0,0.0
272,12.606582217221558,0.0,0.0,0.16957027667461944,0.0,0.0,27.819371492336785,0.0,0.0
273,6.593999337250693,0.6857440993418891,0.0,47.676165766035666,0.6857414645609197,0.0,1.283568449412769,0.0,0.0
274,5.610831139153532,0.0,0.0,0.48787069782537174,0.0,0.0,0.48787069782537174,0.0,0.0
275,25.172859593894373,0.0,0.0,19.465096427266474,0.0,0.0,19.465096427266474,0.0,0.0
276,1.6344188577404566,0.0,0.0,0.0,0.0,0.0,0.0,0.0,0.0
277,5.3612500487454895,0.0,0.0,2.9057776963777826,0.0,0.0,2.9057723058372176,0.0,0.0
278,16.8414325499229,0.0,0.48240345851968414,5.350750324130701,0.0,0.0,41.00111185915463,3.0509522895532655,0.0
279,0.5129287501832493,0.0,0.0,0.0,0.0,0.0,17.26344881333563,0.0,0.0
280,0.0,0.0,0.0,3.6772654170060832,0.0,0.0,54.370210091687596,0.3635431214443656,0.0
281,4.441162461546384,0.2949274410361227,0.0,1.8338714790030224,0.0,0.0,5.021389599574462,0.0,0.14909621812819296
282,0.0,0.0,0.0,0.0,0.0,0.0,0.3357215079442142,0.0,0.0
283,7.431899488601005,0.0,0.0,7.431004210805952,0.0,0.0,7.3515258125095215,0.0,0.0
284,17.77270260670025,0.0,0.0,5.716811081913505,0.0,0.0,17.44991408369293,0.7960378080746864,0.0
285,0.24130135706104738,0.0,0.0,0.24130135706104738,0.0,0.0,0.24130135706104738,0.0,0.0
286,2.6071594495213617,0.0,0.0,4.7472523799328314,0.0,0.0,1.7645608099346077,0.0,0.0
287,2.8121224052786147,1.4829146070855472,0.0,0.9335160330119265,2.5208987097639124,0.0,0.9958405436822773,0.0,0.0
288,7.334902127772523,0.0,0.0,1.197981135782527,0.0,0.0,1.197981135782527,0.0,0.0
289,5.53884543055716,0.0,0.0,39.030575300623696,0.0,0.0,19.52140633644086,0.0,0.0
290,35.934563900221605,0.0,0.0,13.398156463619728,0.0,0.0,124.98637494225812,0.0,0.0
291,23.0926595888302,0.0,0.0,25.944811420207486,0.0,0.0,20.81200520378337,0.0,0.0
292,14.86419996027223,0.0,0.0,21.368005319043817,0.0,0.0,80.29377067100921,0.0,3.2684997984137567
293,42.105931095724884,0.0,2.215363968669294,46.445430944178895,0.0,0.0,36.09140243757392,0.0,0.0
294,7.228408390162883,1.5276889143402173,2.864638514825515,4.306669642172039,0.0,0.0,4.306669642172039,0.0,0.0
295,57.403312885827745,0.0,4.876840197217177,6.053187060287684,2.018032652085026,0.0,24.458757973827147,1.1933156889789984,0.0
296,0.0,0.0,0.0,0.0,0.0,0.0,0.0,0.0,0.0
297,11.895953785304073,5.247606948737655,0.0,43.10237377059593,0.07045019175586731,2.4188641744637494,27.528448224579137,0.0,0.0
298,0.3427194439372556,0.2654460587711469,0.0,6.684138785499812,0.2654804956165435,0.0,27.19359907220516,0.0,0.0
299,0.0,0.0,0.0,12.678402337104956,0.0,0.0,14.310990178008893,0.0,0.0
300,12.257490425871907,0.0,0.0,14.084397332850926,0.0,0.0,23.092600388905794,0.0,0.0
301,0.0,0.0,0.0,2.646944852821264,0.0,0.0,0.0,0.0,0.0
302,11.607438497076089,0.8617262190471706,0.0,9.568243293120219,0.8617262190471706,0.0,5.400305216984464,0.0,0.0
303,54.07789880213403,0.0,6.32923558634991,9.641698600717433,0.6814664281669707,0.0,35.040640013964094,0.0,0.0
304,20.901543407201387,0.0,0.0,18.40224751161088,0.0,0.0,16.72760609237315,0.0,0.0
305,14.60160568862156,0.0,0.0,46.86270754936663,0.0,0.0,5.607177546543056,0.0,0.0
306,54.34449263194725,0.0,8.621414126452493,29.54812801573948,0.0,0.0,15.241671961125007,0.0,0.0
307,1.877731952027574,0.0,0.0,0.658357397083364,0.0,0.0,24.87894643130889,0.0,0.0
308,5.8810751593431405,0.0,0.0,7.60837234192465,1.0456383949414203,0.0,4.67538862758127,0.0,0.0
309,18.54297545507262,0.0,0.22609620392728402,6.038917677895483,0.0,0.0,9.933873884900066,0.5477942123808077,0.5477942123808077
310,27.310253384372317,0.0,0.0,23.19230522006481,0.0,0.0,28.670171391620727,0.0,0.0
311,8.950308720857095,0.0,0.0,14.585248830775043,0.0,0.0,13.992783435802522,0.0,0.0
312,51.86882343822387,1.7158818791511976,0.0,21.385391573762092,1.2245587012481565,0.0,22.71738992447132,0.0,0.0
313,8.466114221540948,0.0,0.0,2.7062657996529538,0.0,0.0,8.300148707279618,2.7408588182385643,0.0
314,0.0,0.2686213388030865,0.0,0.0,0.2686213388030865,0.0,0.0,0.0,0.0
315,43.983185025986074,0.5185491378978213,3.414346448918451,3.1703359263129016,0.0,0.0,1.0653995903483349,0.0,0.0
316,6.018195804684581,0.0,0.0,2.567817327859018,0.0,0.0,2.0635436156862283,0.0,0.0
317,10.927383012211578,0.0,0.0,21.441515898928515,0.0,0.0,9.858523744356944,0.0,0.0
318,1.3997969202763443,0.0,0.0,1.0437114374093994,0.0,0.0,1.043711309468847,0.0,0.0
319,17.193960935943096,1.8590923206753018,0.0,34.996500570198464,0.0,0.0,33.252366333522076,0.0,0.0
320,17.127285952945243,0.0,0.0,30.944791649123232,0.007415805119137531,0.0,13.96834783308475,0.0,0.0
321,8.640874469166164,0.49460508088628785,0.0,9.261616250602117,0.4595548452659841,0.0,8.63432023863902,4.500918355691681,0.0
322,13.4646448946161,0.0,0.0,27.072261246210047,0.0,2.615835119783924,7.952247290035274,0.0,0.0
323,18.34155840793977,0.0,0.0,9.594341396408339,0.0,0.0,16.648255782893415,0.0,0.0
324,6.359664885598079,0.0,0.0,4.735907473767213,2.8493763332356252,2.8493763332356252,4.659067124112994,0.0,0.0
325,18.36335928837849,0.0,0.0,13.199150758881672,0.0,0.0,2.433660455038364,0.0,0.0
326,10.259693259856647,0.0,0.0,8.015331497264896,0.0,0.0,16.204190875452753,9.948662330609011,0.0
327,21.93164364927037,0.9345438083366275,0.0,18.563636685888582,0.9345438072556931,0.0,63.67968163980987,0.0,0.0
328,1.0231921826512291,0.0,0.0,0.0,0.0,0.0,0.0,0.0,0.0
329,0.0,0.0,0.0,0.0,0.0,0.0,0.0,0.0,0.0
330,19.134402605528265,0.0,0.0,19.134402605528265,0.0,0.0,19.134402605528265,0.0,0.0
331,19.281590679111815,0.0,0.19434947495636834,17.77326899079739,0.0,0.0,14.583029353381562,0.0,0.0
332,37.2460044022813,0.0,0.0,47.55796817037216,0.0,0.0,23.323167992808038,0.4728798900824245,0.0
333,11.66737480321973,1.8421739381666953,0.0,15.904356296797886,0.0,0.0,5.811856781987956,0.0,0.0
334,9.977564483446798,0.0,0.0,25.60877187693177,0.0,0.0,17.098350014584668,0.0,0.0
335,0.6383380594129449,0.0,0.0,0.42810794229257,0.0,0.0,0.42810794229257,0.0,0.0
336,6.507954478606308,0.12829668352077306,0.0,6.507953844321065,0.12829668352077306,0.0,15.715208349438853,0.0,0.0
337,1.5105846493542288,0.0,0.0,1.4591541368407945,0.0,0.0,17.41688869865166,1.1779772389139112,0.0
338,16.935488697571515,0.0,0.0,4.263421099039306,0.0,0.0,39.00324220168531,0.0,0.0
339,35.29510515452222,0.2734769450139538,0.0,23.383724755683573,0.3743663826708712,0.0,149.63941246599686,0.0,0.0
340,11.026108371772892,0.0,0.0,3.1731820060646214,0.0,0.0,8.180414799294851,0.0,0.0
341,139.39489163219392,0.0,0.0,50.35936918231482,0.0,0.0,39.05317259230412,0.0,0.0
342,4.369290308797332,0.0,0.0,1.5592845380990639,0.0,0.0,1.9166895203157992,0.0,0.0
343,3.805575345686293,0.0,0.0,4.355751923356195,0.0,0.0,0.0,0.0,0.0
344,19.997195826633316,0.0,0.0,27.63150097437176,0.0,0.0,27.878598674482078,0.0,0.0
345,17.98123218323346,0.0,0.0,14.554715390290738,0.0,0.0,23.672000084288527,0.0,0.0
346,15.161067244878012,0.0,0.0,14.361832131526455,0.0,0.0,11.512521363244986,0.0,0.0
347,43.563225829878064,0.4312287071424521,0.0,9.249948268441074,0.12538102377868654,0.0,18.840664909187296,0.0,0.0
348,8.2680772092842,0.0,0.0,8.11457485071179,0.0,0.0,8.11457485071179,0.0,0.0
349,4.403774101510891,0.38563138852728684,0.38563138852728684,0.8000126288136755,0.0,0.0,0.7684682640737037,0.0,0.0
350,0.0,0.0,0.0,0.0,0.0,0.0,0.0,0.0,0.0
351,15.188648205915655,0.0,0.0,1.4175330638932735,0.0,0.0,1.4175330638932735,0.0,0.0
352,22.127236543573815,0.0,0.0,10.731182038504642,5.943424359813321,0.0,68.99382949457589,0.0,0.0
353,15.03208668856007,0.0,0.0,19.264365055153092,0.0,0.0,0.8185237620724592,0.0,0.0
354,4.609404071566303,0.0,0.0,18.315889688451023,0.0,0.0,3.0532078759467254,0.0,0.0
355,17.048606724839743,0.1810838466893756,0.0,9.283087861261805,0.1810838463785558,0.0,9.28308786127755,0.0,0.0
356,0.24960004799442004,0.0,0.0,7.950218249918521,0.0,0.0,2.3098761786973228,0.0,0.0
357,0.0,0.0,0.0,0.4879204788240372,0.0,0.0,7.16635701019257,0.0,0.0
358,0.0,0.0,0.0,0.0,0.0,0.0,0.0,0.0,0.0
359,0.0,0.0,0.0,0.0,0.0,0.0,0.0,0.0,0.0
360,6.123757341185666,0.0,0.0,29.20543093259704,0.0,0.0,9.207627058957883,0.0,18.166187001400772
361,5.806101413540063,0.0,0.0,54.29640417322355,0.27964383519295666,0.0,6.062395896187013,0.0,0.0
362,0.30490773489680123,0.0,0.0,1.5685344305938997,0.0,0.0,0.31940645731629047,0.0,0.0
363,13.169870503574714,0.0,0.8432888631652986,4.74227125457611,0.0,0.0,4.6420650259080105,0.0,0.0
364,7.561728883927657,0.0,0.0,1.5096084555667062,0.0,0.0,24.939319756668738,0.0,0.0
365,6.125077814200921,0.0,0.0,6.125037665149165,0.0,0.0,6.125037665149165,0.0,0.0
366,9.373912452881711,0.0,0.0,5.0658199861204025,5.800774620523555,5.800774620523555,4.547086877466825,0.0,0.0
367,21.793732311388965,0.0,0.0,9.9415755859674,0.0,0.0,9.556493163861177,0.0,0.0
368,3.922731560813048,0.0,0.0,4.374772057407,0.0,0.0,9.261545750566569,0.0,0.0
369,12.122215023656224,0.0,0.0,6.051859958984323,0.0,0.0,85.46445636660133,1.764906441805465,0.0
370,8.254205120002126,0.0,0.0,21.496834912928676,0.0,0.0,10.462026129273823,0.0,0.0
371,12.971637530580352,0.0,0.0,2.5782019364349367,0.0,0.0,8.843715559067704,0.0,0.0
372,8.08940129294075,0.0,0.0,30.793087681844383,0.0,0.0,20.64729479632311,0.0,0.0
373,2.562966298687229,0.0,0.0,0.0,0.0,0.0,15.376997096350095,0.0,0.0
374,5.1389420938058095,0.0,0.0,39.88795002744567,2.0192700232296374,0.0,9.879044699725199,0.0,0.0
375,0.0,0.25305984103994206,0.0,0.0,0.25305984103994206,0.0,0.0,0.0,0.0
376,1.0435509092914685,0.0,0.0,3.944087103546366,0.0,0.0,0.0,0.0,0.18093346450768877
377,0.878014356328265,0.0,0.0,46.190895751276685,0.0,0.0,69.88301271574599,35.786325574234695,2.4337369761472303
378,13.79816441781071,0.0,0.0,11.361613026770414,0.8266215658420606,0.0,2.629511618384498,0.0,0.0
379,8.30741027533341,0.0,0.0,6.666980757554285,0.0,0.0,77.03441160458542,22.2019076374433,0.0
380,0.0,0.0,0.0,0.0,0.0,0.0,0.0,0.0,0.0
381,53.821029756557465,0.0,0.0,6.095544088173398,0.0,0.0,119.60024308312006,0.0,0.0
382,7.25127682675182,0.0,0.0,37.514584520340236,1.1665711710718938,0.0,4.931832856011198,16.145105357524642,0.0
383,3.957117992287351,0.0,0.0,9.837213704782357,0.0,0.0,2.9650052408819647,0.0,0.0
384,45.75366813212736,2.8635198829853152,0.0,54.643212903839725,0.0,0.0,4.030522959616633,0.0,0.0
385,3.0245384653551923,0.0,0.0,0.30334582492901063,0.0,0.0,0.0,0.0,0.0
386,2.9227019855435117,0.0,0.0,0.0,0.0,0.0,0.0,0.0,0.0
387,26.47789649247224,0.0,0.0,2.796625111018841,0.0,0.0,3.048053452288684,0.0,0.0
388,24.19687097549911,0.0,0.0,30.64219807186089,0.0,0.0,21.58185428190302,0.0,0.0
389,62.83696569118089,0.0,0.0,28.273157364599115,0.0,0.0,60.14822857796443,0.0,0.0
390,3.7387953151522026,0.0,0.0,13.986944809261843,0.0,0.0,4.305903011806265,0.0,0.0
391,10.956530862374223,0.0,0.0,30.375452302687933,0.0,0.0,8.785329469521372,0.0,0.0
392,20.75422218446039,0.0,0.0,22.411918386333554,0.0,0.0,15.648898767660882,0.0,0.0
393,5.872674933575183,5.220690020399331,0.0,3.0288977012438636,1.0535967239743513,0.0,12.645659835275524,0.0,0.0
394,13.212044128427948,0.0,0.0,16.533678087999192,1.3480529883619852,0.0,19.515946181069012,0.0,0.0
395,16.64673779697364,0.0,0.0,20.403161410252693,0.0,0.0,11.21802399303013,0.0,0.0
396,48.44708590679181,0.0,0.0,45.00773249683658,0.0,0.0,16.209582523289697,53.227906465276135,0.0
397,6.088203777733554,0.0,0.0,0.0,0.0,0.0,0.0,0.0,0.0
398,2.701530069336769,0.0,0.0,0.2471085509060913,0.0,0.0,0.0,0.0,0.0
399,11.510581992318663,0.0,0.0,2.9393129741122834,0.0,0.0,1.0004637404076675,0.0,0.0
400,8.938820620251335,0.0,0.0,6.163981451262941,0.0,0.0,23.794265291199906,0.0,0.0
401,28.558707463497655,1.4836044594250666,0.0,19.10813449343567,0.0,0.0,15.61111994532726,0.0,0.0
402,30.01829857767808,0.0,0.0,30.02412724727506,0.0,0.0,76.86560151919807,0.0,11.896802596888108
403,0.0,0.0,0.0,9.741587984593963,4.928580594564664,0.0,32.89508494187933,0.0,0.0
404,15.224211804922646,0.0,0.22231134894286697,13.738282461613977,0.0,0.0,24.728059214290653,0.0,0.0
405,0.1486494444239952,0.0,0.0,0.0,1.7236169451587102,0.0,0.0,0.0,0.0
406,31.29052161674116,1.7541325808164743,0.0,33.36081147622701,0.0,0.0,6.717226497089229,0.0,0.0
407,0.0,0.0,0.0,1.8758807612638293,0.5435857418106025,0.0,179.41240249732627,0.0,0.0
408,22.49000911300459,0.0,0.0,15.3948556959989,0.8660183790273663,0.8660183790273663,5.188371422928782,0.0,0.0
409,5.831911504762132,0.0,0.0,7.078847715160464,0.0,0.0,1.0009002332317323,7.666762847087796,0.0
410,1.4088154577415821,0.0,0.0,0.0,0.0,0.0,0.0,0.0,0.0
411,30.84424961869422,0.0,0.0,14.142279580090701,0.0,0.0,30.574499897048412,0.0,4.053304339704198
412,0.0,0.0,0.0,0.0,0.0,0.0,13.022484932012418,0.0,0.0
413,2.364926648514654,0.0,0.0,1.133868069526045,0.0,0.0,10.728156313342254,0.0,6.062721746509396
414,8.564242972972522,0.0,0.0,9.720855611433336,0.0,0.0,7.375745333127924,0.0,0.0
415,0.21609254735045624,0.0,0.0,0.20113420015394468,0.0,0.0,12.009674068831401,0.0,0.0
416,12.688666600388785,0.0,0.0,25.534260965848404,2.7321984130396686,0.0,34.05522823945819,0.0,0.0
417,34.772583586823686,0.0,0.0,137.09514679176218,0.0,0.0,43.75632821620127,0.0,0.0
418,2.6610439490247586,0.04263823775374931,0.0,4.169260470280392,4.361542243440226,0.0,4.045736824826804,0.20807213655746182,0.0
419,15.272299140251647,0.0,0.0,2.9412621670369106,0.0,0.0,0.6117025177368305,0.0,0.0
420,11.242313843423204,0.0,0.0,3.441669417092868,0.0,0.0,3.441669417092868,0.0,0.0
421,20.853299194683586,0.0,0.0,32.80510280411832,0.0,0.0,17.339357532272373,0.0,0.0
422,18.913133553186043,0.0,0.0,15.70806914413464,0.0,0.0,15.716470601822124,5.992124633747153,0.0
423,14.185775060658102,0.0,0.0,0.15677983926241268,0.0,0.0,8.213680508197996,3.6595611061094644,3.6595611061094644
424,0.0,0.0,0.0,29.082449788402357,0.0,0.0,0.0,0.0,0.0
425,1.8392956392812607,1.3014087211392962,0.0,0.0,0.0,0.0,0.0,0.0,0.0
426,0.0,0.2940669281168198,0.0,1.0845862220435833,0.4471723018656917,0.0,0.0,0.0,0.0
427,14.41870677607534,1.3123463769043155,0.0,5.42691910162398,0.0,0.0,8.107225573390224,0.0,0.0
428,0.0,0.0,9.378431459572226,0.7532772773143392,0.7532772773143392,0.0,24.293346055179,0.0,1.7551175024908616
429,19.786374882277528,0.0,0.0,21.773812360567348,0.0,0.0,19.419133793689724,0.0,0.0
430,10.298008987893667,0.019824975434744374,0.0,10.798351516036007,0.01982497541024486,0.0,21.02937067898887,0.0,0.0
431,4.231304661530373,4.162282577288977,0.0,0.026837915584792427,0.0,0.0,0.026837915584792427,0.0,0.0
432,18.536084396986183,0.0,0.0,24.369235100271453,2.758403985416294,0.0,14.88805039125586,0.0,0.0
433,12.565074296221752,0.00622555472222075,0.0,2.0022611654380853,0.006225554599609495,0.0,32.28386688593588,0.0,0.0
434,1.311545950714958,0.0,0.0,6.74825527959581,1.9074184624139434,0.0,2.5576879176823013,0.23230692011537712,0.23230692011537712
435,18.47501149576209,0.0,0.0,5.3151009469593475,0.0,0.0,2.062398612176196,0.0,0.0
436,6.701055675827803,0.0,0.0,13.688741402368692,2.7189927248879826,0.0,17.763566895422457,0.0,0.0
437,15.613434541819515,0.0,0.0,15.979829731739613,1.7426153850184392,0.0,21.940799811488233,3.8029988086288427,0.0
438,5.650087197661975,0.3882789004167648,0.0,5.9448104831919295,0.3837995656416524,0.0,6.097974081582748,0.0,0.0
439,5.367750459810168,0.0,0.0,9.99915379897422,0.0,0.0,11.534832322140062,0.0,0.0
440,2.8253797044640407,0.0,0.0,10.401528916496659,0.0,0.0,2.8567992843429693,0.0,0.0
441,22.80803459514439,0.0,0.0,18.426959552151914,0.0,3.114155797745809,5.148869331848118,0.0,0.0
442,4.070685504483947,0.0,0.0,0.0,0.0,0.0,0.0,0.0,0.0
443,17.290820760591174,0.0,0.0,7.609634676454135,0.0,0.0,4.9822133198060214,0.0,0.0
444,13.346253838676603,0.25306946726101387,0.0,14.377808078111741,0.24348626956810904,0.0,0.0,0.0,0.0
445,0.0,0.0,0.0,1.7686853704127543,0.0,0.0,32.539523612196945,0.0,0.0
446,17.062329287977263,0.0,0.0,12.587022946871912,0.0,0.0,12.355008526117558,0.0,0.0
447,1.2554824535186526,0.0,0.0,2.042367404233403,0.0,0.0,1.7698183579854003,7.823303082455482,0.0
448,2.2069704660006835,0.3047633747563623,0.3047633747563623,0.22631042212850616,0.0,0.0,0.22631042212850616,0.0,0.0
449,0.7912035206533687,1.955008466302786,0.0,0.0,0.0,0.0,0.0,0.0,0.0
450,36.92670321125229,1.630677441899536,0.0,46.654039913174245,2.1580103873774306,0.0,27.085931208875536,0.0,0.0
451,22.489785334535043,0.0,0.0,18.278297177882195,0.0,0.0,15.420107115272202,0.0,0.0
452,15.415900411767723,0.09029991882215427,0.0,17.09723989766809,0.09029991887166489,0.0,9.501779424969158,0.0,0.0
453,0.0,0.0,0.0,10.485375057018501,0.41789653222693346,0.0,11.52803316671418,0.0,0.0
454,36.721577684867185,0.0,0.0,67.76952536380085,0.0,0.0,14.483496362761628,0.0,0.0
455,0.0,0.0,0.0,0.0,0.0,0.0,0.0,0.0,0.0
456,22.378032381149097,0.0,0.0,45.747330392077345,4.226863312246053,0.0,181.6553317815403,0.0,0.0
457,2.0586077133178264,0.0,0.0,1.5479250809339078,0.0,0.0,13.37740696740326,2.380617621812462,2.380617621812462
458,11.711808783077316,0.0,0.0,57.71358479610976,0.0,0.0,18.74245762197515,7.1454806116057625,0.0
459,6.8464457955523415,1.358861590038373,0.0,14.95291301086533,0.0,0.0,32.55255503483795,0.0,0.0
460,28.705752018043228,0.0,0.0,55.86400161028007,3.0092482546926647,0.0,44.914516472617095,0.0,0.0
461,3.035262235432697,0.0,0.0,3.035262235432697,0.0,0.0,18.225168869140532,0.0,0.0
462,2.4026953921941185,0.0,0.0,20.621731734041504,0.0,0.0,80.73578536691409,0.0,0.0
463,0.0,0.0,0.0,25.735266363126385,0.0,0.0,0.0,0.0,0.0
464,14.698374262088066,0.0,0.0,17.529279775266588,0.0,0.0,19.10623369454396,0.0,0.0
465,1.4543827458955434,0.0,0.0,1.4543827458955434,0.0,0.0,1.4543827458955434,0.0,0.0
466,0.0,0.0,0.0,6.754301228945735,0.0,0.0,0.18154133584866372,0.0,0.0
467,6.591608388746124,0.4381978754598208,0.0,17.919482083112484,0.0,0.0,50.410805527080925,61.33764239904582,0.0
468,23.471615780597006,0.0,0.0,39.258849545951136,3.963592163740884,0.0,37.621356086074826,0.0,0.0
469,25.79252545825659,0.0,0.0,8.991574270209554,0.0,0.0,32.64039785048578,0.0,0.0
470,1.1098017965294105,0.0,0.0,0.0,0.0,0.0,0.0,0.0,0.0
471,1.6274382637606095,0.0,0.0,0.0,0.0,0.0,0.0,0.0,0.0
472,0.0,0.0,0.0,0.0,0.0,0.0,0.0,0.0,0.0
473,28.742843688708206,0.0,0.2184098206907379,32.760896135498854,0.0,0.0,11.395911808595145,0.0,0.0
474,16.212309305916023,0.0,0.0,15.367496106132137,0.0,0.0,23.884106808329904,0.0,0.0
475,0.0,0.0,0.0,0.0,0.0,0.0,0.0,0.0,0.0
476,14.60291711508782,0.5251496541298479,0.0,29.232483033092535,0.5251496541298479,0.0,26.510203121879954,0.0,0.0
477,2.241487187247799,0.0,0.0,2.1957276585541763,0.0,0.0,9.351400033381651,0.0,0.0
478,14.87794719180556,0.5509469194502117,0.0,21.749626412039476,0.5518456370517697,0.0,14.876572338464285,0.0,0.0
479,7.910911532591143,0.0,0.0,9.644866437836441,0.0,0.0,29.30195374075754,0.0,0.0
480,7.169010987509182,0.0,0.0,6.214517056120172,0.0,0.0,67.61159082173106,0.0,0.0
481,9.470853933187158,0.0,0.0,27.35497714107899,0.0,0.0,22.715831247352213,0.0,0.0
482,8.538099003188165,0.0,0.0,20.647964387087796,0.0,0.0,8.895715008803307,0.0,0.0
483,3.3235526236528017,0.0,0.0,0.0,0.0,0.0,0.0,0.0,0.0
484,25.6861162746398,0.0,0.0,25.002443121208387,0.0,0.0,58.020133304938156,0.0,0.0
485,35.13531905024195,0.0,0.0,113.57756667384547,21.55602126962532,0.0,80.76407362832211,1.7528742379709286,1.7528742379709286
486,22.55573161231868,0.0,0.0,28.797453964079153,0.0,0.0,29.358796417905864,12.006058804099439,2.8080853472346803
487,2.680866360866389,0.0,0.0,2.749906873647376,0.0,0.0,2.5422424556366536,0.0,0.0
488,14.69004211254051,0.0,0.0,11.258378205672841,0.0,0.0,9.983003309605294,0.0,0.0
489,0.0,0.0,0.0,2.5544711405704277,0.0,0.0,0.0,0.0,0.0
490,4.469064028979034,0.0,0.0,9.74923983247993,0.0,0.0,5.717980124264329,0.0,0.0
491,16.04584365296344,1.1024737759273648,0.0,1.9930449303713544,0.0,0.0,1.501412454580361,0.0,0.0
492,8.525701593808009,0.0,0.0,9.114573551011375,0.0,0.0,4.4905280261178575,0.0,0.0
493,9.231709354550901,0.0,0.0,0.35329470878906477,0.0,0.0,0.0,5.404502003871983,0.0
494,45.5450109910108,0.0,0.0,20.368060549713647,0.0,0.0,38.80407223586349,0.0,0.0
495,2.8795578906849357,0.0,0.0,0.0,0.0,0.0,39.744432772292186,0.0,0.0
496,12.463653762874316,0.0,0.0,24.370293831722535,2.8347757476012987,0.0,2.901687880525884,0.0,0.0
497,14.026766931075628,0.0,0.0,0.0,3.768332782867276,0.0,84.52187464926666,2.9097540217495634,0.0
498,1.5606745667427617,0.048957079213323595,0.0,8.133511594661314,0.0,0.0,12.821487984522548,0.8790220109927418,0.0
499,10.73745841038675,0.0,0.0,44.30728180259675,0.0,0.0,32.460619032634696,2.532431341806671,0.0
500,10.742148606483028,0.0,0.0,8.46611814583872,0.0,0.0,0.039042540356717836,0.0,0.0
501,17.077342504874167,0.0,0.0,33.76204790261886,1.7321880228113855,0.0,14.11985215987292,0.0,0.0
502,11.903237396936959,0.0,0.0,4.553697056443696,0.0,0.0,4.553697056443696,0.0,0.0
503,17.591900054434745,0.0,0.0,7.317065207395103,0.0,0.0,4.113755732918037,0.0,0.0
504,44.706344786749725,0.0,0.0,17.004141646381754,0.0,0.0,8.735999499498007,0.0,0.0
505,0.0,0.0,0.0,5.1516533917300364,0.0,0.0,0.0,0.0,0.0
506,8.16457096576977,0.0,0.0,5.753709133218933,0.0,0.0,3.404697002901173,0.0,0.0
507,62.87732680925146,0.11230730807534428,0.0,11.154911267049272,0.0,0.0,9.276928794928097,0.0,0.0
508,2.4863943264664385,0.0,0.0,2.2255844001469143,0.0,0.0,2.2255844001469143,0.0,0.0
509,3.4770831511835922,0.0,0.0,1.5778216264478147,0.0,0.0,1.5778216264478147,0.0,0.0
510,5.9525746141122795,0.0,0.0,6.006677803267394,0.0,0.0,3.290966963772746,0.0,0.0
511,7.512371197165663,0.0,0.0,7.668666544815039,0.0,0.0,16.413075418320233,1.6525343624929292,0.0
512,0.0,0.23960248572296905,0.0,0.0,0.23960248572296905,0.0,0.0,0.0,0.0
513,13.836565660005391,0.11942293997367415,0.0,148.93571399697043,34.866188466231165,0.0,22.047767901900556,0.0,0.0
514,8.03303643545928,0.8495844970955773,0.0,13.15297124568741,0.12420941471214064,0.0,16.310535337883977,0.0,0.0
515,2.5419705296154973,0.0,0.0,2.5416833732425346,0.0,0.0,2.5416833732425346,0.0,0.0
516,9.030182325237831,0.0,0.0,9.010973928121075,0.0,0.0,9.010973928121075,0.0,0.0
517,0.24202412700213927,0.0,0.0,3.2142946506141357,3.6284498383321306,0.0,0.24180517633152476,0.0,0.0
518,14.456983606502007,0.0,0.0,8.122354188174029,0.0,0.0,49.308598573756086,0.0,0.0
519,6.925005169339215,0.0,0.0,7.433706784998975,0.0,0.0,9.053280189670005,0.0,0.0
520,12.121189759629857,0.0,0.0,15.170703809820708,0.0,0.0,3.926428683281216,0.0,0.0
521,25.865322750635016,0.0,0.0,4.973383094751881,1.2999004027646492,0.0,5.206165592836157,0.0,0.0
522,13.951943786163923,0.3291352244308996,0.0,7.065626225696633,0.3016633106512927,0.0,33.2033525693808,0.0,0.0
523,15.292444877636314,0.0,0.0,7.468580766625479,3.673740682937307,3.673740682937307,6.344423826220549,0.0,0.0
524,9.571849041192962,0.0,0.0,31.376788933239766,0.0,0.0,36.59751003086822,0.0,9.771135161176232
525,22.311922553485488,0.0,0.0,25.79853621475604,0.0,0.0,17.372663701971277,0.0,0.0
526,19.714229001173663,0.0,0.0,20.51710396685087,1.6062128862250233,0.0,17.337814340784405,0.0,0.0
527,1.0368016420150639,0.0,0.0,12.622717433471308,2.123642582982029,0.0,0.0,0.0,0.0
528,0.0,0.0,0.0,0.0,0.0,0.0,6.265938773814241,0.0,0.0
529,1.468167868752687,0.0,0.0,0.0,0.0,0.0,0.6552381851524558,0.0,0.0
530,10.079840187663478,0.0,0.0,10.426978153338382,0.0,0.0,18.148492381747502,0.0,0.0
531,2.5251851985586313,0.0,0.0,2.5058014681994223,0.0,0.0,2.5058014681994223,0.0,0.0
532,4.423214976123376,0.0,0.0,2.235426618930262,0.09430311465990826,0.0,0.0,0.0,0.0
533,10.03880092123552,0.0,0.0,9.441541642029847,0.0,0.0,13.215288300586934,0.0,0.0
534,1.8287271151231153,0.0,0.0,7.174510219182082,0.0,0.0,3.345607514211679,9.063953844870014,1.189716063164667
535,6.031665278473582,0.0,0.0,6.238058507238321,0.0,0.0,1.2454493437593328,0.0,0.0
536,16.388794887351537,0.0,0.0,30.1701165775346,0.0,0.0,24.899954067179976,0.0,6.895081891790198
537,3.486059464994952,0.5808126769858291,1.5451741696983845,0.6396160541544589,0.06685310299508274,0.0,0.6396160541544589,0.0,0.0
538,34.004778981641806,0.0,0.0,52.883480381685814,0.0,0.0,104.93214243748685,9.556791841396091,0.0
539,12.062129361542617,0.0,0.0,22.195492759628735,0.0,0.0,18.849863974325416,0.0,0.0
540,48.46060438820837,0.0,0.0,33.908179094165604,0.0,0.0,24.967345867619343,0.8470451553256169,0.8470451553256169
541,36.65966709959912,0.0,0.0,14.067276772137575,0.0,0.0,11.719044718100434,0.0,0.0
542,0.18978162638956064,0.0,0.0,14.460158858442753,0.0,0.0,10.959805270399215,0.0,0.0
543,1.7369530323846334,0.0,0.0,0.9336537243420935,0.0,0.0,0.9336537243420935,0.0,0.0
544,2.149723654513622,0.0,0.0,3.1047357880266304,0.05461763080620585,0.0,0.0,0.0,0.0
545,0.0,1.4316102679789537,0.0,0.0,1.4316102679789537,0.0,5.87831667218353,0.0,0.0
546,0.0,0.0,0.0,3.9822438786619045,1.0859746874445761,0.0,0.0,0.0,0.0
547,32.74135071267989,0.0,0.0,41.06173551851714,1.0361405867137137,4.2847879800375495,175.5786085426208,0.0,0.0
548,32.37739360563586,0.0,0.0,9.972420469114383,0.0,0.0,9.694599578982917,0.0,0.0
549,5.063732609549135,0.0,0.0,48.700956932269634,5.832621077913473,0.0,9.045195036028701,0.0,0.0
550,26.12680920918052,0.0,0.0,0.0,0.0,0.0,185.63295675324767,0.0,0.8578354915556474
551,0.0,0.0,0.0,0.0,0.0,0.0,0.0,0.0,0.0
552,20.36128078643651,0.4520703883514443,0.0,23.229868314041028,0.41287716441195244,0.0,13.920262425492865,0.0,0.0
553,11.84300781309804,0.0,0.0,2.852948796335852,0.0,0.0,20.383123396609108,0.0,0.0
554,7.549546900202955,0.0,0.0,8.312465796173399,0.0,0.0,4.100731586179734,0.0,0.0
555,11.941200090055133,0.0,0.0,12.963845251058672,0.0,0.0,13.181809398629866,0.0,0.0
556,2.014656519353508,0.0,0.0,0.10440624901519868,0.0,0.0,5.007822897537494,53.96369963784451,0.0
557,8.316429160118872,0.0,0.0,8.316429160118872,0.0,0.0,8.316429160118872,0.0,0.0
558,8.622635046517985,0.0,0.0,5.394804758669153,0.0,0.0,5.615716330931747,0.0,0.0
559,32.552299040804655,0.0,0.0,46.82323879287719,0.0,0.0,37.50098598399606,0.0,0.0
560,3.634634345385166,0.0,0.0,0.0,0.0,0.0,0.0,0.0,0.0
561,4.786726117332364,0.0,0.0,5.369528371313777,0.0,0.0,2.322445545201475,0.0,0.0
562,10.8085816678541,0.0,0.0,10.483601327371133,0.0,0.0,10.483601327371133,0.0,0.0
563,20.803272106986185,5.281765032411329,0.0,33.60173178205093,1.1824956754328468,0.0,25.740600925601683,1.0017923610309936,0.0
564,22.532723853073264,0.9226179458377146,0.0,26.941542962439314,0.0,1.5462371660038912,26.16373540108856,0.0,0.0
565,9.559628690362729,0.0,0.0,18.566755848167446,0.0,0.0,9.147716973503293,0.0,0.0
566,15.982288703117916,0.0,0.0,13.925236628496435,0.0,0.0,13.925236628496435,0.0,0.0
567,5.507573972112709,0.0,0.0,5.48380502776962,0.0,0.0,5.48380502776962,0.0,0.0
568,15.467256851145322,0.0,0.0,19.06207432365028,0.0,0.0,106.44617056335144,0.0,0.0
569,19.538921873398266,0.0,0.6768884841429781,0.2983681961729303,0.0,0.0,1.1931247532577913,0.0,0.0
570,16.754188684339766,0.0,0.0,11.68348216898815,0.0,2.6689039411298268,4.275317949275461,0.0,0.0
571,11.012297561593869,0.0,0.0,11.012297561593869,0.0,0.0,11.012297561593869,0.0,0.0
572,17.43410980361142,0.0,0.0,55.86290595737367,0.0,0.0,14.190394576946318,0.0,0.0
573,0.0,0.0,0.0,8.291702732754317,0.3160195940210144,0.0,10.284740800894781,0.0,7.8825185748629565
574,2.7444845154246025,0.0,0.0,14.446733664455593,0.0,6.44982348773101,1.6913712121025242,0.0,0.0
575,4.282851539564973,0.19459926717695453,0.0,20.754409413757543,0.0,0.0,5.932766399433177,0.0,0.0
576,35.71918067760305,0.0,1.6921309956534003,17.197083388380122,0.0,0.0,21.10270599267878,0.0,0.0
577,88.05536431160499,0.0,0.0,23.11181558368378,0.0,0.0,18.633923633080343,0.0,0.0
578,15.30778823182385,0.0,0.0,14.736264220178043,0.0,0.0,14.736264220178043,0.0,0.0
579,2.781317446113775,0.0,0.0,0.5226058467734447,0.0,0.0,1.8600731268749087,0.0,0.0
580,13.343851812345378,1.0403705262908716,0.0,14.636732738001626,2.095394024000143,0.0,26.909167685332193,0.0,0.0
581,74.815922671468,0.0,6.140378578401425,12.806420414539275,0.0,0.0,82.25607952282172,0.0,0.0
582,17.485544880027845,0.0,0.0,17.37120697851364,0.0,0.0,17.37120697851364,0.0,0.0
583,10.520805459141059,0.0,0.0,0.0,0.0,0.0,1.730092696382087,0.0,0.0
584,13.9164927676089,0.0,0.0,15.760419521170917,12.235682511337785,0.0,16.902799044555508,0.0,0.0
585,14.584050855524396,1.520839050874315,0.0,105.70314679096583,5.14562666907284,0.0,10.77420361908662,0.0,0.0
586,12.503086910021239,0.0,0.0,29.064550997084694,0.0,0.0,15.644711548539732,0.0,0.0
587,0.29501503026460796,0.0,0.0,0.0,0.0,0.0,14.32493052897712,0.0,0.0
588,15.081662014850906,0.2502038921368239,0.0,19.917165772985612,0.2502038921368239,0.0,15.954182126230421,0.0,0.0
589,26.33284844326002,0.0,0.0,18.30588741835038,0.0,0.0,3.686850216058531,0.0,0.0
590,5.600614730054474,0.0,0.0,6.121755552546006,0.0,0.0,5.427138122285385,0.0,0.0
591,4.582198573924359,0.0,0.0,4.582198573924359,0.0,0.0,4.582198573924359,0.0,0.0
592,14.767241382732522,0.0,0.0,14.237458085582176,0.0,0.0,12.66899700150364,0.0,0.0
593,0.8527561213825834,0.0,0.0,3.159899790302916,0.0,0.0,0.8473218911878462,0.0,0.0
594,39.12781226920117,0.0,0.0,13.786301001384857,0.5146111208955801,0.0,21.38194575532094,0.0,0.0
595,17.891010213080193,0.0,0.0,18.027334686124618,0.0,0.0,17.834146546857994,0.0,0.0
596,0.6341125341764098,0.0,0.0,9.70381349278071,0.0,0.0,0.18995611005240676,0.0,0.0
597,18.46093425044654,0.0,0.0,17.15896317907982,0.0,0.0,34.66411358269474,0.0,0.0
598,0.0,0.0,0.0,0.05488584708024291,0.0,0.0,0.0,0.0,0.0
599,23.500524434855805,0.0,0.0,19.020466743977835,0.0,0.0,30.51888627954216,0.0,0.0
600,7.677562498119357,0.0,3.530501859523838,0.2987761297391103,0.0,0.0,49.74572856297877,0.0,0.0
601,7.1198381892920395,0.0,0.0,0.0,0.0,0.0,0.0,0.0,0.0
602,38.62870994930992,0.0,0.0,26.34858619475915,0.0,0.0,37.8965132993234,0.0,0.0
603,25.476492384397176,1.418672965938299,0.0,4.888242083038222,0.3095811591792881,0.0,7.623838683057073,0.0,0.7318719739876087
604,11.53966534428659,0.0,0.0,9.395937497247331,0.0,0.0,17.594682534796505,0.0,0.0
605,0.0,0.0,0.0,0.0,0.0,0.0,1.2944797623877662,0.0,0.0
606,32.51490130075484,0.0,0.0,24.960526656871735,0.0,0.0,35.560085848155154,0.0,0.0
607,6.799078181296153,0.0,0.0,4.697500513076761,0.0,0.0,0.0,0.0,0.0
608,0.0,0.0,0.0,1.5785851483036595,1.5785851483036595,0.0,0.0,0.0,0.0
609,24.733011714265217,0.0,0.0,26.64105215012006,0.0,0.0,23.971553860512728,0.0,0.0
610,7.503770462809314,0.0,0.0,7.52155000117304,0.0,0.0,2.684637361696957,0.0,0.0
611,20.90204774254329,0.0,0.0,4.171650028960414,0.0,0.0,20.93048511020953,0.0,0.0
612,15.077790921422348,0.0,0.0,2.938415092007972,0.0,0.0,5.406576198333738,0.0,0.0
613,1.9603580639933966,0.0,0.0,0.058347944294553145,0.0,0.0,0.058347944294553145,0.0,0.0
614,6.922853641800117,1.2742950025883033,0.0,12.317993554838523,0.0,0.0,3.5932119131690854,0.0,0.0
615,5.919368435354642,3.342275400938206,0.0,9.07673833102129,0.0,0.0,15.32865341125563,0.0,0.0
616,28.18260800100029,0.0,0.0,10.311523964058665,0.0,0.0,2.820085662730719,0.0,0.0
617,1.5296856695233032,0.0,0.0,1.9832092440024098,0.0,0.0,0.34542301522918706,0.0,0.0
618,7.557649520935655,0.8120624932544729,0.0,8.705132218405055,0.6017908635606659,0.0,31.014770502995475,4.531918725014066,0.0
619,3.6753907875712457,0.0,0.0,3.675390787563174,0.0,0.0,3.675390787563174,0.0,0.0
620,17.422933614759245,0.5504873317486272,0.0,29.530352322431867,0.5504873317486272,0.0,97.32046903117208,19.861621591758194,2.813633982083502
621,4.859783105944757,0.0,0.0,8.611999583883573,0.0,0.0,5.052851782672576,0.0,0.0
622,7.3470388473525645,1.2216428582846106,0.0,7.430962029900087,1.222631586122418,0.0,1.4400558683065015,0.0,0.0
623,33.427929924326605,0.0,2.221267944660383,23.147337520053355,0.0,0.0,22.112900072025212,0.0,0.0
624,22.44970069870331,4.038976037827496,0.0,16.60427640570009,0.0,0.0,7.616654549423231,0.0,0.0
625,12.648767409824302,0.0,0.0,13.508176078610148,2.9558485617400834,0.0,10.392052477330054,0.0,0.0
626,10.262887599477239,0.2078316736651118,0.0,6.7038800615231935,5.411432153292225,0.0,26.75079203611986,0.0,0.0
627,9.007582745375856,1.8769221682617854,0.0,6.332867526017964,0.0,0.0,6.332867526017964,0.0,0.0
628,0.0,0.0,0.0,0.44551062116119056,0.0,0.0,21.131081945459357,0.0,0.0
629,38.41723843403605,0.6008082140400006,0.0,3.2680760691610544,0.0,0.0,0.0,0.0,0.0
630,1.6971987031427034,0.0,0.0,1.9109026941286515,0.0,0.0,0.0,0.0,0.0
631,1.9155412467720794,0.6899056451704269,0.0,40.444638669342254,0.6862228522956002,0.0,16.1379739470824,0.7646060157523493,0.0
632,7.635768393634805,0.0,0.0,7.64865403016438,0.0,0.0,3.8218391854158256,0.0,0.0
633,6.298879523689351,0.0,0.0,3.598605622185289,0.0,0.0,3.598605931694408,0.0,0.0
634,0.0,0.1370586954452051,0.0,0.0,0.13705868655654285,0.0,0.0,0.0,0.0
635,4.53483636184103,1.2082526383145478,0.0,3.0154570102295395,0.0,0.0,0.0,0.0,0.0
636,15.580600963382949,0.0,0.0,14.791589364965262,0.0,0.0,14.791589364965262,0.0,0.0
637,7.107746217190055,0.0,0.0,0.0,0.0,0.0,0.0,0.0,0.0
638,12.203660009482405,0.0,0.0,10.660868787649974,0.0,0.0,33.9113366993935,0.0,0.0
639,16.028878794463736,0.0,0.0,13.431813882846342,0.0,0.0,10.34343782830868,0.0,0.0
640,3.443057346374985,1.366240398772618,0.0,0.13380424905494692,0.6647425632544355,0.0,0.13380424905494692,0.0,0.0
641,15.67372306091491,0.0,0.025833929194590155,3.058974590317746,0.0,0.0,0.0,0.0,0.0
642,0.3056305376269961,0.0,0.0,5.450096522115672,0.0,0.0,55.6399841948259,0.0,0.0
643,0.0,0.0047331848744534,0.0,5.923784042548249,0.9617582617633502,0.0,25.845930403370858,0.0,0.0
644,12.145026826332582,0.0,0.0,12.08592402125467,0.0,0.0,12.088129724451704,0.0,0.0
645,38.73492023249895,0.0,0.0,22.62948742804346,0.0,0.0,29.29916761151685,0.0,0.0
646,48.807194221456484,0.0,0.0,30.962526994812634,0.0,0.0,23.690111388444137,3.0370550325346244,0.0
647,6.64455380828818,0.0,0.0,109.69988285601283,18.09824548585243,1.9808126929361265,20.653014473587234,0.0,0.0
648,1.7925721204414344,0.0,0.0,0.0,0.0,0.0,0.0,0.0,0.0
649,10.536809196173579,0.0,0.0,7.899447078590498,0.0,0.0,1.7585566820026202,0.0,0.0
650,8.138439751306038,0.0,0.0,12.986995427205358,0.0,0.0,2.2651640709633227,0.0,0.0
651,47.798449856020625,0.0,0.0,19.843810886653984,0.0,0.0,16.472760122421448,0.0,0.0
652,18.355076244314574,0.0,0.0,13.35379409070623,0.0,0.0,20.17766931133704,0.0,0.0
653,10.408289946205514,0.0,0.0,0.05389913865803919,0.0,0.0,0.0,0.0,0.0
654,23.909967870811613,0.0,0.0,29.514401530103385,0.0,0.0,107.86308024782991,15.441777079134283,0.0
655,0.0,0.0,0.0,4.306355796415431,0.24833419784334865,0.0,0.0,0.0,0.0
656,6.92000647357105,0.007828581514331745,0.0,20.373252958754733,0.007829515484047533,0.0,4.309457126261776,0.0,0.0
657,7.591087064470514,3.605765155778556,0.0,35.454993487786965,0.09012507213282106,0.0,92.20151756414961,59.994024589158755,0.0
658,19.97001926075015,0.0,0.0,8.209550141164101,0.0,0.0,0.09809558496385762,0.0,0.0
659,10.672573411398929,0.7050828934874289,0.0,13.347307910571772,0.7050828934874289,0.0,132.19774179266872,0.0,0.0
660,8.975055306661034,0.6052649598560151,0.0,20.445406720908323,0.0,0.0,18.738690387367996,0.0,0.0
661,3.68211087021092,0.0,0.0,12.752947740458808,1.8555414445040412,0.0,6.695272865950784,0.0,0.0
662,34.19952642002784,0.342901745156837,0.0,23.128149158466556,0.0,0.0,45.90258473434153,0.0,0.0
663,14.550168456078353,0.0,0.0,16.70678427795181,2.1347230027992623,0.0,13.104702339898523,0.0,0.0
664,6.8869857072624825,0.1538921139500644,0.0,4.267759338279006,1.242430866261941,0.0,19.340924172985325,2.5292801988118754,2.5292801988118754
665,1.5468134065565096,0.32797053762953965,0.0,2.4467881428077476,3.940298489285908,0.0,0.20300648764833795,0.0,0.0
666,0.5427090307432536,0.0,0.0,4.068530300256953,2.6474754047398505,0.0,0.0,0.0,0.0
667,19.258511942864317,0.0,0.0,26.469327165007456,0.0,0.0,13.390477882210405,0.0,0.0
668,16.359910074589948,0.3344553508307513,0.0,14.958189832622963,0.334455347001267,0.0,9.497752619640607,0.0,0.0
669,16.483434929091118,0.13472352574916613,0.0,15.320040082103048,0.13472090439029216,0.0,31.405158523518793,0.0,0.0
670,0.0,0.0,0.0,0.0,0.0,0.0,0.0,0.0,0.0
671,0.08728407592735721,0.0,0.0,0.005672758653076926,0.0,0.0,18.562943692097946,1.125507614092328,0.0
672,0.0,0.0,0.0,1.7919714444122974,2.483102754338802,0.0,10.55023713854061,0.0,0.0
673,11.849599626307793,0.0,0.0,22.21009662337201,2.9831537701487036,0.0,11.61753748805316,0.0,0.0
674,11.167833520811087,0.0,0.0,20.032177538372707,0.0,0.0,21.616207862475136,0.0,0.0
675,46.5191025555913,0.17541980010582847,0.0,18.083561384632958,0.0,0.0,23.1638374814236,0.0,0.0
676,3.2906024082676595,0.0,0.0,7.278491809849527,0.0,0.0,0.07597032631457523,0.0,0.0
677,0.6682123457752596,0.0,0.0,1.3161117772593798,0.0,0.0,0.2772963501358845,0.0,0.0
678,11.074594116017181,2.162012053977719,0.0,3.761594351225284,0.0,0.0,11.920182116876987,0.0,0.0
679,4.721509535441044,0.0,0.0,2.7460609210649807,0.0,0.0,0.0,0.0,0.0
680,7.3256357608917995,1.1102845542498585,0.0,16.218062111935524,1.880534740845519,0.0,11.275195217600157,0.0,0.0
681,0.0,0.0,0.0,0.0,0.0,0.0,10.868852230319987,0.0,0.0
682,8.651841865037966,0.0,0.0,21.418138396992987,0.0,0.0,8.649032947871518,0.0,0.0
683,0.0,0.20504760301901115,0.0,0.0,0.0,0.0,4.63518554547403,0.0,0.0
684,0.0,0.033135880592396916,0.0,0.0,0.033135880592396916,0.0,1.7660335098744042,0.0,0.0
685,11.76857806371936,0.0,1.791978787619172,10.883235824932626,0.0,0.0,37.04822243327058,0.0,0.0
686,13.363245954154621,0.0,0.0,11.797628867346106,0.0,0.0,12.600582672525917,0.0,0.31254960079894545
687,10.70146401475293,0.6357763006637356,0.0,15.545826144289123,0.5340557655254656,0.0,6.002096861789937,0.0,0.0
688,12.567110060355958,0.0,0.0,9.894629747729141,0.0,0.0,2.481741520119897,0.0,0.0
689,0.0,0.0,0.0,0.0,0.0,0.0,0.0,0.0,0.0
690,0.6415920184974198,0.0,0.0,6.806146646066679,4.367032121748764,0.0,5.616401805120546,0.8147535578268048,0.8147535578268048
691,7.5415312527418905,0.0,0.0,5.828094754716233,0.0,0.0,5.8280947542676245,0.0,0.0
692,36.36500970368371,0.0,0.0,29.831388222143516,0.0,0.0,42.09944949136451,0.0,0.0
693,19.718346987983182,0.06696934796553933,0.0,42.584226512818134,0.06696934796553933,0.0,0.0,0.0,0.0
694,1.429801306974241,0.0,0.0,0.0,0.0,0.0,0.0,0.0,0.0
695,11.633393792025004,0.0,0.0,0.3622410208625979,0.0,0.0,1.2122708955832877,5.4072402643907935,0.0
696,8.115861896036478,0.0,0.0,34.71888158362873,0.0,0.0,27.35381240606293,0.5203783639968265,0.0
697,7.049053929235214,0.0,0.0,2.689750593818161,0.0,0.0,3.4650667071998384,0.0,0.0
698,13.150122884707173,0.0,0.0,12.979390207241607,0.0,0.0,4.31152671118366,0.0,0.0
699,7.529265061273662,0.0,1.3585235910650795,12.758547279211825,0.0,0.0,13.79464341955429,0.0,0.0
700,0.0,0.0,0.0,35.788985339286995,0.0,1.4644500329861216,15.010273497306201,0.0,0.0
701,6.146646998229301,0.0,0.0,2.4779664086892694,0.0,0.0,2.487795312752496,0.0,0.0
702,31.112560637612347,0.0,0.0,45.078034797905474,0.0,0.0,25.05098905168279,0.0,0.0
703,1.8426649167284381,2.609616747873986,0.0,2.6116345174929734,0.0,0.0,0.0,0.0,0.0
704,7.023787100944702,3.8756272356152976,0.0,7.833143369038822,0.29089729927244434,0.0,56.78096296958057,0.0,0.0
705,33.41043614718592,0.0,0.0,60.538926495202844,2.3417388185139885,0.0,45.19807071128767,3.673638729380059,3.673638729380059
706,18.48869595329458,0.0,1.5606876312152735,61.87987716306381,1.5609844546377758,0.0,24.161057565693085,0.0,0.0
707,19.636195068592343,0.0,0.0,19.89586032929884,0.6408104145187963,0.0,10.30243446613423,0.0,0.0
708,12.252188151936394,0.0,0.0,14.468411981582676,0.0,0.0,11.831100926962932,0.0,0.0
709,2.313590559245597,0.0,0.0,79.3957078488543,0.0,0.0,6.889579623486213,0.0,0.0
710,21.674674650225683,0.0,0.0,25.614979118710835,0.05047216333571214,0.05047216333571214,22.533677304173466,0.0,0.0
711,6.80868059513935,0.0,0.0,0.0,0.0,0.0,13.093143831246636,0.0,0.0
712,0.3430902040350361,0.0,0.0,0.3430902040350361,0.0,0.0,0.3430902040350361,0.0,0.0
713,2.5949698172745457,0.0,0.0,1.6284986929003935,1.9821662724414182,1.9821662724414182,0.0,0.0,0.0
714,8.729707219461943,0.0,0.0,1.670069254529409,0.0,0.0,0.0,0.0,0.0
715,47.429378995173124,0.0,0.0,15.78256299285573,1.3465835734813254,0.0,63.53438935038491,0.0,0.0
716,8.650349904780711,2.5553354928283625,0.0,7.5298181300562135,0.0,0.0,8.754446141817027,0.0,0.0
717,71.32177906187167,0.0,0.0,47.152507403524254,0.0,0.0,40.21308834403763,0.0,0.0
718,2.4164907443126253,0.0,0.0,2.4164907443126253,0.0,0.0,2.4164907443126253,0.0,0.0
719,10.402089530154512,0.8684063056957143,0.0,27.55798773757354,0.8686079513846039,0.0,6.248781282613635,0.0,0.0
720,6.751651018017384,0.0,0.20214447451397177,10.105653123639655,0.0,0.0,14.259058834804335,0.0,9.047250042327846
721,1.7836121878464155,0.0,0.0,6.991107195507709,0.0,0.0,1.7572744732623278,0.0,0.0
722,78.86236251591555,0.0,0.0,17.129076804550834,0.0,0.0,16.973069944154474,0.0,0.0
723,11.464339478870556,0.0,0.0,4.421758312368297,0.0,0.0,4.346127107669389,0.0,0.0
724,24.445286362396416,0.0,0.0,12.573108312948477,0.0,0.0,12.573108312948477,0.0,0.0
725,3.1762620921706173,0.0,0.0,0.0,0.0,0.0,2.620023428495699,0.3577801379321386,0.0
726,20.24397168088771,0.0,0.0,11.062963855214917,0.0,0.0,11.062963855214917,0.0,0.0
727,55.531679627904765,0.0,0.0,5.0219241459542445,0.0,0.0,3.0047805088645703,0.0,0.0
728,13.86354954075128,0.0,0.0,5.7032916609967685,0.0,0.0,18.359941790441184,0.0,0.0
729,7.53862840920948,0.0,0.0,6.722793886224281,0.0,0.0,2.2691355234879325,13.36855498000682,0.0
730,0.0,0.0,0.0,0.0,0.0,0.0,0.0,0.0,0.0
731,22.99712170035724,0.0,0.0,17.66225973621337,0.0,0.0,72.13391517907584,12.974974379934622,0.0
732,17.68315695370748,0.0,0.0,24.565332137085903,0.0,0.0,21.899567713706375,0.0,0.0
733,10.318287055972434,2.583305814810217,0.0,27.21057219225935,15.0087726884056,3.7951822315877735,7.654663639087403,0.0,0.0
734,5.380665841525769,1.007931686426872,1.1167896131604778,0.4227406505635827,0.0,0.0,7.244362495793268,0.0,0.0
735,11.801138883275058,0.0,1.3767149207395164,4.8474589982107545,0.0,0.0,6.121797981854428,13.48641736366261,0.0
736,1.7718589300367,0.0,0.0,13.721888672131684,0.0,0.0,6.344001764668548,0.0,0.0
737,3.4227102788307207,0.0,0.0,3.4227102788307207,0.0,0.0,3.4227102788307207,0.0,0.0
738,5.109626443705679,0.0,0.0,0.0,0.0,0.0,0.0,0.0,0.0
739,21.741661632506066,0.0,0.0,15.910846465855514,0.0,0.0,15.724194500418548,0.0,0.0
740,69.96730068930631,0.0,0.0,13.523885598302286,0.0,0.0,27.011707116299334,0.0,0.0
741,94.87591053351429,0.0,0.0,27.268102471951778,0.0,0.0,25.793203069149826,0.0,0.0
742,3.4055792654805828,0.0,0.0,1.7215415766955289,0.0,0.0,0.879651968937992,0.0,0.0
743,4.0461568503633885,1.4856536881828788,0.0,3.4803514264935984,6.247309227223639,6.039656927202657,4.619794122977623,0.0,5.79002643676921
744,37.24178275971295,0.0,0.0,70.96868792857305,1.5146229106858868,0.0,11.209584550575812,0.0,0.0
745,7.376835975438695,0.7701206329854244,0.0,18.563041502528108,0.0,0.0,2.7637465365911,0.0,0.0
746,11.791208140102157,0.7597892943509805,0.0,11.24316778641952,0.028724791115848802,0.0,1.4833996178005577,0.0,0.0
747,22.547692931706877,5.130875722891005,0.0,18.63170956951626,1.0989676003251247,0.0,30.79015059600141,0.0,0.0
748,3.2398996384211216,0.0,0.0,0.8647962443337178,0.0,0.0,0.8647962443133679,0.0,0.0
749,7.294645544734863,0.0,0.0,5.686554225006915,0.0,0.0,0.7487554745957254,0.0,0.0
750,13.83866302266921,0.0,0.0,14.257847062587473,0.0,0.0,86.04440477206296,0.0,0.0
751,3.2565535009031237,0.0,0.0,0.8012050966363518,0.0,0.0,0.8012050966363518,0.0,0.0
752,3.2572483648654043,0.0,0.0,2.111833424071051,0.0,0.0,2.1135361841153326,0.0,0.0
753,13.57335985276464,0.0,0.0,0.0,0.0,0.0,0.0,0.0,0.0
754,4.260107751152475,0.0,0.0,16.363781253577514,0.0,0.0,10.383440817440942,0.0,11.420098865760508
755,0.0,0.0,0.0,3.316041068084047,0.0,0.0,0.9781347505150677,0.0,0.0
756,17.787581727706424,0.0,0.0,17.988995501784018,0.0,0.0,57.07462848690267,0.0,0.0
757,7.225901219549627,0.0,0.0,0.0,0.0,0.0,0.0,0.0,0.0
758,30.927478971390514,0.0,0.0,50.75209916408332,0.0,5.7957690692780375,27.87982613421596,0.0,0.0
759,12.988248816322681,0.0,0.0,8.079808411779311,24.90087376353074,0.0,100.07047294814859,0.0,20.55450260616314
760,16.075320988671763,0.0,0.0,24.153017578439716,0.9039242444324032,0.0,24.1478305387175,0.0,0.0
761,14.64779087624325,0.0,0.0,25.310191406543282,0.0,0.0,33.50517365096687,3.7763706512333215,0.0
762,10.557099230308808,0.2534492783516953,0.0,10.54441375113592,0.22419291490462,0.0,10.693608511945712,0.0,0.0
763,11.187140501376916,0.0,0.0,10.983348086578104,0.0,0.0,3.593328081582996,0.0,0.0
764,6.123240050895134,4.675706529885019,3.5112175642668717,5.098721046454784,3.725605856297989,0.0,10.708479378128743,0.0,0.0
765,20.825399059495766,0.0,0.0,60.18366003560499,0.0,0.0,29.818288487312202,0.0,0.0
766,14.480313331403124,0.0,0.0,17.53637332208544,0.4692206804700163,0.0,93.28153863036198,0.0,0.0
767,18.787578788620976,0.0,0.0,8.309229896524613,0.0,0.0,2.233873396101245,0.0,0.0
768,17.309446336738773,0.0,0.0,57.76833740154319,0.0,0.0,13.55621085233659,0.0,0.0
769,17.213552470582982,0.0,0.5109817885018231,11.959685565508948,0.0,0.0,21.911410703213704,0.0,0.0
770,8.191179973156409,0.5513841484389559,0.0,9.326827816575246,0.30145127328955823,0.0,1.5358351916868287,0.0,0.0
771,2.7506479530614456,0.0,0.0,2.750647950965117,0.0,0.0,11.972855740994987,0.0,0.0
772,23.057887630204107,0.16660937618530625,0.0,7.392459096408402,0.0,0.0,7.3891294923936925,0.0,0.0
773,9.034090519113448,0.0,0.0,7.253537468638626,0.0,0.0,12.289443691856377,0.0,0.0
774,5.049881263018847,1.042305296957693,0.0,5.049881263018847,0.0,0.0,5.049881263018847,0.0,0.0
775,17.256696642584842,0.0,0.0,12.593844767379238,0.0,0.0,14.465358450201364,0.0,0.0
776,35.800888659598485,0.0,0.0,28.168237784447797,0.0,0.0,28.157627865649943,0.0,0.0
777,0.0,0.0467760536691344,0.0,40.47916315398345,8.164810424901788,0.0,69.11523880761811,0.0,0.0
778,5.344378525636387,0.24305454851207742,0.0,6.94078890487134,0.24305454851213426,0.0,7.1902502554737,0.0,0.0
779,12.910837269156332,0.0,0.0,26.44190574248563,0.0,0.0,22.246234417346784,0.0,0.0
780,29.943880333286785,0.0,0.0,36.85600460874693,5.1497176757449665,2.9416005473963196,115.87828386188991,0.0,0.0
781,13.779352874637453,0.0,0.0,15.44730765045938,0.9361514798478083,0.0,12.903247611086272,0.0,0.0
782,16.42953561566037,2.018859956885194,0.0,9.74799777858749,0.0,0.0,6.229216453229014,0.0,0.0
783,13.783605649496565,0.0,0.0,10.698222749341909,0.0,0.0,55.357676233493805,2.727282843684975,0.3543366479752308
784,27.64294621667932,0.0,0.18678717781747878,35.70340493039433,0.0,0.0,22.067408940727546,114.54390455181306,0.0
785,6.3790375582402135,0.0,0.0,7.13153508493906,0.5416312132819598,0.6208049823718511,4.126708912975516,0.0,0.0
786,15.079220418037977,0.0,0.0,16.878866711127984,0.0,0.0,15.856297420838729,0.0,0.0
787,0.0,0.0,0.0,5.776562497601276,0.0,0.0,0.0,0.0,0.0
788,0.36363766399091446,0.0,0.0,1.8977925783642604,0.0,0.0,0.0,0.0,0.0
789,6.804187865990116,0.0,0.0,8.867614486936702,1.5900761713719476,3.437892046843217,5.9067143164652975,0.0,0.0
790,13.948234085146595,0.0,0.0,13.368558870142039,0.0,0.0,13.368558870142039,0.0,0.0
791,38.40478948220701,0.0,0.0,39.56152022504213,0.0,0.0,32.81359073738162,0.0,0.0
792,7.520738664526135,0.0,2.4874563167389,15.458882045800152,9.10584544636103,0.0,39.33158300263025,0.0,0.0
793,4.480570014282989,0.0,0.0,7.309248934296619,0.0,0.0,1.6043463205127466,0.0,0.0
794,0.0,0.0,0.0,0.0,0.0,0.0,0.08814600583517063,0.0,0.0
795,7.5347347576267225,0.0,0.14287550459420117,16.227868621197388,9.810977205618855,0.0,0.0,0.0,0.0
796,1.6339249670511435,0.0,0.0,7.465186349362625,5.297551313521296,5.297551313521296,16.90855200091903,0.0,0.0
797,4.359748119339656,0.4082222439313341,0.0,0.0,0.4082075689482849,0.0,0.0,0.0,0.0
798,16.66242108107008,0.0,0.0,5.883319650826365,0.0,0.0,5.850938351685585,0.0,0.0
799,1.5041054839002754,0.0,0.0,1.4798996588492628,0.0,0.0,10.868052981954747,0.0,0.0
800,11.307757881725365,2.282278093273419,0.0,8.387984974094053,0.0,0.0,34.750980498285,4.875521917639219,0.0
801,25.355666846459826,0.0,0.0,17.001977639305807,2.7030271592662416,0.0,14.235095270893368,0.0,0.0
802,14.333776815364587,0.6970520778712626,0.0,71.08444200418589,16.21064167117646,0.0,24.68619059632468,0.0,1.5752477895360926
803,11.277881371930988,0.8390694863900308,0.0,15.688077417822171,0.0,0.0,14.753960508767591,0.0,0.0
804,6.778016543545959,0.0,0.0,4.975003339339509,2.2522964679926076,0.0,0.0,0.0,0.0
805,16.468981197511283,0.0,0.0,2.4895064372263676,0.0,0.0,0.0,0.0,0.0
806,1.1510062064847375,0.0,0.0,0.45190116086479293,0.0,0.0,0.22180744536962038,0.0,0.0
807,48.419831418698124,0.0,0.0,42.155582975657325,0.0,0.0,31.529878185076996,0.0,0.0
808,5.383764798347187,0.0,0.0,4.736035545788582,0.0,0.0,8.858382337873678,0.0,0.0
809,34.83456182041482,0.0,0.0,14.402748549167853,3.6156308790378375,0.0,11.318300104732344,0.0,0.0
810,20.33385667650481,0.0,0.0,63.23153088524111,0.0,0.0,16.31036206631586,0.0,0.0
811,13.545968521041459,0.0,0.0,6.032250512820923,0.0,0.0,65.4534207639079,0.0,0.0
812,4.573102849140014,0.0,0.0,15.601669768250957,0.0,0.0,23.968624201174606,0.6072157425450087,1.669451984217119
813,0.8027066152889688,0.03016229625404776,0.0,1.877969531491516,0.03016229625404776,0.0,4.0395524272198315,0.0,0.0
814,16.028668911105143,0.0,0.0,1.4427442095506535,0.0,0.0,1.441101857474564,0.0,0.0
815,7.713214809145796,0.0,0.0,7.294501428813135,0.0,0.0,4.784431290253536,0.0,0.0
816,13.462293878848357,0.0,0.0,61.85908566987791,2.603235065022375,0.0,8.724296748358398,0.0,0.0
817,10.713271837703388,1.7043911773100149,0.0,7.113425469270084,0.0,0.0,97.01532798266746,0.0,0.0
818,20.526244025421335,0.0,0.0,37.789865015450175,0.0,0.0,19.550982284677474,0.0,6.205934656698844
819,16.05379170207823,0.0,0.0,25.224625462316283,0.0,0.0,53.37293085306041,0.0,9.208627644196838
820,11.621842963104058,0.0,0.0,18.81702215762448,0.0,0.0,8.255578552709466,0.0,0.0
821,36.83737558027812,0.0,3.1496631413259877,5.0388662747054696,0.0,0.0,40.47553981002099,3.259380998984227,3.259380998984227
822,5.37325978237152,0.0,0.0,1.5840371695747422,0.0,0.0,21.414228187572064,21.237168900720775,6.1704011673611205
823,8.105018145202735,0.0,1.442073784873486,10.959929736440387,0.0,0.0,13.143215672993705,0.0,0.0
824,13.856696299747881,0.1314668160897554,0.0,10.518294699748651,0.1314668160897554,0.0,1.9171709369250607,0.0,0.0
825,7.743287521173158,0.8995343599514172,0.4359116593436454,3.0624155510829496,0.28652324386587225,0.0,92.14829452513987,0.0,0.0
826,21.801869794248745,0.0,0.0,6.281179574571013,0.0,0.0,9.044267449671054,0.0,0.0
827,11.867302608368448,0.0,0.0,11.19419145922825,0.0,0.0,11.19419145922825,0.0,0.0
828,39.0829435086477,0.09072549118059214,0.0,15.634960864808704,0.09525021313743309,0.0,27.52751292976251,0.0,0.0
829,14.794834651709351,0.0,0.0,9.992568831464837,0.0,0.0,45.07621693938961,0.0,0.0
830,3.2547879785149405,0.0,0.0,1.8236592682837625,0.0,0.0,2.019303378770786,0.0,0.0
831,1.8505060276302459,0.0,0.0,1.1919063968427395,0.0,0.0,1.1916502527067223,0.0,0.0
832,0.0,0.0,0.0,1.8006265830601933,0.0,0.0,0.0,0.0,0.0
833,2.4032412424548397,0.16312231720627324,0.0,3.5958015153984775,4.961461371788118,0.0,118.51266044160687,0.0,0.0
834,7.857457405835646,3.885656166809497,1.219087670732108,0.40482095099412163,0.12547110681646245,0.0,0.40482095099412163,0.0,0.0
835,16.447875950233737,0.0,0.0,12.827647064596505,0.0,0.0,4.24127383998561,0.0,0.0
836,12.193033415261908,0.0,0.0,10.234574134507085,0.0,0.0,1.757693409986615,0.0,0.0
837,13.658461113867304,0.0,0.0,9.17281870069857,3.217599122247208,0.0,18.79826258928216,0.0,0.0
838,12.70352265458115,0.0,0.0,20.64087749198933,0.0,0.8274371547018404,11.730221235045377,0.0,0.0
839,21.327374018414446,0.7580257588732024,0.0,18.85807174532792,0.7580257588732024,6.299247099954243,36.85447063448942,0.0,0.0
840,25.92873134331802,0.0,0.0,20.58568901170662,0.0,1.033009097535853,77.27293583600724,33.605384805285496,27.72269406983048
841,0.0,0.0,0.0,0.06132256406721126,0.0,0.0,0.0,0.0,0.0
842,3.6300432547149626,0.0,0.0,0.1437696466199725,0.0,0.0,0.1260588320897682,0.0,0.0
843,0.0,0.0,0.0,13.224043847356626,0.0,0.0,0.0,0.0,0.0
844,8.765971755753213,0.0,0.0,6.565250229495803,0.0,0.0,13.69267376548055,0.0,0.0
845,10.717053602543615,0.8855419407045702,0.0,24.763790423621828,6.254628122064304,0.0,9.76379185571858,0.0,0.0
846,9.799473402716927,0.4724571198207741,0.0,0.0,0.4724585382903683,0.0,0.0,0.0,0.0
847,7.50002425281167,0.0,0.0,6.264256707820124,0.0,0.0,62.47420680083377,0.0,0.0
848,16.25115381877069,0.0,0.0,6.985897636713162,0.0,0.0,23.821907394384993,0.0,0.0
849,12.867327588145002,1.2649455837477035,0.0,10.565044344254318,0.0,0.0,23.82401395866114,0.0,0.0
850,2.828799770622311,0.0,0.0,2.8287460432182456,0.0,0.0,2.8287460432182456,0.0,0.0
851,13.448724055687308,0.0,0.0,10.012623492587068,0.0,0.0,42.66388696010702,6.774009293309518,0.0
852,12.209357287992077,0.6673358502628162,0.0,15.428232177233383,0.6673358501638518,0.0,11.877895220521907,0.0,0.0
853,1.3495998752211449,0.0,0.0,0.0,0.0,0.0,13.188172525054654,0.0,0.0
854,20.968390567546408,0.0,0.0,17.929296418760515,0.0,0.0,14.319044567710108,0.0,0.0
855,1.2346118015327647,0.0,0.0,1.280964136715454,0.0,0.4946915623456789,10.088646077533383,0.0,0.0
856,5.520807258268064,0.0,0.0,4.545225505781332,0.41660953745861207,0.41660953745861207,20.53673523618923,0.0,0.0
857,3.6693652176094247,0.08931324794832562,0.08931324794832562,6.105364873651183,0.0,0.0,35.549707162684086,0.0,0.0
858,2.2759311251113843,0.0,0.0,2.2728780978658563,0.0,0.0,2.2735213122254265,0.0,0.0
859,11.676958318105562,0.0,0.0,10.374489989876423,0.0,0.0,8.37783156167805,0.0,0.0
860,0.0,0.0,0.0,0.0,0.0,0.0,0.0,0.0,0.0
861,5.142689880030758,0.0,0.0,4.950539319750646,0.0,0.0,4.59442190863453,0.0,0.0
862,1.5230547996525843,0.0,0.0,3.9799767124551977,0.0,0.0,3.5191297491211913,0.0,0.0
863,54.17781468691663,0.34925146295915965,0.678844724649764,5.171762078366214,0.5399129388685537,0.0,27.041227296725395,0.0,0.0
864,5.540011958756935,0.0,0.0,0.7840862485477942,0.5149995118358106,0.0,0.0,0.0,0.0
865,22.961825773419093,0.0,0.0,9.781223115541167,0.0,0.0,76.07811344978609,3.742086326639537,0.0
866,7.414952453323309,0.0,0.0,6.387747555547861,0.0,0.0,0.0,0.0,0.0
867,56.29756246484666,0.0,0.0,45.419186952909456,1.0884262334084838,1.0884262334084838,41.596931697799334,0.0,0.0
868,15.52701124381798,0.0,6.745370383500301,17.90059501245588,0.0,0.0,31.51258892074057,0.0,0.0
869,21.487842863364136,2.0745745064532457,0.0,21.28905497300636,1.8736156472576226,0.0,14.905262725845006,0.0,0.0
870,18.238611168520976,0.0,0.0,36.5735129872819,0.0,0.0,18.242860562200036,0.0,0.0
871,30.590085753290083,0.0,0.0,12.006642693150667,0.0,0.0,14.720745460634333,0.0,0.0
872,17.429326309297863,0.0,0.0,9.979253295002593,1.2674387294907206,0.0,26.73552200752397,0.0,0.0
873,2.4807710470971642,0.0,10.474242008966428,24.725131064690203,0.0,0.0,1.1292039720631237,0.0,0.0
874,0.0,0.0,0.0,5.172724923527198,0.0,0.0,0.0,0.0,1.643897766766429
875,2.2308363606686896,0.0,0.0,0.0,0.0,0.0,0.0,0.0,0.0
876,62.63627917286098,2.894798193896804,0.0,27.455697216978024,0.0,0.0,9.124648049023364,0.0,0.0
877,17.632579860301604,0.0,0.0,6.467499157751092,0.0,0.0,4.002246570813213,0.0,0.0
878,30.99163874858573,0.0,0.0,8.637345745481213,0.0,0.0,22.289165632922845,0.0,0.0
879,4.984395944186701,0.0,0.4140254046265568,2.956897733590381,0.0,0.0,1.9258360300545405,0.0,0.0
880,23.58289152245007,0.0,0.0,29.632903668021072,0.0,0.0,14.755259326376233,0.0,0.0
881,0.32554898217858863,0.6479379776665155,0.0,2.791752780478248,0.5261718958729489,0.0,6.444710857515361,11.771473009723763,0.0
882,0.0,0.0,0.0,0.0,0.0,0.0,0.0,0.0,0.0
883,9.17965047796082,0.6352817043555774,0.0,9.574373997575748,4.935103409041346,0.0,5.93637725560356,0.0,0.0
884,19.018626026411283,2.210682932438658,0.0,12.749555545681261,0.0,0.0,86.58008186496849,0.0,0.0
885,21.074100439615222,0.0,0.0,37.33451904219578,2.1885677711146627,4.70663776218953,9.833980020599768,0.0,4.9368612956781135
886,4.184098508211719,0.0,0.0,4.154660174696261,0.0,0.0,4.154660174696261,0.0,0.0
887,0.0,0.0,0.0,0.0,0.0,0.0,10.631237621467022,0.0,0.0
888,0.0,0.0,0.0,6.5196505343831745,0.0,0.0,5.726967114844342,0.0,0.0
889,20.990363063836526,0.0,0.0,18.5314118428187,0.0,0.0,16.835597819117567,0.0,0.0
890,7.2055927861055125,0.0,0.0,3.1248024523227116,0.0,0.0,8.790828647995227,0.0,0.0
891,27.250973653546367,0.0,5.856402528652893,24.4914817501228,0.0,0.0,61.40485051931981,61.15924376823705,0.0
892,19.74483249312928,0.0,0.0,35.001176250279144,0.0,0.0,35.307007298439174,0.0,0.0
893,10.749444349362022,0.0,0.0,16.82549086324579,1.3878628943693343,0.0,9.826135612798254,0.0,0.0
894,17.78855616433023,0.0,0.0,19.88144452466983,0.0,0.0,30.509496691464705,0.18269407200656929,0.18269407200656929
895,51.312887021519714,6.716376879344409,6.04715129332277,94.08242941627017,0.0,0.0,35.9997980804597,0.0,0.0
896,9.434319545471254,0.0,0.0,6.33972043061101,0.8789884853178762,0.0,6.326373685773973,0.0,0.0
897,16.116470062952658,2.0014975407412408,0.0,9.754533415664554,0.48952834433112,0.0,1.3816033781344856,0.0,0.0
898,3.746967170779925,0.0,0.0,25.08559119436805,0.0,0.0,3.6610078010810128,0.0,0.0
899,2.7329233762200715,0.0,2.504944981584913,4.568985428933161,0.0,0.0,2.1032199793193627,0.0,0.0
900,1.6391190366681485,0.0,0.0,5.673358921365747,0.0,0.0,1.0182722877945594,0.0,0.0
901,6.187397107945742,0.0,0.0,13.802861333485282,0.0,0.0,8.259275268275218,0.0,0.0
902,11.724084250178748,0.0,0.0,11.724084250178748,0.0,0.0,11.724084250178748,0.0,0.0
903,110.06596666252312,0.0,0.06352490816712475,16.545736312955825,0.0,0.0,19.09977651200674,0.0,0.0
904,4.736410145361305,1.352398587774701,0.0,34.22268298668615,0.0,0.0,0.0,0.0,0.0
905,70.62049417349266,0.0,0.0,24.411085443035063,0.0,0.0,13.658544076162485,0.0,0.0
906,12.532875761716411,1.7485019238079076,0.0,15.710536870570593,0.0,0.0,5.790765586850398,0.0,0.0
907,38.058977140893234,0.0,0.0,2.111239737714385,0.0,0.0,1.848037009876549,0.0,0.0
908,3.3357640058958395,0.0,0.0,1.0517077098848517,0.901489314490675,0.0,37.7601023054315,0.0,0.0
909,20.098903436578524,0.0,0.0,1.1858350140221319,1.3713829422374033,0.0,6.335264504527146,0.0,0.0
910,22.66075498240795,0.0,0.0,9.730288521270069,0.0,0.0,22.923001068720367,0.0,0.0
911,26.65853725213512,0.0,0.0,8.86746626821784,0.0,0.0,14.558136194256946,0.0,0.0
912,0.042685181714773535,0.0,0.0,0.0,0.0,0.0,32.95601255867709,0.0,0.0
913,14.698353042568158,0.0,0.0,14.32586025361951,0.0,0.0,13.839436602192649,0.0,0.0
914,0.0,0.0,0.0,0.0,0.0,0.0,0.0,0.0,0.0
915,3.7161523949818047,0.0,0.0,5.97481128967371,0.0,0.0,3.3078856972881,0.0,0.0
916,6.890428474389012,0.0,0.0,2.937665856742626,0.0,0.0,2.9379885767803557,0.0,0.0
917,27.167265540753817,0.0,0.0,24.51555261644424,0.0,0.0,90.14572485439714,0.9473694975324634,0.9473694975324634
918,40.43302529959135,0.12736602953884812,0.0,18.92813850920689,0.12736602953884812,0.0,18.698429734893267,0.0,0.0
919,5.4476746245556456,2.445613305350548,10.881119861466686,4.8930562540023175,2.4319312059698177,0.0,10.721355414173047,10.915419210202629,8.320985036294928
920,18.779037607350745,0.0,0.0,1.1763685080406958,0.0,0.0,0.860128410225002,0.0,0.0
921,30.148666360005166,0.0,0.0,22.322555687086805,0.0,0.0,27.519895017474596,0.0,0.0
922,5.5471693969712135,0.0,0.0,5.556424702108899,0.0,0.0,5.927643793796619,0.0,0.0
923,13.365992418398292,0.0,0.0,1.195419731986135,0.0,7.406136390183008,0.8461213384333632,0.0,0.0
924,16.351562058959246,0.0,0.0,4.096256107406447,0.0,0.0,4.182797844628311,4.458957197486427,0.0
925,0.657349558342105,0.0,0.0,0.657349558342105,0.0,0.0,0.657349558342105,0.0,0.0
926,29.9435900643403,0.0,0.0,30.25771915479848,0.0,0.0,65.44724655717042,0.0,0.0
927,12.69064719677138,0.7442717178669227,1.7758991390235508,8.581584997996913,0.7442717178669227,0.0,13.964242197601237,0.0,0.0
928,5.787275532945557,0.8666331830647209,0.0,1.3276845234466919,0.0,0.0,1.3276845234466919,0.0,0.0
929,11.275602624500294,0.0,0.0,9.293692990762935,0.0,0.0,45.339001003563226,0.0,0.0
930,31.786934483196404,0.17664083908067596,0.0,23.198179170321595,0.8769727136669587,0.0,15.061287406336959,0.0,0.0
931,12.225417036737184,0.0,0.0,105.38860900480199,0.0,0.0,18.217644075493325,0.0,0.0
932,62.513898659958215,0.0,1.1277573906826035,40.51669836481469,0.0,0.0,7.561390218367194,5.675216420509969,0.0
933,9.456336417121946,0.0,0.0,11.299008102262206,0.0,0.0,87.82278486159032,0.0,0.0
934,13.665004805703546,0.0,0.0,3.769421722832192,0.0,0.0,3.769421722832192,0.0,0.0
935,0.7396174437936338,3.968281321616928,0.0,0.0,0.35001285474652377,0.0,0.0,0.0,0.0
936,8.383200161766808,0.0,0.0,3.585198062214033,0.0,0.0,3.2410223340690436,0.0,0.0
937,14.540928632650548,0.0,0.0,26.153653996225444,0.0,0.0,0.0,0.0,0.0
938,6.102746689730566,0.0,0.0,0.0,0.0,0.0,8.28838070410228,0.0,0.0
939,15.677739636581862,0.0,0.0,26.600796421930482,0.0,0.0,29.644930174730916,0.0,0.0
940,0.6972944976849931,0.0,0.0,5.0934211855015405,0.0,0.0,36.524460235033985,0.0,0.0
941,1.0385773898584318,0.0,0.0,0.0,0.0,0.0,3.111458472797324,0.0,0.0
942,0.0,0.0,0.0,0.11351367161913117,0.0,0.0,0.0,0.0,0.0
943,0.006287584607008512,0.014702785427175513,0.0,0.0,0.014702785427175513,0.0,0.0,0.0,0.0
944,25.868806988594656,0.8396217989527486,0.0,14.559228658177801,0.839617061301908,0.0,19.14875790722064,0.0,0.0
945,14.098315743824202,0.0,0.0,20.226322273823882,0.0,0.0,10.558071912317104,0.0,0.0
946,8.693841392624364,0.0,0.0,24.354765512168996,0.0,0.0,158.32155374456948,0.0,0.0
947,3.9520027605143184,1.9324352193028744,0.0,5.020450977715399,0.005864051632727296,0.0,2.193393517971572,0.0,0.0
948,11.155071232502365,0.04107291820901082,0.0,11.200213331459253,0.04107282383404254,0.0,11.152095897277036,0.0,0.0
949,61.10490964189185,0.7471547729659278,6.9661012990848405,72.25822551733944,8.071196986624898,0.0,1.0085114419708248,0.0,0.0
950,20.304713607949424,0.0,0.0,8.10920046893159,0.0,0.0,7.766338400053712,0.0,0.0
951,3.3886841068519686,0.0,0.0,5.67663971993062,0.0,0.0,0.0,0.0,0.0
952,7.046980527838571,0.0,0.0,4.470694774006006,0.0,0.0,93.19789328533975,0.0,0.0
953,18.596335511292267,0.0,0.0,2.4794679748321187,0.0,0.0,2.4700930246661414,0.0,0.0
954,0.0,0.0,0.0,0.0,0.0,0.0,1.7601428528490715,0.8397449673159088,0.8397449673159088
955,7.713173023701927,0.0,0.0,5.400161284674709,0.0,0.0,5.400161284674709,0.0,0.0
956,8.801613890526,0.0,0.0,8.801613890526,0.0,0.0,8.801613890526,0.0,0.0
957,24.82184922450068,0.0,0.0,13.867103108989767,1.5164906144103156,0.0,25.115903327983034,0.0,0.0
958,36.08875624021948,0.0,0.0,2.776324504394438,0.0,0.0,4.752048094448469,0.0,0.0
959,7.051019004644672,0.0,0.0,2.7155593221978904,0.0,0.0,4.909009744388754,0.0,0.0
960,31.81392729038953,0.0,0.13686497435315914,31.923160277879305,0.32436391839939915,0.0,32.428901202843804,0.0,0.0
961,18.686550179069712,0.0,0.0,86.946298085173,8.097927381222462,0.0,17.736324733466716,0.0,0.0
962,0.1931110763685524,0.0,0.0,0.41506153929310585,0.0,0.0,4.227628837979779,0.0,0.0
963,49.69980640279408,0.5976499516716558,0.0,22.70080161500394,0.5942734033160377,0.0,10.69647783109582,0.0,0.0
964,19.598353288485356,0.0,0.0,15.33783596298997,0.0,0.0,15.337169409253391,0.0,0.0
965,1.3929225222185835,0.0,0.0,0.0,0.0,0.0,29.782442379826392,0.0,0.0
966,19.917460643832356,0.0,0.0,16.104911888940222,0.0,0.0,16.104621992670815,0.0,0.0
967,0.0,0.5009397947058574,0.0,30.944148899613907,13.664611223015811,0.0,9.506326529494288,0.697047690057218,0.0
968,30.116666799330176,0.0,0.0,73.74579598525182,13.391714988276789,1.2429810296104051,30.069590160242313,0.0,0.0
969,0.0,0.0,0.0,0.0,0.0,0.0,7.938314036519614,6.807583668868688,0.0
970,12.381467104500729,0.0,0.0,15.936431455828028,0.0,0.0,23.153798627590902,0.0,0.0
971,0.27444413208610285,0.0,0.0,8.965221995304034,1.9076079612555077,0.0,37.69547398638869,1.6330413559011845,1.6330413559011845
972,16.415150618952737,0.0,0.0,6.038286361111318,0.0,0.0,103.18208880769595,0.0,0.0
973,38.85921135422407,1.1148083525285415,0.0,21.534625092269323,0.7116788138438892,0.0,22.02823771918085,0.0,0.0
974,14.797968378666553,0.0,0.0,37.52442836613241,0.0,0.0,8.792201031025257,0.0,0.0
975,8.788549593497464,0.0,0.0,17.4462865673986,0.0,0.0,1.1315275519642967,0.0,0.0
976,0.0,1.6092037231716176,0.0,0.0,0.0,0.0,0.0,0.0,0.0
977,0.0,0.0,0.0,0.0,0.0,0.0,0.0,0.03609736052681001,0.0
978,0.9722860526791237,4.172553453264754,0.0,0.0,0.0,0.0,0.0,0.0,0.0
979,16.308077648342646,0.0,0.0,11.938976476393918,0.0,0.0,11.938976476393918,0.0,0.0
980,0.0,0.0,0.0,0.0,0.0,0.0,4.293198538274993,0.0,0.0
981,7.652171111987826,0.0,0.0,7.652171111987826,0.0,0.0,7.652171111987826,0.0,0.0
982,35.20153183246964,0.0,0.0,34.55565846337947,0.0,0.0,26.042448206889702,0.0,0.0
983,7.00137553718605,0.0,0.0,2.379327702911695,3.2708907365627056,3.2708907365627056,1.3362326821278145,0.0,0.0
984,12.79159388236178,0.0,0.0,18.729017318618872,0.0,0.0,9.52439045851898,0.0,0.0
985,14.35587197052925,0.0,0.0,32.72519472435033,0.0,0.0,29.44850883327362,0.0,0.0
986,8.334233774096475,0.0,0.0,3.7794121505704084,0.0,0.0,1.6643680019394083,0.0,0.0
987,4.803769410444744,0.0,0.0,4.461388775549551,1.4078266865808473,0.0,55.19841221542964,0.0,0.0
988,0.5270829871910223,0.0,0.0,0.0,0.0,0.0,8.659930866664467,0.0,0.0
989,47.00928202040183,0.0,0.0,88.47545155170184,5.389374902415881,0.0,52.08874569432484,0.0,0.0
990,6.176998837827824,0.0,0.0,7.32171776959504,0.0,0.0,4.222571233804302,0.0,1.6397395120206966
991,35.49884334886974,0.0,0.0,7.768068972955319,3.5215543627334966,0.0,107.60822683804574,0.0,0.0
992,6.0878694600493475,0.0,0.0,6.640847772575,0.0,0.0,6.087835745897223,0.0,0.0
993,10.54463709581276,0.0,0.0,9.696877231345752,0.0,0.0,9.68435431902381,0.0,0.0
994,13.716406555550037,0.9568918981299248,0.0,6.01438609424855,0.0,0.0,6.01438609424855,0.0,0.0
995,9.488407606391092,0.0,0.0,17.049250632148016,1.4543581650762292,0.0,15.292130118018122,0.0,0.0
996,5.664829602760733,0.0,0.0,7.717999701650058,0.0,0.0,1.1923990960361266,0.0,0.0
997,3.6194480295063727,0.0,0.0,3.6123509129221247,0.0,0.0,3.6123509129221247,0.0,0.0
998,1.490682569111783,0.0,0.0,8.401347659994627,0.0,0.0,6.497572693318062,0.26566632191892836,0.26566632191892836
999,3.2588863850290295,0.0,0.0,3.677589505711296,0.0,0.0,2.0158372508550997,0.0,0.0
