scenario_id,OR-Tools,ALNS-Mean,ALNS-CVaR
0,3.620428676496317,0.0,0.0
1,2.8279711621529486,0.0,0.0
2,6.329995817691042,3.916796036393407,3.916796036393407
3,2.6044499497711513,0.0,0.0
4,0.0,0.0,0.0
5,2.71229535377455,0.0,0.0
6,21.56588190685011,2.4669562496689537,2.4669562496689537
7,4.26470806739303,0.0,0.0
8,0.0,0.0,0.0
9,4.467978015594554,3.447389688640669,3.447389688640669
10,0.7864874618392719,0.0,0.0
11,6.963776556274581,0.0,0.0
12,7.027366619241548,0.0,0.0
13,0.0,0.0,0.0
14,6.735822830632628,0.0,0.0
15,3.998033576957255,0.0,0.0
16,4.803639931007012,1.4130406269463265,1.4130406269463265
17,1.9880204062679354,0.0,0.0
18,5.398199026708539,0.0,0.0
19,4.059825801218182,0.5051073747029307,0.5051073747029307
20,17.90223903942308,0.0,0.0
21,4.591867915370074,0.0,0.0
22,9.859847053364888,0.0,0.0
23,5.5660754727388735,0.0,0.0
24,31.024647378908554,11.022579115386492,11.022579115386492
25,2.11167306267032,2.11167306267032,2.11167306267032
26,1.3956673767575012,0.0,0.0
27,6.287022685531326,4.034558023749639,4.034558023749639
28,0.0,0.0,0.0
29,1.8406696262631783,1.0467630398604513,1.0467630398604513
30,20.781803003559276,3.9193772437132566,3.9193772437132566
31,3.123761116626156,0.0,0.0
32,5.415107249721501,0.6912102711990258,0.6912102711990258
33,0.0,0.0,0.0
34,7.9899151691323596,0.9518517659178656,0.9518517659178656
35,7.045125926996917,3.1040333986265125,3.1040333986265125
36,2.0597629140364972,2.0597629140364972,2.0597629140364972
37,0.0,0.0,0.0
38,0.0,0.0,0.0
39,0.0,3.667387575309135,3.667387575309135
40,4.463511257190987,0.0,0.0
41,5.152610636614327,0.0,0.0
42,1.115415515531481,0.0,0.0
43,6.364862306411965,0.0,0.0
44,0.0,0.0,0.0
45,1.9743032267727472,0.0,0.0
46,5.717231700585046,0.0,0.0
47,0.0,0.0,0.0
48,2.871413251080071,0.0,0.0
49,0.0,0.0,0.0
50,14.86854891531408,11.451281671245965,11.451281671245965
51,3.9220969286716922,0.0,0.0
52,0.0,0.0,0.0
53,0.21222941940618512,6.2896515853873325,6.2896515853873325
54,0.0,0.0,0.0
55,1.2812884778248304,0.0,0.0
56,18.408852537722026,14.963337523692957,14.963337523692957
57,1.7965984433200788,0.0,0.0
58,7.69456295885135,1.4970029910799667,1.4970029910799667
59,0.0,0.0,0.0
60,0.0,0.0,0.0
61,0.7092372628113708,1.9254407808563485,1.9254407808563485
62,0.15134368411344212,0.0,0.0
63,2.5564657446496994,0.0,0.0
64,0.05206377601228951,0.0,0.0
65,0.8162983776630881,0.0,0.0
66,4.661773038163403,0.0,0.0
67,6.536818553773628,2.397330253805535,2.397330253805535
68,12.738747294559403,0.0,0.0
69,11.159595339146335,9.110975941981792,9.110975941981792
70,2.384933422181973,0.0,0.0
71,0.0,0.0,0.0
72,4.022774062485212,0.0,0.0
73,3.1978320320478133,0.0,0.0
74,0.0,0.0,0.0
75,4.969498013189082,0.0,0.0
76,4.380123023023657,0.0,0.0
77,1.827078406868452,0.0,0.0
78,5.209008652771615,0.0,0.0
79,3.0548979293226353,0.021338294858878726,0.021338294858878726
80,2.312368093925784,0.0,0.0
81,14.274264857188882,0.0,0.0
82,20.41607177029971,19.045156305725527,19.045156305725527
83,9.12675568163047,0.0,0.0
84,1.9870427348511157,0.0,0.0
85,9.000716125955421,0.0,0.0
86,2.604884531331095,0.0,0.0
87,2.6259507025847597,0.0,0.0
88,1.8438486550336393,0.0,0.0
89,1.2697400807066401,2.9702672779138197,2.9702672779138197
90,2.974664855366427,0.0,0.0
91,0.0,0.0,0.0
92,3.3735657801317416,0.0,0.0
93,5.709815389993423,0.0,0.0
94,0.0,0.0,0.0
95,11.892035589385955,1.8950803207056026,1.8950803207056026
96,0.0,0.0,0.0
97,0.05822185663254231,0.0,0.0
98,0.0,0.0,0.0
99,2.494643182452023,0.0,0.0
100,9.737862093233048,9.737862093233048,9.737862093233048
101,8.986581547874607,0.0,0.0
102,1.653399631308048,1.1626879653126139,1.1626879653126139
103,0.9743632425824558,0.0,0.0
104,5.613927776171636,0.0,0.0
105,10.416126398336814,0.0,0.0
106,3.50604343470647,1.3490722478348118,1.3490722478348118
107,0.897537347793218,0.5549494492387623,0.5549494492387623
108,0.0,0.0,0.0
109,0.0,0.0,0.0
110,3.343935678017118,1.5885605552792015,1.5885605552792015
111,11.729905186435872,0.0,0.0
112,0.44521963847654433,0.3025208689721808,0.3025208689721808
113,0.0,0.0,0.0
114,17.908937826781596,0.0,0.0
115,1.7123227938085392,0.5076483015335214,0.5076483015335214
116,2.7492325566892077,0.0,0.0
117,12.54065744370888,0.0,0.0
118,8.908407029319108,6.737841863590745,6.737841863590745
119,1.5318486152670516,0.0,0.0
120,2.278729011567293,0.3636947599808309,0.3636947599808309
121,3.578788118656405,0.0,0.0
122,0.1428439809509996,0.0,0.0
123,28.73756765035347,7.774583236245064,7.774583236245064
124,3.416736597931731,0.0,0.0
125,4.721727684162545,4.721727684162545,4.721727684162545
126,2.492062770341022,0.719845626284382,0.719845626284382
127,5.4503987814902075,0.0,0.0
128,2.7358921010231825,0.0,0.0
129,14.088995590952152,0.0,0.0
130,5.688736696484227,0.0,0.0
131,3.2368017719209092,0.0,0.0
132,1.0168573275374797,0.0,0.0
133,4.939609495348321,4.939609495348321,4.939609495348321
134,0.0,0.0,0.0
135,1.1191918546930424,0.0,0.0
136,5.887961188449594,0.0,0.0
137,0.7990877203325226,0.0,0.0
138,3.914944968856105,0.0,0.0
139,2.4837473957124416,0.0,0.0
140,0.6745333566822751,0.0,0.0
141,18.188699741394714,2.2226996406309922,2.2226996406309922
142,10.288734331354135,0.0,0.0
143,2.8639957136584258,0.11007794796597636,0.11007794796597636
144,0.0,0.0,0.0
145,4.990408243501918,2.6901073395994786,2.6901073395994786
146,3.6468925009922373,0.0,0.0
147,6.2894737407305,0.0,0.0
148,1.5144742187507632,0.0,0.0
149,4.566886373278635,0.0,0.0
150,3.9475213728016456,0.0,0.0
151,2.891000674379711,0.0,0.0
152,6.99077560825782,0.0,0.0
153,0.8872344525206586,0.0,0.0
154,0.281059075888038,0.0,0.0
155,0.0,0.0,0.0
156,3.987391688393757,0.0,0.0
157,0.0,0.0,0.0
158,7.684012939159999,2.689494704241639,2.689494704241639
159,8.094068186782351,0.0,0.0
160,3.7230681805808103,0.0,0.0
161,1.4351507374012726,0.0,0.0
162,0.0,0.0,0.0
163,1.8729980172379328,0.0,0.0
164,6.5584643130761435,1.5975196456188598,1.5975196456188598
165,28.522337843000855,8.01438322616923,8.01438322616923
166,2.4926138628103445,0.0,0.0
167,1.9010198938303233,0.0,0.0
168,29.12052931457066,6.326728658096215,6.326728658096215
169,1.0399354790717155,1.0399354790717155,1.0399354790717155
170,4.079935412320651,3.127556542990874,3.127556542990874
171,0.0,0.0,0.0
172,0.0,0.0,0.0
173,5.932824198812966,0.0,0.0
174,2.839338138203459,0.0,0.0
175,1.4656530916910242,0.0,0.0
176,4.540555684726797,2.3685127279759683,2.3685127279759683
177,0.6305016826458996,0.0,0.0
178,0.0,0.0,0.0
179,1.1488192951611609,0.0,0.0
180,2.5927323827070836,0.0,0.0
181,0.9551720488468618,0.0,0.0
182,0.7503386678253037,0.0,0.0
183,3.555521512460814,0.0,0.0
184,1.82794346434585,1.740775054712202,1.740775054712202
185,4.344340067701069,0.0,0.0
186,4.85393696752331,0.31066084331749266,0.31066084331749266
187,4.353100506042807,2.1167440718001274,2.1167440718001274
188,5.223067546213997,0.0,0.0
189,2.141521471069666,0.0,0.0
190,0.0,0.0,0.0
191,5.54024059929111,0.0,0.0
192,14.519359774278314,0.0,0.0
193,0.07406713816692445,0.0,0.0
194,1.2477964604578915,0.0,0.0
195,6.834294750347738,0.0,0.0
196,6.141436769006077,0.0,0.0
197,0.0,0.0,0.0
198,1.716289594738896,0.0,0.0
199,31.737170679670896,12.490247842380825,12.490247842380825
200,5.98937754659795,0.0,0.0
201,0.0,0.0,0.0
202,3.538835374874793,0.8192510140945615,0.8192510140945615
203,0.5232060750523146,0.0,0.0
204,1.4045105444986916,0.0,0.0
205,0.0,0.0,0.0
206,3.0458859556754305,0.0,0.0
207,0.7224510048476418,0.0,0.0
208,0.0018206253099037895,0.0,0.0
209,8.346383436648978,0.0,0.0
210,4.483150572885137,2.955334162214683,2.955334162214683
211,0.0,0.0,0.0
212,3.9912704010904463,0.0,0.0
213,8.273175265330906,0.0,0.0
214,4.664095118395551,0.0,0.0
215,8.610617472852368,0.0,0.0
216,3.4236648647172387,3.03431728685257,3.03431728685257
217,0.06164424593646345,0.0,0.0
218,23.578991453590504,3.393780007888438,3.393780007888438
219,0.4984728993852059,0.0,0.0
220,11.77769739457591,11.77769739457591,11.77769739457591
221,13.699133927813591,0.0,0.0
222,0.0,0.0,0.0
223,2.192413796005212,0.0,0.0
224,3.7628380160325037,0.0,0.0
225,0.9256141755420799,0.9256141755420799,0.9256141755420799
226,0.0,0.0,0.0
227,4.348155120847821,0.0,0.0
228,17.08554033309315,1.7229766714369816,1.7229766714369816
229,2.7124766791325214,0.0,0.0
230,0.0,0.0,0.0
231,1.084434412640519,0.0,0.0
232,1.132265653547222,0.0,0.0
233,11.090575085155223,2.6167759692714583,2.6167759692714583
234,6.358774857699871,0.0,0.0
235,4.6509924188616765,0.0,0.0
236,0.0,0.0,0.0
237,5.174562435584221,0.0,0.0
238,3.336741255310244,0.0,0.0
239,11.550994176102108,0.0,0.0
240,2.538620248557663,0.0,0.0
241,8.532636059207846,0.0,0.0
242,0.0,0.0,0.0
243,1.9246707624354826,0.0,0.0
244,2.7665432879361447,0.0,0.0
245,5.919112268536992,0.0,0.0
246,28.809992207584685,27.24974733747922,27.24974733747922
247,0.862509247456785,0.0,0.0
248,0.0,0.0,0.0
249,1.435337682128818,0.0,0.0
250,3.9802697151733923,0.0,0.0
251,2.9118126342073936,1.2100079459063124,1.2100079459063124
252,2.228160602425021,0.0,0.0
253,3.3097444334698025,2.367494080739789,2.367494080739789
254,25.67913044915207,7.010705998797874,7.010705998797874
255,2.0197964511732494,0.0,0.0
256,28.027103540685232,4.751955858580004,4.751955858580004
257,10.464372175759195,0.0,0.0
258,5.10518917668287,0.0,0.0
259,0.0,0.0,0.0
260,0.0,0.0,0.0
261,14.062501364606021,11.456886951895967,11.456886951895967
262,4.2339844297552816,1.127990980529404,1.127990980529404
263,12.384615517880093,6.08836382390632,6.08836382390632
264,0.0,0.0,0.0
265,2.037259016080725,0.0,0.0
266,0.0,0.0,0.0
267,1.151632337192666,1.151632337192666,1.151632337192666
268,0.0,0.0,0.0
269,0.0,0.0,0.0
270,0.15461785677814532,0.0,0.0
271,5.039782361478984,0.5886532194544714,0.5886532194544714
272,3.1611995554289933,0.0,0.0
273,2.4275282540164653,0.0,0.0
274,18.682917800703706,2.4779977657737504,2.4779977657737504
275,0.5506018326706226,0.0,0.0
276,7.753554097450092,0.0,0.0
277,4.746399645638405,0.6754224267850191,0.6754224267850191
278,2.53676954905211,0.0,0.0
279,0.0,0.0,0.0
280,5.173329395598216,0.0,0.0
281,5.23238008806652,0.0,0.0
282,5.0687825676689044,0.0,0.0
283,0.7041025072775824,0.0,0.0
284,7.724441009953097,7.724441009953097,7.724441009953097
285,0.0,0.0,0.0
286,8.236455647919428,8.236455647919428,8.236455647919428
287,0.0,0.0,0.0
288,0.26139939451945793,0.0,0.0
289,20.17703075353421,0.18646228927650554,0.18646228927650554
290,5.566129946970989,0.0,0.0
291,3.8565095513217216,0.0,0.0
292,0.0,0.0,0.0
293,0.31928732432129436,0.0,0.0
294,0.0,0.0,0.0
295,0.0,0.0,0.0
296,1.7691331958553178,0.0,0.0
297,6.69265484401609,0.0,0.0
298,0.0,0.0,0.0
299,1.7970000652525755,0.0,0.0
300,0.008210616071494314,0.0,0.0
301,1.7017958716886028,0.0,0.0
302,4.472148532083395,0.0,0.0
303,1.6852431134428798,0.0,0.0
304,5.572384433672312,0.0,0.0
305,0.0,0.0,0.0
306,0.0,0.0,0.0
307,2.0119261753299043,0.0,0.0
308,13.360872375465021,0.0,0.0
309,6.5936149777284925,4.362314368042092,4.362314368042092
310,2.4584051225961048,0.0,0.0
311,5.495608947123287,0.0,0.0
312,4.48151962019125,0.0,0.0
313,1.7843344684486055,0.0,0.0
314,5.040569606420576,2.04812739385531,2.04812739385531
315,0.7637250823785848,0.0,0.0
316,4.963252259925639,5.400881214259982,5.400881214259982
317,2.2607758426375995,0.0,0.0
318,0.0,0.0,0.0
319,2.879539047518165,0.0,0.0
320,0.0,0.0,0.0
321,4.088754729817623,4.088754729817623,4.088754729817623
322,2.0805485596984568,1.5515721200790438,1.5515721200790438
323,5.0691717327554215,0.0,0.0
324,3.059060272744148,0.0,0.0
325,1.8729980933510717,1.8729980933510717,1.8729980933510717
326,15.231391535424706,15.231391535424706,15.231391535424706
327,2.241222239293222,2.241222239293222,2.241222239293222
328,1.7226486658189515,1.7226486658189515,1.7226486658189515
329,4.590339242544246,0.0,0.0
330,0.45315730434714396,0.0,0.0
331,6.9937192484044886,6.006763484870305,6.006763484870305
332,0.0,0.0,0.0
333,0.0,0.0,0.0
334,3.924983788195618,0.0,0.0
335,2.8277450350051083,2.4717131764092244,2.4717131764092244
336,0.7528063618225929,0.0,0.0
337,27.484155279071047,7.589890569081547,7.589890569081547
338,6.699265341222883,0.0,0.0
339,3.6294106682289,0.0,0.0
340,2.566081311997266,0.0,0.0
341,7.493522822236514,0.0,0.0
342,11.171047544283738,0.8341401814868732,0.8341401814868732
343,10.139688892466722,5.60656165592053,5.60656165592053
344,1.5949811206500613,0.0,0.0
345,3.085827040128436,0.0,0.0
346,3.512520357656001,0.0,0.0
347,8.972691264812113,0.0,0.0
348,0.8613223395107354,0.8613223395107354,0.8613223395107354
349,0.0,0.0,0.0
350,3.0466865693938416,0.0,0.0
351,0.0,0.0,0.0
352,15.569369609281978,0.0,0.0
353,6.273997720504212,0.0,0.0
354,8.105619089587464,8.105619089587464,8.105619089587464
355,7.80979333846642,0.0,0.0
356,13.416131593729915,0.0,0.0
357,7.985423216685206,0.0,0.0
358,0.0,0.0,0.0
359,2.9193865302989934,0.0,0.0
360,3.1942789971521393,0.0,0.0
361,6.28705747220431,0.0,0.0
362,0.0,0.0,0.0
363,0.0,0.0,0.0
364,1.116039065126131,0.0,0.0
365,7.086900688278462,7.469136625494372,7.469136625494372
366,26.973280627714246,7.354311730158031,7.354311730158031
367,0.0,0.0,0.0
368,1.020973500723187,0.0,0.0
369,4.744834386868149,0.0,0.0
370,0.7080717723387693,2.6296875214836746,2.6296875214836746
371,0.0,0.0,0.0
372,4.927953932093374,0.0,0.0
373,0.0,0.0,0.0
374,0.0,0.0,0.0
375,1.0397306362396534,0.0,0.0
376,8.40584696035603,0.0,0.0
377,3.793595617743165,1.2776735354172502,1.2776735354172502
378,15.670964102128806,14.907542926503169,14.907542926503169
379,3.111431385101241,0.0,0.0
380,0.0,0.0,0.0
381,0.0,0.0,0.0
382,0.5366901393546186,0.0,0.0
383,1.167690144774383,0.0,0.0
384,1.5930730912410809,0.0,0.0
385,0.0,0.0,0.0
386,0.9593746294030439,0.0,0.0
387,7.999779696791904,0.0,0.0
388,3.080733057548116,0.0,0.0
389,17.023777747921883,0.0984059852920609,0.0984059852920609
390,0.9704166881936658,0.0,0.0
391,2.9476171392755077,0.0,0.0
392,14.858763934755672,13.009332357684599,13.009332357684599
393,0.0,0.0,0.0
394,14.376592798910735,0.0,0.0
395,6.172981290026371,0.0,0.0
396,5.142622341254935,0.0,0.0
397,0.0,0.0,0.0
398,6.532204794504878,0.08737666901930652,0.08737666901930652
399,3.2245402508548295,0.0,0.0
400,2.6168372499626287,1.2959228840487356,1.2959228840487356
401,3.0471153156079254,0.0,0.0
402,1.2221831618326746,0.0,0.0
403,3.4655927790381895,1.0942166048497768,1.0942166048497768
404,0.0,0.0,0.0
405,23.011979031912574,4.331385868665279,4.331385868665279
406,0.8409107798072455,0.0,0.0
407,0.0,0.0,0.0
408,6.196486770380432,0.0,0.0
409,6.147232054729784,0.0,0.0
410,1.6158499906827615,0.0,0.0
411,3.1854364224396363,0.0,0.0
412,0.705011621491451,2.7655314917652447,2.7655314917652447
413,1.9989711111540487,0.0,0.0
414,4.240967867641643,0.0,0.0
415,10.37650866030532,0.0,0.0
416,4.364554895367462,3.599934163254943,3.599934163254943
417,2.4470718717874433,0.0,0.0
418,3.6559906943143687,0.0,0.0
419,0.27866523737665716,0.27866523737665716,0.27866523737665716
420,8.651330933016311,0.0,0.0
421,0.0,0.0,0.0
422,13.950243401414355,0.07896432676415088,0.07896432676415088
423,9.847834240623115,0.0,0.0
424,0.5531785110238729,0.0,0.0
425,2.3761925485878237,2.382795995672808,2.382795995672808
426,0.0,0.0,0.0
427,16.599645004497347,1.7205447563218286,1.7205447563218286
428,1.6232314538343644,0.0,0.0
429,8.801971831602089,7.197011786686346,7.197011786686346
430,3.115372178827613,0.0,0.0
431,7.565426960173312,1.9662993825700994,1.9662993825700994
432,5.6316684418503655,0.0,0.0
433,4.80054880343846,0.0,0.0
434,0.0,0.0,0.0
435,3.7311523274906335,0.0,0.0
436,2.732079877494641,0.0,0.0
437,2.8625381006785062,2.8625381006785062,2.8625381006785062
438,8.488357867469631,0.0,0.0
439,0.0,0.0,0.0
440,2.13451998767664,0.0,0.0
441,5.7607354861723366,5.7607354861723366,5.7607354861723366
442,1.3238547665432066,0.0,0.0
443,8.267384389732882,7.221486375315038,7.221486375315038
444,1.6342197890861598,0.0,0.0
445,0.7189192748665505,0.0,0.0
446,3.38287296271659,0.0,0.0
447,0.0,0.0,0.0
448,1.7057232203400758,0.0,0.0
449,7.587521917353911,0.0,0.0
450,4.341988988071591,0.0,0.0
451,9.929675633147639,3.94759367375255,3.94759367375255
452,3.6129572846037945,0.0,0.0
453,12.031335186773333,0.0,0.0
454,15.731577343408162,0.7799061647573922,0.7799061647573922
455,21.351412515009315,3.177379844026518,3.177379844026518
456,0.0,0.0,0.0
457,0.0,0.0,0.0
458,0.0,0.0,0.0
459,1.7086542886790426,0.0,0.0
460,7.9834050371785565,0.009472879096676934,0.009472879096676934
461,1.8661396990694925,0.0,0.0
462,5.544006708370546,0.0,0.0
463,0.9385321228194812,0.0,0.0
464,0.8532542921770983,0.0,0.0
465,6.142091834230371,0.0,0.0
466,1.2209715895918407,0.41946062838007947,0.41946062838007947
467,7.969430704979487,2.9972162461264418,2.9972162461264418
468,3.741246452296707,0.0,0.0
469,1.426492659601763,0.0,0.0
470,5.056650750288441,0.0,0.0
471,1.5548716923228199,0.0,0.0
472,9.092319058983918,5.690907639279686,5.690907639279686
473,2.8034056280085906,0.0,0.0
474,0.0,0.0,0.0
475,8.659757679445136,0.0,0.0
476,6.24778874165861,0.0,0.0
477,6.449557416248183,0.0,0.0
478,2.484504236392638,0.0,0.0
479,0.0,0.0,0.0
480,5.914160843843888,0.0,0.0
481,0.0,0.0,0.0
482,15.154275922407066,6.59363021673397,6.59363021673397
483,4.211688641581134,0.0,0.0
484,9.552391621122183,0.0,0.0
485,0.6668804496464418,0.0,0.0
486,9.414425873273444,1.3715723619006894,1.3715723619006894
487,0.0,0.0,0.0
488,6.948834609832886,0.0,0.0
489,3.4531653519039764,0.0,0.0
490,1.773542330760847,0.6706274424166452,0.6706274424166452
491,0.0,0.0,0.0
492,7.541120156210354,0.0,0.0
493,0.0,0.0,0.0
494,13.861420029320925,0.0,0.0
495,1.170145864861297,0.0,0.0
496,16.932394697424968,10.675336024929436,10.675336024929436
497,15.953138266524547,0.0,0.0
498,0.43190501154441563,0.0,0.0
499,7.998314105134114,0.9728162136447054,0.9728162136447054
500,27.33146733858416,6.352486207191021,6.352486207191021
501,1.5948603816672744,0.0,0.0
502,21.719103137351112,4.564141167750677,4.564141167750677
503,0.27258919228654577,0.0,0.0
504,7.017954407570755,0.0,0.0
505,9.80392019298705,0.0,0.0
506,2.807198281942931,0.0,0.0
507,12.261400809692617,0.7835602964438806,0.7835602964438806
508,0.0,0.0,0.0
509,1.416779267299546,0.0,0.0
510,0.20276823420772416,0.0,0.0
511,26.153189636627104,24.699432154255504,24.699432154255504
512,5.817803955076101,0.0,0.0
513,5.779670810238372,0.0,0.0
514,5.654414501438964,0.0,0.0
515,0.46752782246409197,0.0,0.0
516,1.8545859919938152,0.0,0.0
517,4.6128127061879525,0.8922042732056354,0.8922042732056354
518,6.460459761231448,0.0,0.0
519,4.085605618989291,0.0,0.0
520,8.412818023760337,3.3668098640804374,3.3668098640804374
521,19.887476087241424,4.867708559469833,4.867708559469833
522,2.863429798958748,0.0,0.0
523,9.088612237539337,0.0,0.0
524,15.843878832162716,0.0,0.0
525,21.869089617865427,4.972334177383686,4.972334177383686
526,4.337682697910907,0.18379931412493988,0.18379931412493988
527,9.091162850463775,0.0,0.0
528,4.486385332093732,0.0,0.0
529,2.734021916761492,0.0,0.0
530,1.6666325867057594,0.0,0.0
531,21.99854547386758,21.99854547386758,21.99854547386758
532,0.15965761203369766,0.0,0.0
533,6.619049317278041,0.3255005149275121,0.3255005149275121
534,9.406935779986895,0.0,0.0
535,0.0,0.0,0.0
536,3.5974258371526844,0.0,0.0
537,7.424263091756018,2.7217680675010456,2.7217680675010456
538,0.24351647198119508,0.0,0.0
539,4.293269610600589,0.0,0.0
540,2.9021226965154483,0.0,0.0
541,1.1912658480143818,0.082445066509365,0.082445066509365
542,8.401765575197658,0.0,0.0
543,0.9283154392930442,0.0,0.0
544,6.920114700928792,6.213274106590944,6.213274106590944
545,2.043201520737739,0.0,0.0
546,2.3705617222967135,0.0,0.0
547,0.0,0.0,0.0
548,5.894741600196937,0.0,0.0
549,3.470690398522777,0.0,0.0
550,6.275755804632638,1.1618410699983883,1.1618410699983883
551,5.082850355312132,0.0,0.0
552,6.028251461842899,0.0,0.0
553,5.835325158136527,0.0,0.0
554,11.019023369732508,0.0,0.0
555,5.5104329941926835,5.5104329941926835,5.5104329941926835
556,0.0,0.0,0.0
557,3.225498976827282,0.0,0.0
558,2.838524040298239,0.0,0.0
559,0.0,0.0,0.0
560,19.10663086073947,1.0985044402366952,1.0985044402366952
561,0.9994779880636315,0.0,0.0
562,2.7372035256016147,0.0,0.0
563,5.571400806218037,0.0,0.0
564,0.0,0.0,0.0
565,0.0,0.0,0.0
566,0.0,0.0,0.0
567,4.2672544737639555,2.4469802343736546,2.4469802343736546
568,27.96576376146544,5.598692338664648,5.598692338664648
569,1.421119950554555,0.0,0.0
570,5.968885755306417,0.08869112544471136,0.08869112544471136
571,2.5278526006438824,0.0,0.0
572,2.092363727888653,0.0,0.0
573,4.408068802277057,0.0,0.0
574,5.58803030999178,0.0,0.0
575,0.0,0.0,0.0
576,3.1645278756613493,0.0,0.0
577,5.343902440862337,0.0,0.0
578,1.98096017977781,0.0,0.0
579,3.950991433472666,0.0,0.0
580,2.9773013230876018,0.0,0.0
581,0.3234013759550294,1.4426795597537705,1.4426795597537705
582,0.0,0.0,0.0
583,15.42046031737317,0.0,0.0
584,12.43460954814995,11.348925714373394,11.348925714373394
585,0.21558632892543983,0.0,0.0
586,3.351348044686631,0.0,0.0
587,3.8136150751108175,0.0,0.0
588,15.272095179346138,0.0,0.0
589,0.0,0.0,0.0
590,7.414694057291001,0.0,0.0
591,3.5936432595622136,3.3425387314294994,3.3425387314294994
592,12.17846001156795,0.0,0.0
593,0.0,0.0,0.0
594,3.896480054942856,0.0,0.0
595,5.725764520894188,0.0,0.0
596,3.825456184498762,0.0,0.0
597,1.7579491353993717,0.0,0.0
598,0.0,0.0,0.0
599,0.0,0.0,0.0
600,0.6437502109663455,0.0,0.0
601,5.334571281524575,0.0,0.0
602,0.9589496412498306,0.0,0.0
603,0.9066002915070044,0.0,0.0
604,0.0,0.0,0.0
605,2.255402982563453,0.0,0.0
606,27.669917078692976,14.529410770067699,14.529410770067699
607,6.036690010729387,0.0,0.0
608,0.0,0.0,0.0
609,0.6018007629090505,0.6018007629090505,0.6018007629090505
610,6.082762485518714,1.3884308448229774,1.3884308448229774
611,1.3381978912240697,2.2508159259506044,2.2508159259506044
612,3.966031270163569,0.0,0.0
613,0.0,0.0,0.0
614,0.0,0.0,0.0
615,1.5773096567313587,0.0,0.0
616,2.366116247293519,2.3520685912999397,2.3520685912999397
617,5.234654850402251,0.0,0.0
618,1.6950976656798957,0.0,0.0
619,0.09056406547813367,0.09056406547813367,0.09056406547813367
620,0.0,0.0,0.0
621,0.37724615779097803,0.0,0.0
622,8.830414626234358,0.0,0.0
623,2.7109246261823046,0.0,0.0
624,4.334562857102867,0.0,0.0
625,1.0358137436908237,0.0,0.0
626,0.669781911744451,0.669781911744451,0.669781911744451
627,0.1009877280940259,0.0,0.0
628,0.0,0.0,0.0
629,0.0,0.0,0.0
630,0.0,0.0,0.0
631,0.0,0.0,0.0
632,2.5507965062706717,0.0,0.0
633,6.449033344018062,0.0,0.0
634,7.262143744484888,0.0,0.0
635,4.368225908186105,0.0,0.0
636,2.8323091734083334,1.2294028472905723,1.2294028472905723
637,1.2163819230302693,0.0,0.0
638,12.729261424346703,0.26157579538346454,0.26157579538346454
639,11.19582303031234,0.0,0.0
640,5.77732240712686,0.0,0.0
641,9.608192241457914,0.0,0.0
642,1.1096953384580388,0.0,0.0
643,1.9888292527237468,0.0,0.0
644,8.858048799298558,0.0,0.0
645,7.084114918744433,0.0,0.0
646,1.957004379176908,0.0,0.0
647,0.5227271075532371,0.0,0.0
648,1.5010920419861122,0.0,0.0
649,0.0,0.0,0.0
650,0.0,0.0,0.0
651,6.963697388862613,5.179820024114861,5.179820024114861
652,3.994056335703192,0.0,0.0
653,0.0,0.0,0.0
654,14.566710154907298,0.3431526396543063,0.3431526396543063
655,3.125328502015577,0.0,0.0
656,0.0,0.0,0.0
657,7.393557946089231,0.0,0.0
658,9.71080252539906,0.0,0.0
659,3.7875438884307187,0.0,0.0
660,3.8010989016466397,0.0,0.0
661,16.96683813683964,10.161933829966387,10.161933829966387
662,4.0180471265447295,0.06770343948971913,0.06770343948971913
663,1.3512107825893054,0.0,0.0
664,1.243241662448611,0.0,0.0
665,12.213155087521955,0.0,0.0
666,3.6895789612046315,0.12480589131087072,0.12480589131087072
667,4.379941845430437,0.0,0.0
668,3.0965191336670728,0.0,0.0
669,1.0567246939175163,1.0567246939175163,1.0567246939175163
670,6.94524794812753,0.0,0.0
671,12.689950565531632,9.71520175524833,9.71520175524833
672,3.808064349410813,0.0,0.0
673,8.71151509490025,3.1234866633394915,3.1234866633394915
674,3.7230921975516935,0.0,0.0
675,0.8151064934054375,0.0,0.0
676,9.893668955339137,0.0,0.0
677,0.0,0.0,0.0
678,3.217218194473247,1.455070113446567,1.455070113446567
679,1.8749813310299146,0.0,0.0
680,4.6000142899141,4.6000142899141,4.6000142899141
681,2.203065795843827,0.0,0.0
682,0.0,0.0,0.0
683,7.220870644806325,0.0,0.0
684,3.3856611762092825,2.9330475964683558,2.9330475964683558
685,1.9988566277012865,0.0,0.0
686,4.236036263540598,0.0,0.0
687,0.0,0.0,0.0
688,2.1658656637536637,0.0,0.0
689,2.8494890457023985,0.0,0.0
690,3.9142237887633655,0.0,0.0
691,5.5858447831896,0.0,0.0
692,9.169430630563625,9.169430630563625,9.169430630563625
693,0.0,0.0,0.0
694,0.0,0.0,0.0
695,19.669966963860503,3.8166255240813314,3.8166255240813314
696,0.15231075565571928,0.0,0.0
697,3.2970463824145213,0.0,0.0
698,5.556355524059882,0.0,0.0
699,3.7224913137695808,0.0,0.0
700,0.0,0.0,0.0
701,4.205171963758062,0.0,0.0
702,0.0,0.0,0.0
703,0.7960652406610507,0.0,0.0
704,0.4437041258498198,0.0,0.0
705,0.1392611923856748,0.0,0.0
706,3.1210463268124045,0.0,0.0
707,1.8228942863250381,0.0,0.0
708,9.545148298439472,0.0,0.0
709,0.5653784361995804,0.0,0.0
710,25.28396480433591,4.854137757365237,4.854137757365237
711,2.4799769472636513,0.0,0.0
712,3.4295586625975716,0.0,0.0
713,4.086942540669327,0.0,0.0
714,2.496861741867008,4.26782902564409,4.26782902564409
715,0.0,0.0,0.0
716,11.582744707191011,0.0,0.0
717,4.102140158155407,0.0,0.0
718,3.2041470532327025,2.6363170381301018,2.6363170381301018
719,5.737412440281787,2.4593329857767685,2.4593329857767685
720,0.0,0.0,0.0
721,11.362091571756793,1.3239700425702665,1.3239700425702665
722,2.4789650399919196,0.0,0.0
723,2.260933204514174,0.0,0.0
724,3.0203175797644235,0.0,0.0
725,1.0505402290007737,0.0,0.0
726,3.679285890355459,0.0,0.0
727,7.4752081551161496,0.0,0.0
728,3.5523637993523494,5.491910033206608,5.491910033206608
729,3.57014832845465,0.0,0.0
730,5.3600166573955335,0.0,0.0
731,1.291788411086884,0.0,0.0
732,24.482563304262783,4.766049818141653,4.766049818141653
733,3.0290479590124733,0.0,0.0
734,0.0,0.0,0.0
735,14.049842886288161,0.0,0.0
736,0.0,0.0,0.0
737,1.299132888164138,0.0,0.0
738,5.185076729119146,1.2957985845396252,1.2957985845396252
739,4.120404188813865,1.732180930445935,1.732180930445935
740,0.9764152477389416,0.0,0.0
741,4.9508931255088555,0.0,0.0
742,4.566396356535961,0.0,0.0
743,3.5349705321730767,0.0,0.0
744,3.99083086191348,0.0,0.0
745,17.572306459724473,12.31001480725206,12.31001480725206
746,3.4490282027028343,0.0,0.0
747,2.3652513245679643,0.0,0.0
748,3.819958717610973,1.684674813319475,1.684674813319475
749,0.0,0.0,0.0
750,0.0,0.0,0.0
751,3.727617863647538,0.0,0.0
752,1.3660989909294585,0.0,0.0
753,1.284847655806118,0.0,0.0
754,3.7097284874937486,0.0,0.0
755,1.3132538481398797,0.0,0.0
756,0.6730822660420017,0.0,0.0
757,0.21161681227988538,0.0,0.0
758,0.23796805680507305,0.0,0.0
759,4.538531337787958,0.0,0.0
760,18.848726742432405,11.66966594938367,11.66966594938367
761,0.0,0.0,0.0
762,3.8170413618823886,0.0,0.0
763,18.964385989475375,1.7984125044005168,1.7984125044005168
764,6.738893088915802,5.674141267611446,5.674141267611446
765,0.0,0.0,0.0
766,15.597077932266046,3.56304944784128,3.56304944784128
767,1.9747137104073431,0.0,0.0
768,0.26926761596746474,0.0,0.0
769,0.0,0.0,0.0
770,4.690928394099899,0.0,0.0
771,1.0469983925540873,0.0,0.0
772,4.015027797792072,0.0,0.0
773,2.856851665383658,0.0,0.0
774,2.496042834820628,0.0,0.0
775,8.155865684033188,4.855697425038187,4.855697425038187
776,4.808410168954424,0.0,0.0
777,10.624015359398527,4.258123844063903,4.258123844063903
778,5.9649784903277805,0.0,0.0
779,3.21541761433366,0.0,0.0
780,0.0,0.0,0.0
781,0.0,0.0,0.0
782,3.1934128153170036,0.0,0.0
783,0.0,0.0,0.0
784,0.0,0.0,0.0
785,0.0,0.0,0.0
786,3.2299128429760344,0.0,0.0
787,1.5040576692289847,5.07936649537325,5.07936649537325
788,1.229732611595125,0.0,0.0
789,6.65247318574211,0.0,0.0
790,0.37871894054831046,0.0,0.0
791,8.210841297797856,0.0,0.0
792,0.0,0.0,0.0
793,0.0,0.0,0.0
794,1.8839435700558056,0.0,0.0
795,15.36771738193238,0.0,0.0
796,14.702939473457548,0.0,0.0
797,3.7908355039713797,0.0,0.0
798,3.058225463547558,0.0,0.0
799,4.6753273914318925,0.0,0.0
800,8.13439172271302,0.27432972642787945,0.27432972642787945
801,1.1951038108775833,0.0,0.0
802,0.0,0.0,0.0
803,0.0,0.0,0.0
804,2.290982025781034,0.5042210524868551,0.5042210524868551
805,7.030774215634466,1.5625433799953328,1.5625433799953328
806,3.4141619692629774,0.0,0.0
807,0.027174186507636477,0.0,0.0
808,6.001910466627464,0.0,0.0
809,2.455822594082406,0.0,0.0
810,0.0,0.0,0.0
811,18.23732205425182,1.7617759674926106,1.7617759674926106
812,7.835781579334309,0.0,0.0
813,6.143282894570461,0.0,0.0
814,6.343779000134305,0.0,0.0
815,4.801629624400221,0.0,0.0
816,7.449304319523947,0.0,0.0
817,0.0,0.0,0.0
818,12.289559608426202,0.0,0.0
819,3.8973508507589827,0.0,0.0
820,5.033630603565598,1.2170674248651494,1.2170674248651494
821,2.8962641256196093,0.0,0.0
822,0.1567519315839263,0.1567519315839263,0.1567519315839263
823,10.645395814293522,0.0,0.0
824,8.7965677282005,0.0,0.0
825,1.825091777222525,1.339119715354201,1.339119715354201
826,3.996748910068902,0.0,0.0
827,5.308688231744213,0.0,0.0
828,3.810407830932661,2.8543878089605528,2.8543878089605528
829,0.0,0.0,0.0
830,5.615638083493764,1.7834515698991709,1.7834515698991709
831,3.910907839465608,0.0,0.0
832,5.868850327537814,0.0,0.0
833,0.0,0.0,0.0
834,1.933472766813395,0.0,0.0
835,1.2831131431494214,0.0,0.0
836,3.5790745914794115,0.0,0.0
837,0.0,0.0,0.0
838,2.898261586505498,0.0,0.0
839,7.7327079841962245,0.0,0.0
840,2.7564748673808026,0.0,0.0
841,13.621979653457174,0.0,0.0
842,2.8175763360886776,2.8175763360886776,2.8175763360886776
843,5.076043920319307,0.0,0.0
844,1.7847045807892528,0.0,0.0
845,28.23877553297112,7.5039280514576205,7.5039280514576205
846,0.0,0.0,0.0
847,0.0,0.0,0.0
848,1.3253374297842697,0.0,0.0
849,1.0857643399923518,0.0,0.0
850,4.292276138061425,0.0,0.0
851,4.3338530908249595,0.0,0.0
852,1.7090517647644674,0.0,0.0
853,1.4345227261784999,0.0,0.0
854,0.0,0.0,0.0
855,3.436650273835994,0.0,0.0
856,0.17284124984018945,0.0,0.0
857,7.719590080178193,0.0,0.0
858,0.6302960281322498,0.0,0.0
859,1.9567644740452579,0.0,0.0
860,3.4598000560233118,0.0,0.0
861,2.211298830162775,0.0,0.0
862,0.0,0.0,0.0
863,1.9258193851703709,0.0,0.0
864,4.504246884236693,0.0,0.0
865,0.0,0.0,0.0
866,7.543952974729194,0.9719424832265702,0.9719424832265702
867,7.669448044220076,0.0,0.0
868,1.3627028917986195,0.0,0.0
869,2.5523666411917247,0.0,0.0
870,0.0,0.0,0.0
871,9.504321567802009,3.1747876871089886,3.1747876871089886
872,6.795299677433633,2.446267292478609,2.446267292478609
873,4.4070814959371205,0.0,0.0
874,2.50747466287811,0.0,0.0
875,5.414382532491857,0.0,0.0
876,0.44389858477256894,0.0,0.0
877,0.4343288031118391,0.0,0.0
878,0.6951316210422647,0.0,0.0
879,1.2630135778409795,0.0,0.0
880,5.967731939888779,0.0,0.0
881,2.5386082294506878,0.0,0.0
882,2.6025305932593596,3.7477118585570395,3.7477118585570395
883,8.542888769241983,0.0,0.0
884,9.581756612705277,5.238983539720863,5.238983539720863
885,7.104228974885643,5.598250885354503,5.598250885354503
886,16.871869419382392,13.269160923979143,13.269160923979143
887,2.3989806426596942,0.0,0.0
888,9.909570014258861,9.153807228130802,9.153807228130802
889,7.976759406095454,2.2619634393716694,2.2619634393716694
890,12.608595813930293,11.07224428277081,11.07224428277081
891,0.0,0.0,0.0
892,1.9402050084194684,0.0,0.0
893,4.200917919571538,0.20526666133926597,0.20526666133926597
894,2.916511830803671,2.916511830803671,2.916511830803671
895,1.5603810965920957,0.0,0.0
896,6.439155873068955,0.0,0.0
897,4.6677492561356075,0.0,0.0
898,4.286604985603105,0.0,0.0
899,7.2778324599712505,0.0,0.0
900,1.0423963780336294,0.0,0.0
901,2.983148702793642,0.0,0.0
902,0.8925727124453999,0.8925727124453999,0.8925727124453999
903,14.446905377938492,8.909623403851299,8.909623403851299
904,4.454646517787012,0.0,0.0
905,1.816897333625434,0.0,0.0
906,5.121086954655482,0.0,0.0
907,1.7402630317334626,1.7402630317334626,1.7402630317334626
908,7.421635925548969,6.552901144863199,6.552901144863199
909,12.158841543043195,3.561959545147431,3.561959545147431
910,3.2347256738595433,0.0,0.0
911,5.119735202981531,0.0,0.0
912,10.668691678463972,2.0951097898272906,2.0951097898272906
913,0.4764723393498116,0.0,0.0
914,4.172372343392851,0.0,0.0
915,0.7940609071973199,0.0,0.0
916,4.171495823919713,0.0,0.0
917,1.4985294637533002,0.0,0.0
918,5.874749400135784,0.0,0.0
919,2.3736273317366,0.0,0.0
920,8.20844644373966,0.0,0.0
921,0.0,0.0,0.0
922,12.32394295387968,8.02524671850324,8.02524671850324
923,1.171610314953,0.0,0.0
924,3.059467498596973,0.0,0.0
925,0.0,0.0,0.0
926,2.2262477500071327,0.0,0.0
927,3.174261381559859,0.0,0.0
928,4.30796403873876,0.0,0.0
929,0.0,0.0,0.0
930,1.1335114493000447,0.0,0.0
931,11.926480942504952,4.067252541810035,4.067252541810035
932,4.554357387908965,1.1601297092097411,1.1601297092097411
933,2.351614013942765,0.0,0.0
934,5.032041998287582,0.0,0.0
935,0.0,0.0,0.0
936,6.695312815634281,4.316889881475674,4.316889881475674
937,0.12418220480611808,0.0,0.0
938,0.0,0.0,0.0
939,1.53151945018476,0.0,0.0
940,0.0,0.0,0.0
941,12.13683836645032,0.0,0.0
942,0.0,0.0,0.0
943,0.0,0.0,0.0
944,11.302431060326512,0.0,0.0
945,13.17868441661534,0.0,0.0
946,0.0,0.0,0.0
947,3.723103740013812,0.0,0.0
948,2.7818598802330143,0.0,0.0
949,27.073426876657265,1.5479623475405901,1.5479623475405901
950,6.549425389092278,0.0,0.0
951,3.0629170416418106,0.0,0.0
952,0.5393468800550067,0.0,0.0
953,7.347469185894283,0.0,0.0
954,10.220029462183732,0.0,0.0
955,0.0,0.0,0.0
956,13.110272707000178,12.259038938376278,12.259038938376278
957,4.529726223207831,0.0,0.0
958,0.0,0.0,0.0
959,17.141349547334045,14.131214856213063,14.131214856213063
960,3.3398752520481594,0.0,0.0
961,2.5443920261303674,0.0,0.0
962,0.6159782385324206,0.0,0.0
963,3.211880655958282,0.0,0.0
964,3.8813934357145854,0.0,0.0
965,4.350131865726723,0.0,0.0
966,3.418491877841177,1.0935338077352412,1.0935338077352412
967,2.8119214866588322,0.0,0.0
968,4.646928026943215,0.0,0.0
969,4.329450059834585,0.0,0.0
970,0.0,0.0,0.0
971,3.7507943820930905,1.8079651087442699,1.8079651087442699
972,4.511595287852316,4.511595287852316,4.511595287852316
973,3.1933616398482627,0.0,0.0
974,10.396558917396987,1.5934933163974563,1.5934933163974563
975,4.456585559025029,3.1631803198642388,3.1631803198642388
976,0.4884292270818946,0.0,0.0
977,0.0,0.0,0.0
978,4.204159394958822,0.0,0.0
979,31.282080988642832,8.74543184202426,8.74543184202426
980,6.978725653965512,0.0,0.0
981,20.824401665042473,16.670720552564063,16.670720552564063
982,0.15951492511226206,0.0,0.0
983,15.13661651235708,0.7829608866896933,0.7829608866896933
984,0.5885667227631757,0.0,0.0
985,0.7620607194386935,0.0,0.0
986,3.628120535203948,3.628120535203948,3.628120535203948
987,0.0,0.0,0.0
988,9.594089598937956,0.0,0.0
989,13.026036014160326,11.946818667765598,11.946818667765598
990,0.6766857539698776,0.0,0.0
991,2.3542460007186037,0.0,0.0
992,13.695741980431166,2.6185889872256496,2.6185889872256496
993,9.170926067564608,0.0,0.0
994,2.745463112982179,0.0,0.0
995,2.0683887404416055,0.0,0.0
996,3.427376890642222,0.0,0.0
997,6.497208872695467,0.0,0.0
998,0.0,0.0,0.0
999,0.0,0.0,0.0
