scenario_id,RL-FF-Mean,RL-GRU-Mean,Uniform-Mean,RL-FF-CVaR,RL-GRU-CVaR,Uniform-CVaR
0,0.0,0.0,0.0,0.0,0.0,0.0
1,0.0,0.0,0.0,0.0,0.0,0.0
2,0.0,0.0,0.0,0.0,0.0,0.0
3,0.0,0.0,0.0,0.0,0.0,0.0
4,4.532760999012197,3.252872877104693,0.0,0.19855621978092586,0.0,5.221318787824117
5,2.099271774352985,0.0,0.0,5.885795617438703,0.0,5.885795617438703
6,0.0,0.0,0.0,0.0,0.0,0.0
7,2.693478033803814,2.693478033803814,0.0,0.0,0.0,2.693478033803814
8,0.0,0.0,0.0,0.0,0.0,0.0
9,0.0,0.0,0.0,7.147651720894828,0.0,12.667602058726231
10,0.0,0.0,0.0,0.0,0.0,0.0
11,0.0,0.0,0.0,0.0,0.0,0.0
12,0.0,0.0,0.0,0.0,0.0,0.0
13,3.431048268637767,0.0,11.945645544778642,0.0,12.27330447596151,3.431048268637767
14,0.0,0.0,0.0,0.0,0.6401669153411831,0.0
15,1.1079332146057652,1.1079332146057652,0.0,5.8841300071033515,0.0,2.9074623502755514
16,0.0,0.0,0.0,0.0,9.266651132754276,0.0
17,1.872695119124728,3.1689887369535654,0.0,0.2129803726368209,0.0,2.085675491761549
18,0.0,0.0,0.0,13.22313747229964,0.0,13.22313747229964
19,0.0,0.0,0.0,3.197304481753406,0.0,3.197304481753406
20,0.0,0.0,0.0,0.0,0.0,0.0
21,0.0,0.0,0.0,0.0,0.0,0.0
22,0.0,0.0,0.0,0.0,0.0,0.0
23,0.0,0.0,0.0,11.898438343835835,0.0,11.898438343835835
24,0.0,0.0,0.0,0.0,0.0,0.0
25,0.0,0.0,0.0,0.0,0.0,0.0
26,0.0,0.0,0.0,0.0,0.0,0.0
27,0.0,0.0,0.0,3.816854388155889,0.0,6.212233171579726
28,0.0,0.0,0.0,0.0,0.0,0.0
29,0.0,0.0,0.0,0.0,0.0,0.0
30,0.0,0.0,0.0,0.0,0.0,0.0
31,0.0,0.0,0.0,0.0,0.0,0.0
32,2.658510016647597,2.658510016647597,0.0,0.0,0.0,2.658510016647597
33,0.0,0.0,0.0,0.0,0.0,0.0
34,0.0,0.0,0.0,2.870973854060935,0.0,2.870973854060935
35,1.6812615037589467,1.6812615037589467,0.0,0.0,0.0,1.6812615037589467
36,0.0,0.0,0.0,0.2985842811306725,0.0,0.2985842811306725
37,0.0,0.0,0.0,0.0,0.0,0.0
38,0.0,0.0,0.0,0.0,0.0,6.448353849850832
39,0.0,0.0,0.0,0.0,0.0,0.0
40,0.0,0.0,0.0,0.0,0.0,0.0
41,0.0,0.0,0.0,13.398202868362432,0.0,13.398202868362432
42,0.0,0.0,0.0,0.0,4.882887025739876,0.0
43,0.0,0.0,0.0,1.7296583958046199,0.0,1.7296583958046199
44,0.0,0.0,0.0,0.0,0.0,0.0
45,0.0,0.0,0.0,1.10693247181149,0.0,1.10693247181149
46,0.0,0.0,0.0,7.743566563667571,0.0,7.743566563667571
47,0.0,0.0,0.0,32.282961147097694,0.0,32.282961147097694
48,3.4157583342150986,3.4157583342150986,0.0,3.5079564319698306,0.0,6.923714766184929
49,0.0,0.0,0.0,0.0,0.0,0.0
50,0.0,0.0,0.0,0.0,0.0,0.0
51,0.0,0.0,0.0,0.0,0.0,0.0
52,0.0,0.0,0.0,14.87413858222709,0.0,14.87413858222709
53,0.0,0.0,0.0,0.0,0.0,1.076813145494441
54,0.0,0.0,0.0,7.855146078531845,0.0,7.855146078531845
55,0.0,0.0,0.0,0.0,0.0,0.0
56,0.0,0.0,0.0,0.15276796843539842,0.0,0.15276796843539842
57,2.450703771579697,2.450703771579697,0.0,0.0,0.0,2.450703771579697
58,0.0,0.0,0.0,0.0,0.0,0.0
59,0.0,0.0,0.0,0.0,0.0,0.0
60,0.0,0.0,0.0,0.0,0.0,0.0
61,0.0,0.0,0.0,0.0,0.0,0.0
62,0.0,0.0,0.0,0.0,0.0,0.0
63,0.757578924659299,0.757578924659299,0.0,0.0,0.0,0.757578924659299
64,0.0,0.0,0.0,0.0,0.0,0.0
65,0.0,1.2436021620154634,0.0,0.0,0.0,10.885772809716173
66,0.0,0.0,0.0,0.0,0.0,0.0
67,0.0,0.0,0.0,0.0,0.0,0.0
68,0.0,0.0,0.0,0.0,0.0,0.0
69,1.573016314831932,8.49534776833633,6.922331453504398,4.960557338559568,0.0,6.5335736533915
70,0.0,9.579068068663105,16.860270572956438,0.0,0.0,0.0
71,0.0,0.0,0.0,0.0,0.0,0.0
72,0.0,0.0,0.0,0.0,0.0,0.0
73,3.473340812586173,3.473340812586173,0.0,4.2457014402524464,0.0,7.719042252838619
74,2.721502465361084,2.721502465361084,0.7686860152928432,0.0,1.9236983511432584,2.721502465361084
75,0.0,0.0,0.0,0.0,0.7763054803436944,0.0
76,0.0,0.0,0.0,0.0,0.0,0.0
77,0.0,0.0,0.0,0.0,0.0,0.0
78,0.0,0.0,0.0,34.37861356103696,0.0,34.37861356103696
79,0.0,0.0,0.0,0.0,0.0,0.0
80,0.0,0.0,0.0,0.0,0.0,0.0
81,0.0,0.0,0.0,0.0,0.0,0.0
82,0.0,0.0,0.0,0.0,0.0,0.0
83,0.0,0.0,0.0,0.0,0.0,0.0
84,3.4166498048999188,3.4166498048999188,0.0,0.0,0.0,3.4166498048999188
85,0.8236721305566448,0.8236721305566448,0.0,1.6189710354155977,3.2459222617617343,3.271453696527601
86,0.0,0.0,0.0,0.0,0.0,0.0
87,0.0,0.0,0.0,0.0,0.0,0.0
88,0.0,0.0,0.0,0.0,0.0,0.0
89,0.0,0.0,0.0,0.0,0.0,0.0
90,0.0,0.0,0.0,0.0,0.0,0.0
91,0.0,0.0,0.0,0.0,1.29778267193268,0.0
92,0.0,0.0,0.0,0.0,0.0,5.5042069305510495
93,4.7174973412084285,9.905117508822144,0.0,8.106536246626149,0.0,7.209081312796428
94,0.0,0.0,0.0,0.0,0.0,0.0
95,0.0,0.0,0.0,0.0,0.0,0.0
96,0.0,4.203295766883116,2.4685613073569073,0.0,0.0,0.0
97,0.0,0.0,0.0,0.0,0.0,0.0
98,0.0,0.0,0.0,0.0,0.0,0.0
99,0.0,0.0,0.0,0.0,0.0,0.0
100,3.2987955039766916,3.2987955039766916,0.0,13.146981720649592,0.0,16.445777224626283
101,0.0,0.0,0.0,0.0,0.0,0.0
102,0.0,0.0,0.0,0.0,0.0,0.0
103,0.0,0.0,0.0,1.7045519826132818,0.0,1.7045519826132818
104,0.0,0.0,0.0,0.0,0.0,4.422048852353669
105,0.0,0.0,0.956527665888359,0.0,0.0,0.0
106,0.0,14.311698828611327,14.311698828611327,0.07995837120694205,3.0166835943779233,0.07995837120694205
107,0.0,0.0,0.0,0.0,0.0,0.0
108,0.0,0.0,0.0,2.951645228547079,0.0,2.951645228547079
109,0.0,0.0,0.0,0.0,0.0,0.0
110,0.0,0.0,0.0,0.31122054269440014,0.0,0.31122054269440014
111,0.0,0.0,0.0,0.0,0.0,0.8364052530155277
112,0.0,0.0,0.0,0.0,0.0,0.0
113,0.0,0.0,0.0,0.0,0.0,0.0
114,0.0,0.0,0.0,0.0,0.5695948700249573,0.0
115,0.0,0.0,0.0,3.9497948549573607,0.0,12.37853383725593
116,2.038839896378988,2.038839896378988,0.0,12.678513414608688,0.0,14.717353310987676
117,0.0,0.0,0.0,0.0,0.0,0.0
118,0.0,0.0,0.0,0.0,0.0,0.0
119,0.0,0.0,0.0,0.0,9.784597458792234,7.790331175981578
120,0.0,0.0,0.0,0.0,0.0,0.0
121,0.0,0.0,0.0,0.0,0.0,0.0
122,0.0,0.0,0.0,0.0,0.0,0.0
123,0.0,0.0,0.0,0.16004564274339828,0.0,0.16004564274339828
124,0.0,0.0,0.0,13.392680694482692,0.0,13.392680694482692
125,0.0,0.0,0.0,0.0,0.0,0.0
126,0.0,0.0,0.0,8.40835899735572,0.0,8.40835899735572
127,0.6366708561351118,0.6366708561351118,0.0,0.0,0.0,0.6366708561351118
128,0.0,0.0,10.369943612419434,0.0,0.0,0.0
129,0.0,0.0,0.0,0.0,0.0,0.0
130,0.0,13.03087388521567,0.0,1.7565705186356695,0.0,3.6326865111418556
131,5.120983848443984,5.120983848443984,0.0,0.0,0.0,6.377746867931876
132,0.0,0.0,3.117870316810979,6.514299699938931,0.0,6.514299699938931
133,0.0,0.0,0.0,0.0,0.0,0.0
134,0.0,0.0,0.0,0.0,0.0,0.0
135,0.0,0.0,0.11969347961874632,0.0,0.08401437381598953,0.0
136,0.0,0.0,0.0,0.3514875136245905,0.0,0.3514875136245905
137,0.0,0.0,0.0,0.0,0.0,0.0
138,0.0,0.0,0.0,0.0,0.0,0.0
139,3.9288053148961524,3.9288053148961524,0.0,0.0,0.0,3.9288053148961524
140,0.0,0.0,0.0,0.0,0.0,0.0
141,0.0,0.0,0.0,0.0,0.0,0.0
142,0.0,0.0,0.0,2.5377085515055455,0.0,2.5377085515055455
143,0.0,0.0,0.0,0.0,0.0,0.0
144,0.0,0.0,0.0,0.0,0.0,0.0
145,0.0,0.0,0.0,3.91243011288077,0.0,3.91243011288077
146,0.0,0.0,0.0,0.0,0.0,0.0
147,0.0,0.0,0.0,0.0,0.0,0.0
148,0.0,0.0,0.0,0.0,0.0,1.4418122964931968
149,0.0,0.0,0.0,0.0,0.0,0.0
150,0.0,0.0,0.0,0.0,0.0,0.0
151,0.0,0.0,0.0,0.0,0.0,0.0
152,0.0,0.0,0.0,0.0,0.0,0.0
153,4.350985366347146,0.0,0.0,0.0,0.0,4.350985366347146
154,0.0,0.0,0.0,2.6147759729560107,0.0,2.6147759729560107
155,0.0,0.0,0.0,11.773095112458577,0.0,11.478281293814518
156,0.0,0.0,0.0,0.0,0.0,0.0
157,0.0,0.0,0.0,0.0,0.0,0.0
158,0.0,0.0,0.0,0.0,0.0,0.0
159,16.29738875361582,0.0,0.0,8.237254816527383,0.0,16.29738875361582
160,0.0,0.0,0.0,0.0,0.0,0.0
161,0.0,0.0,0.0,0.0,0.0,0.0
162,0.0,0.0,0.0,0.0,0.0,0.0
163,0.0,0.0,0.0,0.0,0.0,0.0
164,0.0,0.0,0.0,0.0,0.0,0.0
165,0.0,0.0,0.0,0.0,0.0,0.0
166,0.0,0.0,0.0,0.0,0.0,0.0
167,0.0,0.0,0.0,0.0,0.0,0.0
168,0.0,0.0,0.0,0.0,0.0,0.0
169,0.0,0.0,5.141343371670132,0.0,0.8000291546774747,0.0
170,1.0327324768776691,1.0327324768776691,0.0,0.0,0.0,1.0327324768776691
171,0.0,0.0,0.0,0.3771476529294091,0.0,0.3771476529294091
172,0.0,0.0,0.0,3.3047141148119294,0.0,3.3047141148119294
173,3.9891662144140128,3.9891662144140128,5.269256460217576,5.824039991282575,0.0,9.813206205696588
174,0.0,0.0,0.0,0.0,0.0,0.0
175,0.0,0.0,0.0,0.0,0.0,0.0
176,0.0,0.0,0.0,0.0,0.0,0.0
177,0.0,0.0,0.0,0.0,0.0,0.0
178,0.0,0.0,0.0,0.0,0.0,0.0
179,0.0,0.0,0.0,0.0,0.0,0.0
180,3.3205305306790365,0.0,0.0,1.9425748245393208,0.0,3.3205305306790365
181,15.383365904252457,3.4288537842069218,6.233766024254493,0.0,0.0,15.383365904252457
182,0.0,0.0,0.0,0.8724143281561396,0.0,3.412460015314025
183,0.0,0.0,0.0,0.0,0.0,0.0
184,0.0,0.0,0.0,6.134378416726179,0.0,6.134378416726179
185,0.0,0.0,0.0,0.0,0.0,0.0
186,0.0,0.0,0.0,0.0,0.0,0.0
187,0.0,0.0,0.0,9.221153992002712,0.0,9.221153992002712
188,0.0,0.0,0.0,0.0,0.0,0.0
189,0.0,0.0,0.0,5.404617643641302,0.0,5.404617643641302
190,5.795496337798966,5.795496337798966,0.0,0.0,0.0,6.430438698718149
191,0.0,0.0,0.0,0.0,0.0,0.0
192,2.102863271833428,0.0,0.0,0.0,0.0,2.102863271833428
193,0.0,0.0,0.0,0.0,0.0,0.0
194,0.0,0.0,0.0,0.0,0.0,0.0
195,0.0,0.0,0.0,0.0,0.0,0.0
196,0.0,0.0,0.0,0.0,0.0,0.0
197,0.0,0.0,0.0,0.0,0.0,0.7201822034020324
198,0.0,0.0,0.0,2.9193985822009836,0.0,2.9193985822009836
199,0.0,0.0,0.0,0.0,0.0,0.0
200,0.0,0.0,0.0,0.0,0.0,0.0
201,0.0,1.6798784374830689,1.6798784374830689,0.0,0.0,0.0
202,0.0,0.0,0.0,0.0,0.0,0.0
203,0.5456372123371409,0.0,0.0,13.085657636226216,0.0,0.5456372123371409
204,0.0,0.0,0.0,2.2970599101839753,0.0,2.2970599101839753
205,0.0,0.0,0.0,0.0,0.0,21.082627170391618
206,0.0,0.0,0.0,4.531657784889035,0.0,4.531657784889035
207,0.0,0.0,0.0,0.0,0.0,0.0
208,0.0,0.0,0.0,14.006277182332838,0.0,14.006277182332838
209,0.0,0.0,0.0,0.0,0.0,0.0
210,0.0,0.0,0.0,3.1926038439966646,0.0,8.407329524330464
211,0.0,0.0,0.0,0.0,0.0,0.0
212,0.0,0.0,0.0,0.0,0.0,0.0
213,0.0,0.0,0.0,6.900335499991002,0.0,6.900335499991002
214,0.0,0.0,0.0,0.0,0.0,0.0
215,0.0,0.0,0.0,2.4807195116405296,4.478954159743438,0.0
216,0.0,0.0,0.0,0.0,0.0,0.0
217,0.0,0.0,0.0,11.052796334404889,0.0,11.052796334404889
218,0.0,6.8818699135789245,10.05390588032995,5.292263287268213,0.0,5.292263287268213
219,7.635449760353168,0.0,19.63082255214664,7.084431555207033,0.0,19.597930324032376
220,0.0,0.0,0.0,0.0,0.0,0.0
221,0.0,0.0,0.0,0.0,0.0,0.0
222,0.0,0.0,0.0,0.0,0.0,0.0
223,0.0,0.0,0.0,0.0,0.0,9.91881487077751
224,0.0,5.547695317941532,0.0,0.0,0.0,0.0
225,3.8552785149796875,3.8552785149796875,0.0,0.0,0.0,3.8552785149796875
226,0.0,0.0,0.0,0.0,0.0,1.1327694455613369
227,0.0,0.0,0.0,0.0,0.0,0.0
228,0.0,0.0,0.0,2.876626707578623,0.0,2.876626707578623
229,0.0,0.0,0.0,0.0,0.0,0.0
230,0.0,0.0,0.0,0.0,0.0,0.0
231,0.0,0.0,0.0,0.0,0.0,0.0
232,0.0,0.0,0.0,11.573340769964375,0.0,11.573340769964375
233,0.0,0.0,0.0,1.337829494740049,0.0,1.337829494740049
234,0.14801193805092794,0.14801193805092794,0.0,3.631786074602303,0.0,3.779798012653231
235,0.0,0.0,0.0,0.6449561585172887,0.0,0.4063569203565862
236,0.0,0.0,2.6199190807301136,0.0,0.0,0.0
237,0.0,0.0,0.0,0.0,0.0,0.0
238,0.0,0.0,0.0,0.0,0.0,0.568812212861701
239,1.4089063267553286,0.0,0.06489398026846516,0.0,3.13733231317309,1.4089063267553286
240,0.0,0.0,0.0,0.0,0.0,0.0
241,0.0,0.0,0.0,0.0,0.0,0.0
242,0.0,0.0,0.0,0.0,0.0,0.0
243,0.0,0.0,0.0,0.3806514293834766,0.0,0.7489278720202037
244,0.0,0.0,0.0,13.668311584301591,0.0,13.668311584301591
245,0.0,0.0,0.0,2.465058782185963,0.0,2.465058782185963
246,1.507253232125123,1.507253232125123,0.0,0.0,0.0,1.507253232125123
247,0.0,0.0,0.0,0.0,0.0,0.0
248,0.0,1.4379622429919436,0.0,1.4239845670202271,0.0,2.073807859964006
249,0.0,0.0,0.0,0.05988601837177043,0.0,0.2495122045004905
250,0.0,1.42609524859148,0.0,0.8959639373094319,0.0,0.8959639373094319
251,0.0,0.0,0.0,5.023853124804248,0.0,5.023853124804248
252,0.0,0.0,0.0,0.0,0.0,8.877024861879136
253,0.0,0.0,0.0,3.376360958260989,0.0,3.376360958260989
254,0.0,0.0,0.0,0.0,0.0,0.0
255,14.708050429276454,0.0,0.0,14.706857863529905,6.62652552491889,14.708050429276454
256,20.201303957166715,0.0,0.0,15.365345007762784,0.0,20.201303957166715
257,0.0,0.0,0.0,7.085879089777279,0.0,10.257571958817948
258,1.5352323495326061,1.5352323495326061,0.0,3.6977578602232484,0.0,5.2329902097558545
259,0.0,0.0,0.0,0.0,0.0,0.0
260,0.0,0.0,0.0,0.13755113445196798,0.0,0.0
261,3.5999589907269467,3.5999589907269467,4.471767282536774,0.0,0.0,3.5999589907269467
262,0.0,0.0,0.0,0.0,0.0,0.0
263,0.0,0.0,0.0,0.0,0.0,0.0
264,0.0,0.0,0.0,0.0,0.0,0.0
265,3.7455263699498005,3.7455263699498005,0.0,0.0,0.0,5.228175278736273
266,0.0,0.0,0.0,0.0,0.0,0.0
267,6.681879214836016,0.0,0.0,8.304913294516666,0.0,9.294689884413316
268,0.0,0.0,0.0,0.0,0.0,8.054675170826329
269,0.0,0.0,0.0,0.0,0.0,3.5692394531606624
270,0.0,0.0,0.0,0.0,0.0,0.0
271,0.0,0.0,0.0,1.4311863807920986,0.0,1.4311863807920986
272,0.0,0.0,0.0,0.0,0.0,0.0
273,0.0,0.0,0.0,8.031428320374062,0.0,8.031428320374062
274,0.0,0.0,3.8007751363612385,3.442952085033312,0.0,3.442952085033312
275,0.0,0.0,0.0,0.0,0.0,0.0
276,0.0,0.0,0.0,0.0,0.0,0.0
277,0.0,0.0,0.0,0.7590085333015963,0.0,0.7590085333015963
278,0.0,0.0,0.0,0.0,0.0,0.0
279,0.0,0.0,0.0,0.0,0.0,0.0
280,8.528335287398932,0.0,0.0,0.0,0.0,8.528335287398932
281,0.0,0.0,0.0,0.0,0.0,1.1090643660421051
282,0.0,0.0,0.0,0.0,0.0,6.051652782604549
283,0.0,2.565938056903633,2.565938056903633,0.29014414693386925,0.0,0.29014414693386925
284,0.0,0.0,0.0,0.0,0.0,0.0
285,0.0,0.0,0.0,0.0,0.0,0.0
286,0.0,0.0,0.0,0.0,0.0,0.0
287,0.0,0.0,3.111221401181524,0.0,0.0,0.0
288,2.733596358480611,2.733596358480611,0.0,0.0,2.2813876317002553,2.733596358480611
289,0.0,0.0,3.2314578811518686,0.0,0.0,0.0
290,1.410351940497435,0.0,0.0,0.0,0.0,1.410351940497435
291,0.0,0.0,0.0,0.0,0.0,0.0
292,0.0,0.0,0.0,0.0,0.0,0.0
293,0.0,0.0,0.0,0.0,0.0,0.0
294,0.0,0.0,0.0,0.0,0.0,0.0
295,0.0,0.0,0.0,0.0,0.0,0.0
296,0.0,0.0,0.0,3.327382233315234,0.0,3.327382233315234
297,0.0,0.0,0.0,5.18387291586572,0.0,5.18387291586572
298,0.0,0.0,0.0,0.0,0.0,0.0
299,0.0,0.0,0.0,0.0,0.0,0.0
300,0.0,0.0,0.0,0.0,0.0,0.0
301,0.0,0.0,0.0,0.0,0.0,0.0
302,0.0,0.0,0.0,5.6523148442875595,0.0,6.552256351630717
303,0.0,0.0,0.0,0.0,0.0,4.726820656329096
304,0.0,0.0,0.0,0.0,0.0,0.0
305,8.24449921187204,8.24449921187204,0.0,0.0,0.0,13.166715016377054
306,0.0,0.0,0.0,0.0,0.0,0.0
307,0.0,0.0,0.0,5.934399714543588,0.0,5.934399714543588
308,21.328875150213662,0.0,0.0,0.0,0.0,21.328875150213662
309,0.0,0.0,0.0,7.429960373153165,0.0,7.429960373153165
310,0.0,0.0,0.0,0.0,0.0,0.0
311,0.0,0.0,0.0,0.0,0.0,0.0
312,0.0,0.0,0.0,0.0,0.0,0.0
313,0.0,0.0,0.0,0.0,0.0,0.0
314,0.0,0.0,0.0,0.0,0.0,0.0
315,0.0,0.0,0.0,0.0,0.0,0.0
316,0.3369860501148594,0.3369860501148594,2.9465747978705394,0.0,0.0,0.3369860501148594
317,0.0,0.0,0.0,0.0,0.0,0.0
318,0.0,0.0,0.0,3.5190729815425357,0.0,3.6527538009348177
319,0.0,0.0,0.0,0.0,0.0,0.0
320,0.0,0.0,0.0,13.059933859242648,0.0,0.0
321,0.0,0.0,0.0,0.0,0.0,0.0
322,0.0,0.6193446194419607,0.0,0.0,0.0,3.0910852657145256
323,1.0307080508601416,1.0307080508601416,0.0,0.0,0.0,1.0307080508601416
324,0.0,0.0,0.0,0.0,0.0,0.0
325,0.0,0.0,0.0,0.0,0.0,0.0
326,0.0,0.0,0.0,0.0,0.0,13.628217924425712
327,0.0,0.0,0.0,0.0,0.0,0.0
328,0.0,0.0,0.0,4.669032855033947,0.0,4.669032855033947
329,0.0,0.0,0.0,0.0,0.0,0.0
330,0.0,0.0,0.0,0.0,0.0,0.0
331,0.0,0.0,0.0,7.944257221267264,0.0,10.14786280535111
332,0.0,0.0,0.0,0.0,0.0,0.0
333,0.0,0.0,0.0,0.0,0.0,0.0
334,0.0,0.0,0.0,0.0,0.0,0.0
335,0.0,0.0,0.0,0.0,0.0,0.0
336,0.0,0.0,0.0,0.21894895056101404,0.0,0.21894895056101404
337,0.0,0.0,0.0,0.0,0.0,0.0
338,0.0,0.0,0.0,0.0,0.0,0.0
339,0.0,0.0,0.0,6.204420949187522,0.0,6.204420949187522
340,0.0,0.0,0.0,0.0,0.0,0.0
341,0.0,0.0,0.0,0.0,0.0,0.24738692034048881
342,0.0,0.0,0.0,10.483864066903891,0.0,10.483864066903891
343,0.0,0.0,0.0,0.0,0.0,0.0
344,0.0,0.0,3.386698289163945,5.37700727059439,0.0,7.338709967980776
345,0.0,0.0,0.0,0.0,0.0,0.0
346,0.0,0.0,0.0,0.0,0.0,0.0
347,0.0,0.0,0.0,0.0,0.0,0.0
348,0.0,0.0,1.9662901504448769,0.0,7.334590264397036,0.0
349,7.666927802846061,0.0,0.0,16.19989365609169,8.074658477651951,22.61709541465771
350,0.0,0.0,0.0,0.0,0.0,0.0
351,0.0,0.0,0.0,0.0,0.0,0.0
352,0.0,0.0,0.0,1.0301080437189398,0.0,5.677603702729925
353,0.0,0.0,0.0,0.0,0.0,0.0
354,0.0,0.0,0.0,0.0,0.0,0.0
355,0.0,0.0,0.0,0.0,0.0,0.0
356,4.265001634195755,4.265001634195755,0.0,4.942652541944483,0.0,9.207654176140238
357,0.0,0.0,0.0,0.0,0.0,0.0
358,0.0,0.0,0.0,0.0,0.0,0.0
359,0.0,0.0,0.0,3.728599625348977,0.0,3.728599625348977
360,0.0,0.0,0.0,1.344466681477627,0.0,1.344466681477627
361,0.0,0.0,0.0,0.0,0.0,3.48861147094658
362,0.0,0.0,0.0,10.172365113870853,0.0,10.172365113870853
363,0.0,0.0,0.0,0.0,0.0,0.0
364,0.0,0.0,0.0,0.0,0.0,0.0
365,0.0,0.0,0.0,0.0,0.0,0.0
366,0.0,0.0,0.0,0.32707469739835915,0.0,0.32707469739835915
367,0.0,0.0,0.0,13.079001643854156,0.0,13.079001643854156
368,4.851225356788973,4.851225356788973,0.0,0.0,0.0,4.851225356788973
369,0.0,0.0,0.0,0.0,0.0,0.0
370,0.0,0.0,0.0,0.0,0.0,0.0
371,1.2956032560737754,0.0,0.0,0.0,0.0,0.0
372,0.0,0.0,3.056159245924988,0.0,0.0,0.0
373,0.0,0.0,0.0,0.0,6.5596394267587925,0.0
374,0.0,0.0,0.0,0.0,0.0,0.0
375,0.0,0.0,0.0,0.0,0.0,0.0
376,0.0,0.0,0.0,0.0,0.0,0.0
377,0.0,0.0,0.0,2.3732348260801928,0.0,1.7926291527762714
378,0.0,0.0,0.0,0.0,0.0,0.0
379,5.443566330806561,0.0,0.0,0.0,0.0,5.443566330806561
380,0.0,0.0,2.8923965500149222,5.235768484254265,0.0,5.235768484254265
381,0.14633090786279013,0.14633090786279013,0.0,0.0,0.0,0.14633090786279013
382,0.0,0.0,0.0,0.0,0.0,0.0
383,3.1370728066629,3.1370728066629,0.0,12.101609929962422,0.0,15.238682736625321
384,0.0,0.0,0.0,0.0,0.0,0.0
385,0.0,0.0,0.0,0.0,0.0,0.0
386,0.0,0.0,0.0,7.8779942582162334,0.0,5.8466349823014525
387,0.0,0.0,0.0,0.0,0.0,1.266241259716253
388,0.0,0.0,0.0,0.0,0.0,0.0
389,0.0,0.0,0.0,1.7493880076704045,0.0,1.7493880076704045
390,0.0,0.0,0.0,0.0,0.0,0.0
391,0.0,0.0,0.0,0.0,0.0,0.0
392,0.0,0.0,0.0,0.0,0.0,0.0
393,0.0,0.0,0.0,0.0,0.0,0.0
394,0.0,0.0,0.0,0.0,0.0,0.0
395,0.0,0.0,0.0,0.0,0.0,0.0
396,0.0,0.0,0.0,0.0,0.0,0.0
397,0.0,0.0,0.0,0.0,0.0,0.0
398,24.79528462148508,0.0,0.0,0.0,0.0,24.79528462148508
399,0.0,0.0,0.0,0.0,0.0,6.125057358308823
400,0.0,0.0,0.0,0.5839128092911778,0.0,0.5839128092911778
401,0.0,0.0,0.0,1.6845068472596267,0.0,1.6845068472596267
402,0.0,0.0,17.58281350007053,2.1171917988062887,0.0,2.1171917988062887
403,2.0447895539333842,2.0447895539333842,0.0,0.0,0.0,2.0447895539333842
404,0.0,0.0,0.0,0.0,0.0,2.3530112085973087
405,1.2603920583005674,1.2603920583005674,0.0,1.7130866521692951,0.0,2.9734787104698626
406,0.03315029602543973,0.03315029602543973,0.0,0.0,0.0,0.03315029602543973
407,0.0,0.0,0.0,0.0,0.0,11.278466282200725
408,0.0,0.0,0.0,0.0,0.0,0.0
409,0.0,0.0,0.0,0.0,0.0,0.0
410,0.0,0.0,0.0,0.0,0.0,0.0
411,0.0,0.0,0.0,0.0,0.0,0.5124367119375961
412,0.0,0.0,0.0,0.0,0.0,3.8862276419309865
413,0.0,0.0,0.0,0.0,0.0,0.0
414,0.0,0.0,0.0,0.0,0.0,0.0
415,0.0,0.0,0.0,0.0,0.0,0.0
416,0.0,0.0,0.0,5.014174816928119,0.0,5.014174816928119
417,0.0,0.0,0.0,0.0,0.0,0.0
418,0.0,0.0,0.0,3.360478945201976,0.0,3.360478945201976
419,0.0,0.0,0.0,0.0,0.0,0.0
420,0.0,0.0,0.0,0.0,0.0,0.0
421,0.0,0.0,0.0,0.0,0.0,0.0
422,0.0,0.0,0.0,0.0,0.0,0.0
423,0.0,0.0,0.0,15.782323997042681,0.0,15.782323997042681
424,0.0,0.0,0.0,0.0,0.0,0.0
425,0.0,0.0,0.0,1.9653574646546872,0.0,1.9653574646546872
426,0.0,0.0,6.448135422582624,0.0,0.0,3.013819322198856
427,0.0,0.0,0.0,0.0,0.0,0.0
428,0.0,0.0,0.0,0.0,0.0,0.0
429,0.0,0.0,0.0,0.0,0.0,0.0
430,0.0,0.0,0.0,0.0,0.0,5.993336090901494
431,0.0,0.0,0.0,9.1726533616702,0.0,9.671774264291116
432,0.0,0.0,0.0,8.713250778029817,0.0,8.713250778029817
433,0.0,0.0,0.0,0.0,0.0,0.0
434,7.7462923209125165,0.0,0.0,0.0,0.0,7.7462923209125165
435,0.0,0.0,0.0,0.0,0.0,0.833074110092241
436,0.0,0.0,0.0,0.0,0.0,0.0
437,0.0,0.0,0.0,0.0,0.0,0.0
438,0.0,0.0,0.0,0.0,0.0,0.0
439,0.0,0.0,0.0,14.317991305778946,0.0,14.317991305778946
440,0.0,0.0,0.0,0.0,0.0,0.4704754671000728
441,3.4476228608343433,3.4476228608343433,0.0,0.0,0.0,3.4476228608343433
442,0.0,0.0,0.0,0.0,0.0,0.0
443,0.0,0.0,0.0,0.0,0.0,0.0
444,0.0,0.0,0.0,0.0,0.0,0.0
445,0.0,0.0,0.0,0.0,0.0,0.0
446,0.0,0.0,0.0,7.85658324574797,0.0,7.958522823188275
447,0.0,0.0,0.0,0.0,0.0,0.0
448,0.0,0.0,0.0,2.9095064508815085,0.0,3.9035814643823983
449,0.0,0.0,0.0,0.0,0.0,0.0
450,0.0,0.0,0.0,0.0,0.0,0.0
451,0.0,0.0,0.0,0.0,0.0,0.0
452,0.0,5.833696073235046,5.833696073235046,0.0,0.0,0.0
453,0.0,0.0,0.0,8.924600139866754,0.0,8.924600139866754
454,0.0,0.0,0.0,0.0,0.0,1.6537506535293005
455,0.0,0.0,0.0,0.0,0.0,0.0
456,3.103578891085874,0.0,0.0,0.0,0.0,2.9101068207673393
457,0.0,0.0,0.0,0.0,0.0,6.6611405860051605
458,0.0,0.0,0.0,0.4161602932003916,0.0,0.4161602932003916
459,0.0,0.0,0.0,0.0,0.0,0.0
460,0.0,0.0,0.0,0.0,0.0,7.037743267559449
461,0.0,0.0,0.0,12.012297652655775,0.9193724458614838,12.012297652655775
462,3.010844781411123,3.010844781411123,0.0,0.0,0.0,3.010844781411123
463,0.0,0.0,0.0,0.0,0.0,0.0
464,0.0,0.0,0.0,0.0,0.0,0.0
465,0.0,0.0,0.0,0.0,0.0,0.0
466,6.591366725096009,0.0,0.0,0.0,0.27237538251915794,0.0
467,0.0,0.0,0.0,0.0,0.0,0.0
468,1.496025096836604,1.496025096836604,0.0,2.9430020641206056,0.0,4.43902716095721
469,0.0,0.0,0.0,0.0,0.0,0.0
470,0.0,0.0,0.0,0.0,0.0,0.0
471,0.0,0.0,0.0,0.0,0.0,0.0
472,3.6617573028767936,3.6617573028767936,0.0,0.0,0.0,3.6617573028767936
473,0.0,0.0,0.0,6.445369224005901,0.0,6.445369224005901
474,0.0,0.0,0.0,0.0,0.0,12.163415914290056
475,0.0,0.0,0.0,0.0,0.0,0.0424647000492655
476,0.0,0.0,3.7170769868560853,0.0,0.0,0.0
477,0.0,0.0,0.0,0.0,0.0,0.0
478,0.0,0.0,0.0,0.0,0.0,0.0
479,0.0,0.0,0.0,0.0,0.0,0.0
480,0.0,0.0,8.424301141900514,0.7414874786621795,0.0,0.0
481,0.0,0.0,0.0,0.0,0.0,0.0
482,0.0,0.0,0.0,0.0,0.0,0.0
483,0.0,0.0,0.0,0.0,0.0,0.0
484,0.0,0.0,0.0,4.615235986029063,0.0,4.615235986029063
485,0.0,0.0,0.0,0.7271095156868341,0.0,0.7271095156868341
486,0.0,0.0,0.0,0.0,0.0,0.0
487,0.0,0.0,16.053001847815096,5.079171464780643,0.0,5.0652423035958805
488,0.0,0.0,0.0,8.769054382618009,0.0,5.212199991769637
489,0.0,0.0,0.0,0.0,0.0,0.0
490,0.0,0.0,0.0,2.3661372606057967,0.0,2.3661372606057967
491,0.0,0.0,11.509401246806533,0.0,0.0,0.0
492,0.0,0.0,0.0,0.0,0.0,0.0
493,0.0,0.0,0.0,0.0,0.0,0.0
494,4.234379135696514,0.0,0.0,1.991267602839514,0.0,6.225646738536028
495,0.0,0.0,0.0,0.0,0.0,0.0
496,0.0,0.0,0.0,5.074286654102025,0.0,5.074286654102025
497,1.3855648183930214,1.3855648183930214,0.0,4.1954184494534275,0.0,5.580983267846449
498,0.0,0.0,0.0,0.0,0.0,0.0
499,0.0,0.0,0.0,0.0,0.0,0.0
500,0.0,0.0,0.0,0.5852688190966546,0.0,0.5852688190966546
501,0.0,0.0,0.0,0.0,0.0,0.0
502,0.0,0.0,0.0,4.9277803977198005,0.0,4.9277803977198005
503,0.0,0.0,0.0,0.0,0.0,0.0
504,0.0,0.0,0.0,0.0,0.0,0.0
505,0.0,0.0,0.0,0.0,0.0,0.0
506,0.0,0.0,0.0,2.2723649498630607,0.0,2.2723649498630607
507,2.3713894688017376,2.3713894688017376,0.0,0.0,0.0,10.612435497144872
508,0.0,0.0,0.0,7.11707570476392,0.0,7.2308756745115375
509,0.0,0.0,0.0,6.156885126579198,0.0,6.156885126579198
510,0.0,0.0,0.0,0.0,0.0,0.0
511,0.0,0.0,0.0,0.0,0.0,0.0
512,0.0,0.0,0.0,0.0,0.0,0.0
513,0.0,0.0,0.0,1.229145568760373,0.0,6.982742646402187
514,0.0,0.0,0.0,0.0,0.0,0.0
515,0.0,0.0,0.0,0.0,0.0,0.0
516,5.528706746768194,5.528706746768194,8.702210309164798,0.874147245313452,0.0,6.402853992081646
517,0.0,0.0,0.0,0.0,0.0,0.0
518,0.0,0.0,0.0,0.0,0.0,0.0
519,0.0,0.0,0.0,0.0,0.0,0.0
520,0.0,0.0,0.0,0.0,0.0,0.0
521,0.0,0.0,0.0,0.0,0.0,0.0
522,0.0,0.0,0.0,0.0,0.0,0.0
523,0.0,0.0,0.0,0.0,0.0,0.0
524,0.0,0.0,0.0,0.0,0.0,0.0
525,0.0,0.0,0.0,0.0,0.0,0.0
526,3.437378124215485,3.437378124215485,0.0,0.0,0.0,7.720572608253548
527,0.0,0.0,0.0,1.55610654135819,0.0,1.55610654135819
528,0.0,0.0,0.0,0.0,0.0,0.0
529,0.0,2.156089078558466,0.0,2.0650099153253905,0.0,6.038152752216888
530,0.0,0.22758099666495468,0.22758099666495468,4.990540233867534,0.0,4.990540233867534
531,0.0,0.0,0.0,0.0,0.0,0.0
532,0.0,0.0,0.0,0.0,0.07936246380376133,0.0
533,0.0,0.0,0.0,0.0,0.0,0.0
534,0.0,0.0,0.0,0.0,0.0,0.0
535,0.0,0.0,0.0,0.0,0.0,0.0
536,0.0,0.0,0.0,0.0,0.0,0.0
537,0.0,0.0,0.0,0.11663020637001864,0.0,0.11663020637001864
538,0.0,0.0,0.0,0.0,0.0,0.0
539,0.0,0.0,0.0,2.185726432978612,0.0,4.635344513838049
540,1.6725442594348578,1.6725442594348578,0.0,0.0,0.0,1.6725442594348578
541,0.0,0.0,0.0,0.0,0.0,0.0
542,0.0,0.0,0.0,0.0,0.0,0.0
543,0.0,0.0,0.0,0.0,0.0,0.0
544,0.0,0.0,0.0,0.0,0.0,0.0
545,0.0,0.0,0.0,0.0,0.0,4.7835744687303645
546,0.0,0.0,0.0,0.4481018387523932,0.0,0.4481018387523932
547,0.0,0.0,0.0,0.0,0.0,0.0
548,0.0,0.0,0.0,9.689787697187114,0.0,9.689787697187114
549,7.685132629331093,7.685132629331093,0.0,0.0,0.0,7.685132629331093
550,0.843607718062259,0.843607718062259,0.0,0.0,0.0,0.843607718062259
551,0.0,0.0,0.0,0.0,0.0,0.0
552,12.265981239355199,0.0,12.753228534612674,7.524909323637047,0.0,12.265981239355199
553,0.0,0.0,0.0,0.16389325234928265,0.0,4.996860438082706
554,0.0,0.0,0.0,27.965634038596022,0.0,27.965634038596022
555,0.0,0.0,0.0,0.0,0.0,0.0
556,0.0,0.0,0.0,0.0,0.0,0.0
557,1.2145253201779553,1.2145253201779553,0.0,0.0,0.0,1.2145253201779553
558,8.339188899656136,0.0,0.0,13.394419263527652,0.0,8.339188899656136
559,3.4586751646112646,3.4586751646112646,0.0,0.0,0.0,3.4586751646112646
560,2.717461439552949,9.082274250124044,0.0,2.426904761987032,0.0,5.144366201539981
561,0.0,0.0,0.0,0.0,0.0,0.0
562,0.0,5.576355623102472,0.0,0.0,0.0,1.7231902055671071
563,0.0,0.0,0.0,0.0,0.0,0.0
564,0.0,0.0,0.0,6.3265370096078755,0.0,6.3265370096078755
565,0.0,0.0,0.0,0.0,0.0,0.0
566,0.0,0.0,0.0,0.0,0.0,0.0
567,0.0,0.0,0.0,10.83391681369045,0.0,15.55006938330638
568,6.127950549205792,0.0,0.0,5.855352782876508,0.0,6.127950549205792
569,0.0,0.0,0.0,2.1373933185872716,0.0,2.1373933185872716
570,0.0,0.0,0.0,0.0,0.0,0.0
571,0.0,0.0,0.0,0.0,0.0,0.0
572,0.0,0.0,0.0,0.0,0.0,0.0
573,0.0,0.0,0.0,0.0,0.0,0.0
574,0.0,0.0,0.0,0.0,0.0,0.0
575,0.0,0.0,0.0,0.0,0.0,0.0
576,0.0,0.0,0.0,13.366513180806066,0.0,13.366513180806066
577,0.0,0.0,2.0234635078296037,0.0,0.0,0.0
578,0.0,0.0,0.0,0.0,0.0,0.0
579,0.0,0.0,0.0,0.0,0.0,0.0
580,0.0,0.0,0.0,0.0,0.0,0.0
581,0.0,0.0,0.0,0.0,0.0,0.0
582,1.61979266794404,1.61979266794404,0.0,2.2867159567636577,0.0,3.9065086247076977
583,0.0,0.0,0.0,0.0,0.08816276618546226,0.0
584,0.0,0.0,0.0,0.5979466144113985,0.0,0.5979466144113985
585,0.0,0.0,0.0,0.0,0.0,0.0
586,0.0,0.0,6.734927158691107,0.0,10.162128080282912,0.0
587,9.549121284318318,9.549121284318318,9.562719209386387,0.0,9.313405124264989,0.23571616005332885
588,0.0,0.0,0.0,0.0,0.0,0.0
589,0.0,0.0,0.0,0.0,0.0,0.0
590,0.0,0.0,0.0,0.0,0.0,1.4888048535092366
591,4.850131227421173,4.850131227421173,0.0,0.0,0.0,4.850131227421173
592,0.0,0.0,0.0,0.0,0.0,0.0
593,0.0,0.0,0.0,0.0,0.0,0.0
594,0.0,0.0,0.0,5.57401548443454,0.0,5.57401548443454
595,0.0,0.0,0.0,0.0,0.0,0.0
596,0.0,0.0,0.0,0.0,0.0,0.0
597,0.0,0.0,0.0,0.0,0.0,0.0
598,1.1556822180231165,1.1556822180231165,0.0,0.0,0.0,1.1556822180231165
599,5.017738563013694,5.017738563013694,0.0,10.534490262068516,0.0,15.55222882508221
600,0.0,0.0,0.0,6.917483432556992,0.0,6.917483432556992
601,0.0,0.0,0.0,5.9614988464549015,0.0,5.9614988464549015
602,0.0,0.0,0.0,0.0,0.0,0.0
603,0.0,0.0,0.0,0.0,0.0,0.0
604,0.7373883597380484,0.7373883597380484,0.0,1.184909965126451,0.0,1.9222983248644994
605,0.0,0.0,0.0,11.983058456641857,0.0,11.983058456641857
606,0.0,0.0,1.887923245678138,0.0,0.0,0.0
607,0.0,0.0,0.0,0.0,0.0,0.0
608,0.0,0.0,0.0,16.22097082995964,0.0,16.22097082995964
609,0.0,0.0,0.0,0.0,0.0,0.0
610,0.0,0.0,0.0,0.0,0.0,0.0
611,0.0,0.0,0.0,5.767950186392284,0.0,5.767950186392284
612,0.0,0.0,0.0,0.6670502268851806,0.0,0.6670502268851806
613,0.0,0.0,0.0,0.0,0.0,0.0
614,0.0,0.0,0.0,0.0,0.0,0.0
615,0.0,0.0,0.0,0.0,0.0,0.0
616,0.0,0.0,0.0,0.6484066864036322,0.0,0.6484066864036322
617,0.0,0.0,0.0,0.0,0.0,0.0
618,0.0,0.0,0.0,11.125602113702257,0.0,11.125602113702257
619,2.7467935092812468,2.7467935092812468,2.781903007779789,0.0,0.0,2.7467935092812468
620,0.0,0.0,0.0,0.0,0.0,0.0
621,4.400022056056599,4.400022056056599,2.269348588633079,1.143016596806774,0.0,5.144254058322275
622,0.0,0.0,6.215552106175608,0.0,0.0,0.0
623,0.0,0.0,0.0,0.0,0.0,0.0
624,0.0,0.0,0.0,0.0,0.0,0.0
625,0.0,0.0,0.0,0.0,0.0,0.0
626,3.903268630173642,3.903268630173642,0.0,0.0,0.0,3.903268630173642
627,0.0,0.0,0.0,0.0,0.0,0.0
628,0.0,0.0,0.0,0.0,0.0,0.0
629,0.0,0.0,0.0,0.0,0.0,5.111033973103304
630,0.0,0.0,0.0,1.921200769409495,0.0,1.921200769409495
631,14.769317515744632,3.72459467765367,0.0,0.0,0.0,14.769317515744632
632,0.0,0.0,0.0,0.0,0.0,0.0
633,0.0,0.0,0.0,0.0,0.0,0.0
634,0.0,0.0,0.0,0.0,0.0,0.0
635,3.3179449745973955,3.3179449745973955,0.0,4.657444781193249,0.0,6.946840811510555
636,0.0,0.0,0.0,4.063742277523772,0.0,4.063742277523772
637,0.0,0.0,2.3211536063653,1.9913159619012504,0.0,1.9913159619012504
638,0.0,0.0,0.0,2.6937939362986185,0.0,2.6937939362986185
639,0.0,0.0,0.0,0.0,0.0,0.0
640,3.571247699128662,3.571247699128662,0.0,0.0,0.0,6.181802867605143
641,0.0,0.0,0.0,12.078626636988872,0.0,12.078626636988872
642,0.0,0.0,0.0,0.0,0.0,0.0
643,0.0,0.0,0.0,0.0,0.0,0.0
644,0.0,0.0,0.0,3.4843252800448,0.0,4.908092822085109
645,0.0,0.0,0.0,0.0,0.0,0.0
646,0.0,0.0,0.0,0.0,0.0,0.0
647,0.0,0.0,0.0,0.0,0.0,0.0
648,3.4425441003461117,3.4425441003461117,0.0,11.650600033445016,0.0,15.093144133791128
649,0.0,0.0,0.0,3.195547539403151,0.0,3.195547539403151
650,0.0,0.0,0.0,0.0,0.0,0.0
651,0.0,0.0,0.0,0.0,0.0,0.0
652,2.1625104934373667,2.1625104934373667,0.0,0.0,0.0,2.1625104934373667
653,2.950824606529892,2.950824606529892,0.0,0.0,0.0,2.950824606529892
654,0.0,0.0,0.0,0.0,0.0,0.0
655,0.0,0.0,0.0,0.0,0.0,0.0
656,0.0,1.2357114239857196,0.0,7.003936237637731,0.0,7.003936237637731
657,0.0,0.0,0.0,0.0,0.0,0.0
658,0.0,0.0,0.0,12.666858268191675,0.0,12.666858268191675
659,0.3469703314301853,0.3469703314301853,0.0,0.0,0.0,10.221754320724557
660,0.9772810994651024,2.9367892691986697,0.0,0.0,0.0,0.9772810994651024
661,0.0,0.0,0.0,0.0,0.0,0.0
662,0.0,0.0,0.0,0.0,0.0,0.0
663,0.0,0.0,0.0,6.884456273283831,0.0,0.0
664,0.0,0.0,0.0,2.8807919548725636,0.0,2.8807919548725636
665,3.457250226571631,3.457250226571631,0.0,0.9310000635077245,0.0,4.388250290079355
666,0.0,0.0,0.0,0.0,0.0,0.0
667,4.204370532109579,0.0,0.0,16.597230299104922,4.020391283628584,14.005368611062636
668,0.0,0.0,0.0,12.842159509556836,0.0,12.842159509556836
669,0.0,0.0,0.0,0.0,0.0,0.0
670,0.0,0.0,0.0,0.0,0.0,0.0
671,0.0,0.0,4.884406160712132,0.0,0.0,0.0
672,0.0,0.0,0.0,0.0,0.0,0.0
673,0.0,0.0,0.0,0.0,0.0,0.0
674,0.0,0.0,0.0,0.0,0.0,0.0
675,0.0,0.0,0.0,0.0,0.0,0.0
676,0.0,0.0,0.0,0.0,0.0,0.0
677,0.0,0.0,0.0,0.0,0.0,0.0
678,0.0,0.0,0.0,0.0,0.0,0.0
679,0.0,0.0,0.0,5.811157573215155,0.0,5.811157573215155
680,11.617259762648388,4.274812227400844,0.0,9.042951279685383,4.274812227400844,7.342447535247544
681,0.0,0.0,0.0,0.0,1.4148914552200722,0.0
682,0.0,0.0,0.0,0.0,0.0,0.0
683,0.0,0.0,0.0,0.0,0.0,0.0
684,0.0,0.0,0.0,0.0,0.0,0.0
685,0.0,0.0,0.0,0.0,0.0,0.0
686,0.0,0.0,0.0,0.0,0.0,0.0
687,0.0,0.0,0.0,2.7688889649731436,0.0,2.7688889649731436
688,0.0,0.0,0.0,0.0,0.0,5.394002314702789
689,0.0,0.0,0.0,0.0,0.0,0.0
690,0.0,0.0,0.0,0.0,0.0,0.0
691,1.9003314974068246,1.9003314974068246,0.0,0.0,0.0,1.9003314974068246
692,0.0,0.0,0.0,8.464107804387595,0.0,8.464107804387595
693,0.0,0.0,0.0,0.0,0.0,0.0
694,0.0,0.0,0.0,4.347344879869979,0.0,4.347344879869979
695,0.0,0.0,0.0,0.0,0.0,0.0
696,0.0,0.0,0.0,5.8335588288252325,2.297504257344741,6.983698467866077
697,0.0,0.0,0.0,4.887670895840756,0.0,4.887670895840756
698,0.0,0.0,0.0,3.037076040818704,0.0,4.718097337141842
699,0.0,0.0,0.0,4.070982883993679,0.0,4.070982883993679
700,0.0,0.0,0.0,0.0,0.0,0.0
701,0.0,0.0,0.0,6.398865290906485,0.0,6.398865290906485
702,0.0,0.0,1.4910560012046972,0.0,0.0,0.0
703,0.0,0.0,0.0,0.0,0.0,0.0
704,0.0,0.0,0.0,0.0,0.0,0.0
705,0.0,0.0,0.0,1.4542432320115495,0.0,1.4542432320115495
706,0.0,0.0,0.0,8.953276517293034,0.0,12.834479920780154
707,0.0,0.0,0.0,12.565890786548607,0.0,2.873563497302939
708,1.4463553675881826,1.4463553675881826,0.0,1.2279218027581464,0.0,3.1745245687287706
709,0.0,0.0,0.0,0.0,0.0,0.0
710,4.107130544891987,0.0,0.0,1.6928150743144101,0.0,5.799945619206397
711,0.0,10.333571299619734,10.333571299619734,0.0,0.0,0.0
712,0.0,0.0,0.0,7.904144076893999,0.0,7.904144076893999
713,0.0,0.0,3.7500935031661697,13.953417557590285,0.0,0.3582705707927971
714,0.0,0.0,0.0,0.0,0.0,0.0
715,2.6884100445805927,2.6884100445805927,0.0,5.373479794487821,0.0,8.938309959200154
716,0.0,0.0,0.0,4.218991995032809,0.0,4.218991995032809
717,0.0,0.0,0.0,2.629213781110252,0.0,2.629213781110252
718,0.0,0.0,0.0,9.98052395183015,0.0,9.98052395183015
719,0.0,0.0,0.0,9.453396061879175,0.0,9.453396061879175
720,0.0,0.0,0.0,0.0,0.0,0.0
721,0.0,0.0,0.0,3.2807511565015943,0.0,3.2807511565015943
722,0.0,2.4105670842490383,2.4105670842490383,0.0,0.0,0.0
723,0.0,0.0,0.0,0.0,0.0,0.0
724,0.0,0.0,0.0,0.0,0.0,4.973359171738764
725,0.0,0.0,0.0,0.0,0.0,0.0
726,0.0,0.0,0.0,0.0,0.0,0.0
727,0.0,0.0,0.0,0.0,0.0,0.0
728,0.0,0.0,0.0,0.0,0.0,0.0
729,0.0,0.0,0.0,0.0,0.0,0.0
730,0.0,0.0,0.0,0.0,0.0,0.0
731,0.0,0.0,0.0,0.0,0.0,0.0
732,0.0,0.0,0.0,0.0,0.0,0.0
733,0.0,0.0,0.0,0.0,0.0,0.0
734,9.555926596099653,0.0,0.0,5.6886858689219935,0.0,9.555926596099653
735,0.0,0.0,0.0,0.0,0.0,0.0
736,0.0,0.0,0.0,2.25177383456969,0.0,2.25177383456969
737,0.654176968097147,0.654176968097147,0.0,0.0,0.0,7.092342694466595
738,5.027245164669466,0.0,0.0,0.0,0.0,5.414146663307406
739,0.1697259527134065,0.0,0.0,0.0,0.0,0.1697259527134065
740,0.0,0.8820310392772512,0.0,0.0,0.0,0.5369026214731321
741,0.0,0.0,0.0,0.0,0.0,0.0
742,0.0,0.0,0.0,0.0,0.0,0.0
743,0.0,0.0,0.0,0.0,0.0,0.0
744,0.0,0.0,0.0,1.722514744123373,0.0,1.722514744123373
745,0.0,0.0,0.0,0.0,0.0,0.0
746,0.0,0.0,0.0,3.5197965328331975,0.0,3.5197965328331975
747,0.0,0.0,0.0,0.5138138568888166,0.0,0.5138138568888166
748,0.0,0.0,0.0,0.0,0.0,0.0
749,0.0,0.0,0.0,0.0,0.0,0.0
750,0.0,0.0,0.0,0.0,0.0,0.0
751,0.0,0.0,0.0,1.327771196324477,0.0,1.327771196324477
752,0.0,0.0,0.0,0.0,0.0,0.0
753,0.0,0.0,0.0,16.783212239532475,0.0,16.783212239532475
754,0.0,0.0,0.0,0.0,0.0,0.0
755,0.0,0.0,0.0,0.0,0.0,0.0
756,0.0,0.0,0.0,0.0,0.0,0.0
757,0.0,0.0,0.0,0.0,0.0,5.148447417800412
758,0.0,0.0,0.0,0.5101313853997453,0.0,0.5101313853997453
759,0.0,0.0,0.0,7.2891737571289354,0.0,7.2891737571289354
760,0.0,0.0,0.0,0.0,0.0,0.0
761,0.0,0.0,0.0,4.5117781149987195,0.0,4.5117781149987195
762,0.0,0.0,0.0,5.350853602185595,0.20815814367117014,0.0
763,13.59490082077454,0.0,0.0,0.8224963641540057,0.0,19.03559355750545
764,0.0,0.0,0.0,2.050932498767736,0.0,2.2158788442302466
765,0.0,0.0,0.0,0.0,0.0,0.0
766,0.0,0.0,0.0,0.0,0.0,0.0
767,1.5675932631677654,1.5675932631677654,4.950709588593071,8.52673320972741,0.0,10.094326472895176
768,0.0,0.0,0.0,0.0,0.0,0.0
769,3.8720739724570876,0.0,0.0,2.1390634655353153,0.0,3.8720739724570876
770,0.8492593243790623,0.8492593243790623,0.0,0.0,0.0,1.9321099603492655
771,0.0,0.0,0.0,0.0,0.0,0.0
772,0.0,0.0,0.0,0.10365916018503185,0.0,0.10365916018503185
773,0.0,0.0,0.0,0.0,0.0,0.0
774,3.412842729855896,0.5082992682069687,0.0,3.234912237045478,0.0,3.7432115052524466
775,0.0,0.0,0.0,0.0,0.0,0.0
776,0.0,0.0,0.0,0.0,0.0,0.0
777,0.0,0.0,0.0,0.0,0.0,0.0
778,0.0,0.0,0.0,0.0,0.0,0.0
779,0.0,0.0,0.0,0.0,0.0,0.0
780,23.735035060652393,10.83172611568142,14.396294404028595,10.139378318627081,0.0,23.735035060652393
781,0.0,0.0,0.0,0.0,0.0,0.0
782,0.0,0.0,0.0,0.0,0.0,0.0
783,0.0,0.0,0.0,0.0,0.0,0.0
784,0.0,0.0,0.0,0.0,0.0,0.0
785,0.0,0.0,0.0,0.0,0.0,1.4896515609322023
786,0.0,0.0,0.0,0.0,0.0,0.0
787,0.0,0.0,0.0,0.0,0.0,1.306388413338027
788,3.7239766172876045,3.7239766172876045,3.9269328469029006,0.0,0.0,3.7239766172876045
789,6.3862480788293965,6.3862480788293965,0.0,0.0,6.3862480788293965,0.0
790,0.0,0.0,0.0,0.0,0.0,0.0
791,0.0,1.3615082495036006,1.2883798101369734,15.137055941871893,0.0,15.137055941871893
792,0.0,0.0,0.0,0.0,0.0,0.0
793,0.0,0.0,0.0,0.49323683099368054,0.0,0.799018535563107
794,3.8669814136663376,3.8669814136663376,0.0,2.1336905521615677,0.0,6.000671965827905
795,0.0,0.0,0.0,3.986485185089748,0.0,3.986485185089748
796,0.0,0.0,0.0,0.0,0.0,0.0
797,0.0,0.0,0.0,7.112238952730024,0.0,7.112238952730024
798,0.0,0.0,0.0,0.0,0.0,11.943019914865658
799,0.0,0.0,0.0,0.0,0.0,0.0
800,0.0,0.0,0.0,1.4855629488391742,0.0,1.4855629488391742
801,0.0,0.0,15.647428850453252,0.0,0.0,0.0
802,0.0,0.0,0.0,0.0,0.0,0.0
803,0.0,0.0,0.0,0.0,0.0,0.0
804,1.7690560021649446,1.7690560021649446,0.0,3.086827890350321,0.0,4.855883892515266
805,0.0,0.0,0.0,0.0,0.0,25.888068022359676
806,0.0,0.0,0.0,0.0,0.0,0.0
807,0.0,0.0,0.0,0.0,0.0,0.0
808,0.0,0.0,0.0,0.0,0.0,0.15976182357434254
809,0.0,0.0,0.0,0.0,0.0,0.0
810,4.433651225531662,0.0,0.0,0.0,0.0,0.0
811,0.0,0.0,0.0,4.321992697580697,0.0,5.6056558846759685
812,0.0,0.0,0.0,3.11292530445877,0.0,3.11292530445877
813,0.0,0.0,0.0,0.0,0.0,0.0
814,0.0,1.7183578977879392,0.0,9.62661508654918,0.0,8.126392895545564
815,0.0,0.0,0.0,0.0,0.0,0.0
816,0.0,0.0,0.0,0.0,0.0,0.0
817,0.0,0.0,0.0,0.0,0.0,0.0
818,0.0,0.0,0.0,0.0,0.0,0.0
819,0.0,0.0,0.0,1.168000148053352,0.0,7.294891652375384
820,0.0,0.0,0.0,12.30688691408426,0.0,12.906652062359171
821,0.0,0.0,0.0,0.0,0.0,12.310089869967896
822,0.8942465588451682,0.8942465588451682,0.0,0.6506433865084205,0.0,1.5448899453535887
823,0.0,0.0,0.0,9.297557860957511,0.0,9.297557860957511
824,1.2700691557106154,1.2700691557106154,0.0,10.977638016930598,0.0,12.247707172641213
825,7.923339396144399,25.799328180148507,25.799328180148507,0.0,3.3753739579063904,2.348472899764488
826,1.0962652275368896,1.0962652275368896,0.0,0.0,0.0,1.0962652275368896
827,0.0,0.0,0.0,0.0,0.0,0.0
828,0.0,0.0,0.0,0.0,0.0,0.0
829,0.0,0.0,0.0,2.6975789577175533,0.0,2.6975789577175533
830,0.0,0.0,0.0,0.0,0.0,0.0
831,0.0,0.0,0.0,0.0,0.0,0.0
832,0.0,0.0,0.0,0.0,0.0,0.0
833,0.1955986211684717,0.0,0.0,0.0,0.0,0.0
834,4.0666093504280525,0.0,7.293846126431447,5.084745996797835,0.0,4.0666093504280525
835,1.8881908162814796,1.8881908162814796,0.0,9.379081518771955,0.0,11.267272335053434
836,4.175007014846187,4.175007014846187,0.0,0.0,0.0,4.175007014846187
837,0.0,0.0,0.0,4.9642077993013345,0.0,5.406782750426316
838,0.0,0.0,0.0,0.0,0.0,0.0
839,0.0,0.0,0.0,0.0,0.0,0.0
840,3.857636664969334,3.857636664969334,0.0,2.0171582768564917,0.0,3.857636664969334
841,3.7517450658252187,0.0,0.0,0.0,0.0,0.0
842,0.0,0.0,0.0,0.0,0.0,0.0
843,0.0,0.0,0.0,0.0,0.0,0.0
844,0.0,0.0,0.0,0.0,0.0,0.0
845,0.0,0.0,0.0,0.0,0.0,0.0
846,0.0,0.0,0.0,0.0,0.0,0.0
847,0.0,0.0,0.0,0.0,0.0,0.680251712416748
848,0.0,0.0,0.0,0.0,0.0,0.0
849,0.0,0.0,0.0,0.0,0.0,0.0
850,0.0,0.0,0.0,0.0,0.0,0.0
851,0.0,0.0,0.0,0.0,0.0,0.0
852,0.0,0.0,0.0,5.850872755774674,0.0,5.850872755774674
853,0.0,0.0,0.0,0.0,0.0,0.0
854,0.0,0.0,0.0,0.0,0.0,8.95250153569043
855,0.8935190040919281,0.8935190040919281,0.0,0.0,0.0,0.8935190040919281
856,0.0,0.0,0.0,0.0,0.0,0.0
857,0.0,0.0,0.0,0.0,0.0,0.0
858,0.0,0.0,0.0,0.3785266642644842,0.0,0.3785266642644842
859,0.0,0.0,0.0,7.8432339618409515,0.0,7.8432339618409515
860,0.0,0.0,0.0,0.0,0.0,3.6527624391203517
861,0.0,0.0,0.0,19.16198389439205,0.0,5.696928167840383
862,0.0,0.0,0.0,0.0,0.0,0.0
863,0.0,0.0,0.0,0.0,0.0,0.0
864,0.0,0.0,0.0,0.0,0.0,0.0
865,0.0,0.0,0.0,0.0,0.0,0.0
866,11.458129935504871,0.0,0.0,0.0,0.0,11.911044504188055
867,0.0,0.0,0.0,0.0,0.0,0.0
868,0.0,0.0,0.0,0.0,0.0,0.0
869,4.061006061060397,4.061006061060397,0.0,0.0,0.0,4.061006061060397
870,0.0,0.0,0.0,0.0,0.0,0.0
871,0.0,0.0,0.0,0.0,0.0,0.0
872,0.0,0.0,0.0,0.0,0.0,7.716987386299081
873,0.0,0.0,0.0,0.0,0.0,0.0
874,0.0,0.0,0.0,0.0,0.0,0.0
875,2.7761880514078427,2.7761880514078427,0.0,0.0,0.0,2.7761880514078427
876,0.6189047511156502,0.6189047511156502,0.0,0.0,0.0,0.6189047511156502
877,0.0,0.0,0.0,4.386770406717005,0.0,4.386770406717005
878,0.0,0.0,0.0,0.0,0.0,0.0
879,0.0,0.0,0.0,0.0,0.0,0.0
880,0.0,0.0,0.0,0.0,0.0,0.0
881,0.0,0.0,0.0,1.4871524924229789,0.0,1.4871524924229789
882,0.0,0.0,0.0,0.0,0.0,11.618798976233109
883,4.306523444416143,1.2403795508203928,0.0,1.2330031365275715,0.0,4.306523444416143
884,3.65066933519617,3.65066933519617,0.0,0.0,0.0,3.65066933519617
885,5.434203691311353,5.434203691311353,0.0,0.0,0.0,5.434203691311353
886,0.0,0.0,0.0,0.0,0.0,0.0
887,0.0,0.0,0.0,0.7863678705990651,0.0,2.45510189374329
888,22.24869216116022,1.6272090907309575,0.0,16.550694804664317,0.0,38.79938696582454
889,0.0,0.0,0.0,0.0,0.0,0.0
890,25.13668554232723,0.0,0.0,0.0,0.0,25.13668554232723
891,0.0,0.0,23.110471051047966,13.909888710362623,0.0,13.909888710362623
892,0.0,0.0,0.0,0.0,0.0,0.0
893,0.0,0.0,0.0,4.835262980349853,0.0,9.434802502008665
894,1.1116060847415383,1.1116060847415383,0.0,4.004773534308015,0.0,5.116379619049553
895,0.0,0.0,0.0,0.22515627362429314,0.0,0.22515627362429314
896,0.0,11.001117847954276,0.0,12.889225075045033,0.0,1.6943981599607127
897,0.0,0.0,0.0,0.0,0.0,0.0
898,0.0,0.0,0.0,0.0,0.0,0.36638059997767414
899,0.0,0.0,21.93632249281592,0.0,0.0,0.0
900,0.0,0.0,0.0,6.609454697213835,0.0,6.609454697213835
901,0.0,0.0,0.0,3.7882298947287723,0.0,3.7882298947287723
902,0.0,0.0,0.0,0.0,0.0,0.0
903,7.60667236732823,5.387969635597273,23.8634965962176,7.628291311106551,0.0,9.343086310707378
904,0.0,0.0,0.0,0.0,0.0,0.0
905,0.0,0.0,0.0,0.0,0.0,0.0
906,0.0,0.0,0.0,0.0,0.0,0.0
907,0.0,0.0,0.0,0.0,0.0,0.0
908,0.0,0.0,0.0,0.0,0.0,0.0
909,0.0,0.0,0.0,0.0,0.0,0.0
910,0.0,0.0,0.0,0.23892389359463095,0.0,0.23892389359463095
911,0.0,0.0,3.3843012341444307,13.156488622106451,3.774939534907901,13.156488622106451
912,0.0,0.0,0.0,0.0,0.0,0.0
913,0.0,8.495568637551798,10.500007516818556,0.0,0.0,0.0
914,0.0,0.0,0.0,0.0,0.0,0.0
915,0.0,0.0,0.0,0.0,0.0,0.0
916,0.0,0.0,0.0,0.0,0.0,0.0
917,0.0,0.0,0.0,0.0,0.0,0.0
918,3.0704395371107296,3.0704395371107296,0.0,0.0,0.0,3.0704395371107296
919,0.0,0.0,0.39840056119402334,0.0,0.0,0.0
920,0.0,0.0,0.0,0.0,0.0,0.0
921,0.0,0.0,0.0,0.0,0.0,0.0
922,0.0,0.0,0.0,0.0,0.0,0.0
923,0.0,0.0,0.0,0.0,0.0,0.6707074354453084
924,0.0,0.0,0.0,0.0,0.0,0.0
925,0.0,0.0,0.0,11.171272172278577,0.0,11.171272172278577
926,0.0,0.0,0.0,0.0,0.0,1.5247475755752475
927,0.0,0.0,0.0,4.198857269829375,0.0,4.198857269829375
928,0.0,0.0,41.01813055477942,0.0,0.0,0.0
929,0.0,0.0,0.0,0.0,0.0,0.0
930,0.0,0.0,0.0,1.3998090166217025,0.0,1.3998090166217025
931,0.0,0.0,0.0,6.507454931792097,0.0,6.507454931792097
932,0.0,0.0,0.0,0.7368383824530156,0.0,0.7368383824530156
933,4.139628982023311,4.139628982023311,0.0,7.150686008127138,0.0,14.701461227905128
934,0.0,0.0,0.0,0.0,0.0,0.0
935,0.0,0.0,0.0,0.0,0.0,0.0
936,0.0,0.0,0.0,1.1591527075601107,0.0,1.1591527075601107
937,0.0,0.0,0.0,0.0,0.0,0.0
938,0.0,0.0,0.0,5.869030230410772,0.0,6.088777153171179
939,0.0,0.0,0.0,0.0,0.0,0.0
940,0.0,0.0,0.0,0.0,0.0,0.0
941,0.0,0.0,0.0,9.221455204463552,0.0,9.221455204463552
942,0.0,0.0,0.0,0.0,0.0,0.055284214116909425
943,0.0,0.0,13.949706985505827,0.0,0.0,4.6338121529875025
944,0.0,0.0,0.0,0.0,0.0,0.0
945,0.0,0.0,0.0,0.0,0.0,0.0
946,0.0,0.0,0.0,0.0,0.0,0.0
947,0.0,0.0,0.0,0.0,0.0,0.0
948,0.0,0.0,0.0,0.0,3.8052298910936315,0.0
949,0.0,0.0,0.0,0.09545245853109918,0.0,0.09545245853109918
950,0.0,0.0,0.0,0.0,0.0,0.0
951,0.0,0.0,0.0,0.0,0.0,0.0
952,0.0,0.0,0.0,0.0,0.0,0.0
953,0.0,0.0,0.0,0.0,0.0,0.0
954,3.881063467290886,0.0,0.0,0.0,0.0,3.881063467290886
955,0.0,0.0,0.0,0.0,0.0,0.22657613680166833
956,2.7983604937393523,2.7983604937393523,0.0,0.0,0.0,9.149223472604689
957,0.0,0.0,0.0,0.0,0.0,0.0
958,6.758320347023329,6.208755737644907,5.6733361039231625,4.190081877571174,0.0,10.948402224594503
959,1.8867607154246855,1.8867607154246855,0.0,0.0,0.0,3.6093116226037125
960,0.4178127794064608,6.556157539706106,6.1383447602996455,0.0,0.0,0.4178127794064608
961,0.0,1.2573765755025192,0.0,0.0,0.0,2.508272689336252
962,0.0,0.0,0.0,2.9135785478928824,0.0,2.9135785478928824
963,3.2607657706964233,0.0,0.0,0.0,0.0,3.2607657706964233
964,0.0,0.0,0.0,0.0,0.0,0.0
965,0.0,0.0,0.0,0.0,0.0,0.6488360069267287
966,0.0,0.0,0.0,1.2650650665942749,0.0,1.987912475160897
967,0.0,0.0,0.0,0.0,0.0308468459459732,0.0
968,0.0,0.0,0.0,0.9625059703190573,0.0,0.9625059703190573
969,0.0,0.0,0.0,0.0,0.0,0.0
970,0.0,0.0,0.0,0.0,0.0,0.0
971,2.6067152435927596,2.6067152435927596,0.0,0.0,0.0,2.6067152435927596
972,0.0,0.0,0.0,0.0,0.0,0.0
973,0.0,0.0,0.0,0.0,0.0,0.0
974,0.0,0.0,0.0,0.0,0.0,0.0
975,0.0,0.0,0.0,0.0,0.0,0.0
976,0.0,0.0,0.0,0.0,0.0,0.8956668716677996
977,0.0,0.0,0.0,0.0,0.0,0.0
978,0.0,0.0,0.0,0.0,0.0,0.0
979,0.0,0.0,0.0,5.809796966598753,0.0,5.809796966598753
980,21.18108150914199,0.0,0.0,14.5938604532179,0.0,21.18108150914199
981,1.9821364974426103,1.9821364974426103,0.0,0.0,0.0,1.9821364974426103
982,0.0,0.0,0.0,0.0,0.0,0.0
983,0.0,0.0,0.0,0.0,0.0,0.0
984,0.0,0.0,0.0,0.3832371802266721,0.0,0.3832371802266721
985,0.0,0.0,0.0,0.0,0.0,0.0
986,0.0,0.0,0.0,0.0,0.0,0.0
987,0.0,0.0,0.0,0.0,0.0,0.0
988,0.0,0.0,0.0,17.861282699083915,0.0,0.0
989,0.0,0.0,0.0,0.5692047982993245,0.0,0.5692047982993245
990,0.0,0.0,0.0,0.0,0.0,0.0
991,0.0,0.0,0.0,0.0,0.0,0.0
992,0.0,0.0,0.0,0.0,0.0,0.0
993,0.0,0.0,0.0,0.0,0.0,0.0
994,0.0,0.0,0.0,0.0,0.0,0.0
995,0.0,0.0,0.0,0.0,0.0,0.0
996,0.0,3.2538135326079782,0.0,0.0,4.798142908366401,0.0
997,0.0,0.0,0.0,0.0,0.0,0.0
998,0.0,0.0,0.0,0.0,0.0,1.8350451907617185
999,0.2545697863469343,0.2545697863469343,0.0,0.0,0.0,0.2545697863469343
