day,replicate,method,n_customers,horizon_min,seed_search,seed_test,seed_algorithm,hawkes_mu,hawkes_beta,hawkes_eta,kappa,distance_km,nominal_tardiness_min,tard_mean,tard_std,tard_var95,tard_cvar95,on_time_mean,max_tard_mean,omi_exposure_mean,omi_exposure_max,route_sampled_multiplier_mean,J_mean_test,J_cvar_test,search_scenario_evals,search_evaluated_candidates,search_operator_decisions,search_null_proposals,search_runtime_s,external_wall_s
1,1,OR-Tools,78,523.8340263032226,143001,144001,0,0.01,0.6,0.35,0.9,365.1,0.0,2.1490964780361157,4.445202442410806,11.078643152125837,16.83101985282307,0.9937820512820512,1.9517457981059263,0.0533843706633576,0.8710324508873738,1.048045933597022,369.3981929560722,398.7620397056461,0,0,0,0,0.0,0.0
1,1,ALNS-Mean,78,523.8340263032226,143001,144001,152001,0.01,0.6,0.35,0.9,365.4,0.0,1.3913949201534266,3.882364046676567,9.39186918637796,15.22911655824256,0.9965641025641024,1.3204576863043456,0.0539855038748325,0.871658138686399,1.048586953487349,368.1827898403069,395.8582331164851,25100,250,384,134,48.79708179199952,48.84119337499942
1,1,ALNS-CVaR,78,523.8340263032226,143001,144001,153001,0.01,0.6,0.35,0.9,368.7,0.0,0.1854537752933098,1.30599892962254,0.4098268771621747,3.6992146908554777,0.9992692307692308,0.1770198570479339,0.0534935300861739,0.8678132304674914,1.0481441770775566,369.0709075505866,376.09842938171096,25100,250,280,30,30.39499437500126,30.43618979200255
1,2,OR-Tools,78,523.8340263032226,243001,244001,0,0.01,0.6,0.35,0.9,365.1,0.0,1.6820328405172762,3.5830669292729183,10.104938312384036,13.806039313913066,0.9948333333333332,1.534853652711254,0.0510831019047694,0.8732807228088048,1.0459747917142923,368.4640656810345,392.7120786278261,0,0,0,0,0.0,0.0
1,2,ALNS-Mean,78,523.8340263032226,243001,244001,252001,0.01,0.6,0.35,0.9,366.2,0.0,0.6210303752693387,2.3445711107609735,5.103272186057552,9.507024326917447,0.9983076923076922,0.6067307720601247,0.0516772012238951,0.873216153752298,1.0465094811015057,367.44206075053864,385.2140486538349,25100,250,369,119,47.01697433300069,47.06203720799749
1,2,ALNS-CVaR,78,523.8340263032226,243001,244001,253001,0.01,0.6,0.35,0.9,367.49999999999994,0.0,0.7581655900496905,2.2002517564884108,5.553996412713161,8.741545549081764,0.9970641025641024,0.7017774828235795,0.0515474446206703,0.8706192205849502,1.0463927001586033,369.0163311800993,384.9830910981634,25100,250,289,39,31.554987082996377,31.59600454199608
1,3,OR-Tools,78,523.8340263032226,343001,344001,0,0.01,0.6,0.35,0.9,365.1,0.0,2.002042058331848,4.20523753512843,11.299245898254128,16.44515498394079,0.9939102564102564,1.7994597383363649,0.0534365486821007,0.8671043584302397,1.0480928938138907,369.10408411666367,397.9903099678816,0,0,0,0,0.0,0.0
1,3,ALNS-Mean,78,523.8340263032226,343001,344001,352001,0.01,0.6,0.35,0.9,366.2,0.0,0.646389083783249,2.642391367048379,4.829965981368218,9.89118420276582,0.9980769230769232,0.6222089123166163,0.0536672990021096,0.8638453479916808,1.0483005691018987,367.4927781675665,385.9823684055317,25100,250,296,46,34.298788708001666,34.34192199999961
1,3,ALNS-CVaR,78,523.8340263032226,343001,344001,353001,0.01,0.6,0.35,0.9,370.69999999999993,0.0,0.090919013929296,0.5817326214855604,0.0,1.818380278585921,0.999448717948718,0.090919013929296,0.0535519261442954,0.8596912486025001,1.048196733529866,370.8818380278585,374.3367605571718,25100,250,274,24,28.039796292003302,28.07991566700366
2,1,OR-Tools,63,534.4851102574896,1143001,1144001,0,0.01,0.6,0.35,0.9,410.5000000000001,0.0,8.079647311625193,9.82613288289888,27.72259945551778,38.16100626931565,0.9767460317460318,5.682358822966271,0.0535410380109874,0.8462695084879381,1.0481869342098886,426.6592946232505,486.8220125386314,0,0,0,0,0.0,0.0
2,1,ALNS-Mean,63,534.4851102574896,1143001,1144001,1152001,0.01,0.6,0.35,0.9,419.00000000000006,0.0,0.5424534121290345,1.4960625763826216,3.957697842613072,5.953902350791557,0.9965714285714286,0.5390674657782624,0.0542991111119498,0.8533884790685591,1.048869200000755,420.0849068242581,430.9078047015832,25100,250,322,72,22.098757791995013,22.135776208000607
2,1,ALNS-CVaR,63,534.4851102574896,1143001,1144001,1153001,0.01,0.6,0.35,0.9,417.60000000000014,0.0,0.2178380103298967,1.079889595886164,1.2366841055539908,3.704914196678516,0.9982063492063492,0.2013117313234389,0.0529463727020235,0.8422108407240887,1.047651735431821,418.03567602065993,425.0098283933572,25100,250,320,70,22.56121166700177,22.59481420800148
2,2,OR-Tools,63,534.4851102574896,1243001,1244001,0,0.01,0.6,0.35,0.9,410.5000000000001,0.0,7.63443829836208,10.096536813683358,30.056247398247763,39.886626361326336,0.977920634920635,5.308248702866453,0.0526209253308454,0.8318417641040768,1.047358832797761,425.7688765967243,490.2732527226528,0,0,0,0,0.0,0.0
2,2,ALNS-Mean,63,534.4851102574896,1243001,1244001,1252001,0.01,0.6,0.35,0.9,415.6000000000001,0.0,0.7268338963984847,2.6619420854844407,4.329259870506405,10.25510007999146,0.9963492063492064,0.6641960474395315,0.0533123826588545,0.838557638568936,1.0479811443929692,417.05366779279706,436.110200159983,25100,250,365,115,25.569330708000052,25.606356625001354
2,2,ALNS-CVaR,63,534.4851102574896,1243001,1244001,1253001,0.01,0.6,0.35,0.9,420.5000000000001,0.0,0.2170902130794774,1.0689218385892645,1.2758123039369025,3.7730229180482593,0.9984285714285714,0.2043967033900365,0.0524872099272142,0.8291950164618825,1.0472384889344928,420.93418042615906,428.04604583609665,25100,250,261,11,15.545621500001287,15.579789625000558
2,3,OR-Tools,63,534.4851102574896,1343001,1344001,0,0.01,0.6,0.35,0.9,410.5000000000001,0.0,8.154729860785157,10.109748326415744,30.11864985074351,40.870402623188,0.9764603174603176,5.682204391575948,0.053465874120821,0.847431593794875,1.048119286708739,426.8094597215704,492.2408052463761,0,0,0,0,0.0,0.0
2,3,ALNS-Mean,63,534.4851102574896,1343001,1344001,1352001,0.01,0.6,0.35,0.9,409.3000000000002,0.0,2.91759569575094,3.8556834447816426,11.153769332989183,14.241632576987149,0.9814444444444445,2.3304566407060383,0.0539749127142188,0.8482645226130832,1.048577421442797,415.1351913915021,437.78326515397447,25100,250,366,116,26.823435124999374,26.861233583003923
2,3,ALNS-CVaR,63,534.4851102574896,1343001,1344001,1353001,0.01,0.6,0.35,0.9,415.49999999999994,0.0,0.6831507843302772,3.0898439816972285,3.4828361045907172,10.682059564628616,0.9964285714285716,0.4883745351456108,0.0543469744601421,0.8414206868223837,1.048912277014128,416.8663015686605,436.8641191292572,25100,250,272,22,17.70851437500096,17.743483083002502
3,1,OR-Tools,67,536.5028574350517,2143001,2144001,0,0.01,0.6,0.35,0.9,396.3999999999998,0.0,4.66955732697257,5.541549035104163,15.953138266524547,22.53688779757205,0.984507462686567,4.177175566186921,0.0529766413423002,0.8518883460693325,1.0476789772080704,405.73911465394497,441.4737755951439,0,0,0,0,0.0,0.0
3,1,ALNS-Mean,67,536.5028574350517,2143001,2144001,2152001,0.01,0.6,0.35,0.9,397.19999999999976,0.0,0.9860321634036302,2.7841260188791885,6.326728658096215,11.113615699172732,0.9956716417910448,0.8634808841961612,0.0528988551479641,0.8420849661227205,1.047608969633168,399.172064326807,419.4272313983452,25100,250,294,44,22.307325000001583,22.347384083004727
3,1,ALNS-CVaR,67,536.5028574350517,2143001,2144001,2153001,0.01,0.6,0.35,0.9,397.19999999999976,0.0,0.9860321634036302,2.7841260188791885,6.326728658096215,11.113615699172732,0.9956716417910448,0.8634808841961612,0.0528988551479641,0.8420849661227205,1.047608969633168,399.172064326807,419.4272313983452,25100,250,271,21,19.7443553750054,19.780381792006665
3,2,OR-Tools,67,536.5028574350517,2243001,2244001,0,0.01,0.6,0.35,0.9,396.3999999999998,0.0,4.571906157357795,6.018370673517657,15.945176302245898,24.327172359528618,0.9847164179104476,4.080721249911571,0.0514907534997476,0.8480004809390941,1.046341678149773,405.5438123147154,445.05434471905704,0,0,0,0,0.0,0.0
3,2,ALNS-Mean,67,536.5028574350517,2243001,2244001,2252001,0.01,0.6,0.35,0.9,396.8999999999998,0.0,1.0220709289971552,4.852439629178776,5.168626668508125,16.597355434954462,0.9970746268656716,0.7986987803271354,0.0513757738993143,0.8260943065211059,1.046238196509383,398.9441418579941,430.09471086990874,25100,250,280,30,20.30456629100081,20.34387995799625
3,2,ALNS-CVaR,67,536.5028574350517,2243001,2244001,2253001,0.01,0.6,0.35,0.9,397.19999999999976,0.0,0.941230375503744,3.3819191468841834,5.6391047350838335,11.897617147857945,0.9957611940298506,0.8054521461887003,0.0513956220102735,0.8434110447680904,1.0462560598092463,399.08246075100726,420.9952342957157,25100,250,279,29,19.594676749999053,19.630207999995037
3,3,OR-Tools,67,536.5028574350517,2343001,2344001,0,0.01,0.6,0.35,0.9,396.3999999999998,0.0,4.884763865658365,5.7857949490333995,17.86488728276356,23.148406707577024,0.9836567164179104,4.331373588152903,0.0532220492978346,0.8618710861973912,1.0478998443680512,406.1695277313165,442.6968134151539,0,0,0,0,0.0,0.0
3,3,ALNS-Mean,67,536.5028574350517,2343001,2344001,2352001,0.01,0.6,0.35,0.9,397.79999999999984,0.0,1.1180496886114588,5.73356611462411,5.785387806264737,17.57617406494507,0.9971194029850744,0.8986042093900825,0.0535117575933008,0.8300262681403551,1.0481605818339708,400.03609937722274,432.95234812989,25100,250,278,28,20.127091916998324,20.165174458001275
3,3,ALNS-CVaR,67,536.5028574350517,2343001,2344001,2353001,0.01,0.6,0.35,0.9,400.8999999999999,0.0,1.0487712522611832,5.679399962088695,5.50179462208169,17.827963322608113,0.997641791044776,0.8332224105788542,0.0540074642631268,0.8418603448529296,1.048606717836814,402.9975425045223,436.5559266452161,25100,250,269,19,18.48867537499609,18.52438770900335
4,1,OR-Tools,69,538.2216824141062,3143001,3144001,0,0.01,0.6,0.35,0.9,419.20000000000016,0.0,10.071840165653208,9.05116998757608,27.69624753953022,36.45020297980189,0.9762028985507248,7.856027576909811,0.0534936400087667,0.86427613955522,1.04814427600789,439.3436803313066,492.1004059596039,0,0,0,0,0.0,0.0
4,1,ALNS-Mean,69,538.2216824141062,3143001,3144001,3152001,0.01,0.6,0.35,0.9,423.4000000000001,0.0,2.511513862097581,4.631190282060658,12.10633809931727,17.32331830870484,0.99236231884058,2.236570924594628,0.0535413246707425,0.8686988173594146,1.0481871922036683,428.42302772419526,458.0466366174098,25100,250,302,52,25.957283791001828,25.99801691599714
4,1,ALNS-CVaR,69,538.2216824141062,3143001,3144001,3153001,0.01,0.6,0.35,0.9,435.40000000000026,0.0,0.9515858075386364,2.9516648567342063,6.7079900902923555,11.546065475101694,0.9960434782608696,0.8182120706575962,0.0535596584935644,0.8612134673180242,1.048203692644208,437.30317161507753,458.49213095020366,25100,250,301,51,25.233179082999413,25.270996292005293
4,2,OR-Tools,69,538.2216824141062,3243001,3244001,0,0.01,0.6,0.35,0.9,419.20000000000016,0.0,9.666761049142991,8.882954079908979,27.512618204463703,34.998577390810084,0.97768115942029,7.546925152298628,0.0514566682788823,0.8567269463208281,1.0463110014509942,438.53352209828614,489.1971547816203,0,0,0,0,0.0,0.0
4,2,ALNS-Mean,69,538.2216824141062,3243001,3244001,3252001,0.01,0.6,0.35,0.9,425.70000000000016,0.0,2.874860171717628,5.184129266981749,13.606297222251811,19.2483594254862,0.9911304347826088,2.448600565476862,0.0519277706532502,0.8389351132178754,1.046734993587925,431.4497203434354,464.19671885097256,25100,250,325,75,28.37252554099541,28.41262129200186
4,2,ALNS-CVaR,69,538.2216824141062,3243001,3244001,3253001,0.01,0.6,0.35,0.9,432.7000000000001,0.0,1.9534052359710077,4.282656961432036,11.213005512963036,16.56886330330567,0.9946956521739132,1.8170036251266397,0.0529389636187986,0.866431467500059,1.0476450672569189,436.60681047194214,465.83772660661145,25100,250,268,18,21.30066933300259,21.337838125000417
4,3,OR-Tools,69,538.2216824141062,3343001,3344001,0,0.01,0.6,0.35,0.9,419.20000000000016,0.0,9.976584851306658,9.812196563583257,31.46992377925835,39.242743654284304,0.9773188405797104,7.776911168289605,0.0532218142954639,0.8608594425365218,1.0478996328659176,439.15316970261347,497.6854873085688,0,0,0,0,0.0,0.0
4,3,ALNS-Mean,69,538.2216824141062,3343001,3344001,3352001,0.01,0.6,0.35,0.9,418.0000000000002,0.0,8.570484359030626,8.789358911963943,26.533782629414645,34.84430664628431,0.9819130434782612,7.305322019968428,0.0530890799093481,0.869130204265118,1.0477801719184132,435.14096871806146,487.6886132925689,25100,250,365,115,33.14345633299672,33.18353499999648
4,3,ALNS-CVaR,69,538.2216824141062,3343001,3344001,3353001,0.01,0.6,0.35,0.9,439.50000000000006,0.0,0.2912013825650378,1.6398511594544352,1.4797399419433075,5.63737253321748,0.999072463768116,0.2861010448843762,0.0536195957596232,0.8611680874765915,1.0482576361836609,440.08240276513015,450.774745066435,25100,250,268,18,19.428923291998217,19.466058582998812
5,1,OR-Tools,75,533.8831856992003,4143001,4144001,0,0.01,0.6,0.35,0.9,395.5000000000001,0.0,22.031815050601676,15.400286323205757,52.10737364733552,62.952419250009015,0.9629333333333332,11.971408379211974,0.0552283582088486,0.8655973250791232,1.0497055223879637,439.56363010120344,521.4048385000182,0,0,0,0,0.0,0.0
5,1,ALNS-Mean,75,533.8831856992003,4143001,4144001,4152001,0.01,0.6,0.35,0.9,394.8,0.0,3.8039924914860994,5.3656281368735765,15.163471099987532,21.993617621421063,0.9859466666666664,3.2256018635433494,0.0545898042351102,0.8618334653493505,1.0491308238115993,402.4079849829722,438.78723524284214,25100,250,271,21,24.649938458998804,24.69338075000269
5,1,ALNS-CVaR,75,533.8831856992003,4143001,4144001,4153001,0.01,0.6,0.35,0.9,403.00000000000006,0.0,0.8386035794315747,2.883500568207202,4.707465649371841,11.004719559676206,0.9970133333333332,0.7235848860637962,0.0546705769413663,0.8659215978818662,1.0492035192472298,404.6772071588632,425.00943911935246,25100,250,259,9,23.73630716699699,23.777093582997622
5,2,OR-Tools,75,533.8831856992003,4243001,4244001,0,0.01,0.6,0.35,0.9,395.5000000000001,0.0,21.85378987141593,16.21517764575465,53.87524013547147,66.90238580674793,0.96308,11.85192314434634,0.0551592564108557,0.8806687474166595,1.04964333076977,439.207579742832,529.304771613496,0,0,0,0,0.0,0.0
5,2,ALNS-Mean,75,533.8831856992003,4243001,4244001,4252001,0.01,0.6,0.35,0.9,396.9,0.0,1.9673348701828053,4.781150786867398,10.460504040341164,18.474921095082653,0.99476,1.7950095085956068,0.0550791877369769,0.879541807847452,1.0495712689632792,400.8346697403656,433.8498421901653,25100,250,286,36,27.373567249996995,27.418224665998423
5,2,ALNS-CVaR,75,533.8831856992003,4243001,4244001,4253001,0.01,0.6,0.35,0.9,417.20000000000016,0.0,2.062700964169854,4.28249556553667,11.722307877925118,16.81052998193533,0.9934666666666666,1.8315601993219193,0.0544408205054194,0.8724231696074819,1.0489967384548775,421.3254019283399,450.8210599638708,25100,250,268,18,23.30796816700604,23.348885958999745
5,3,OR-Tools,75,533.8831856992003,4343001,4344001,0,0.01,0.6,0.35,0.9,395.5000000000001,0.0,21.32282591502059,17.046635662075644,54.39658569386347,71.52964482895104,0.9641066666666668,11.781969211983691,0.0522257419585268,0.8620769369702541,1.047003167762674,438.1456518300413,538.5592896579021,0,0,0,0,0.0,0.0
5,3,ALNS-Mean,75,533.8831856992003,4343001,4344001,4352001,0.01,0.6,0.35,0.9,395.4,0.0,0.7457238450558771,2.770098537707016,6.40070292311708,11.708993435995492,0.9982933333333333,0.7381490449383622,0.0527333807479624,0.8590094673994482,1.0474600426731662,396.8914476901117,418.81798687199097,25100,250,272,22,26.36179574999551,26.406972208002117
5,3,ALNS-CVaR,75,533.8831856992003,4343001,4344001,4353001,0.01,0.6,0.35,0.9,395.0,0.0,0.39891438288581,2.01797684010471,2.1352569480004604,7.653223007969005,0.9990266666666666,0.3759627542094001,0.0524494790772556,0.8627956893202204,1.0472045311695302,395.7978287657716,410.3064460159381,25100,250,284,34,27.54647500000283,27.587911166003323
6,1,OR-Tools,77,527.8491041104045,5143001,5144001,0,0.01,0.6,0.35,0.9,370.7000000000001,0.0,19.447115294580588,18.93994123757821,59.19098277383972,80.38772960575898,0.95925974025974,9.371681032705276,0.0533905639310063,0.871566258819286,1.0480515075379058,409.5942305891612,531.475459211518,0,0,0,0,0.0,0.0
6,1,ALNS-Mean,77,527.8491041104045,5143001,5144001,5152001,0.01,0.6,0.35,0.9,377.9000000000001,0.0,1.847846149395736,5.080275268166449,13.441642305137862,20.300348498106636,0.9962727272727272,1.6401464285833236,0.053232608950928,0.8561775231516401,1.0479093480558352,381.5956922987915,418.5006969962134,25100,250,295,45,30.330239458002325,30.376130249998823
6,1,ALNS-CVaR,77,527.8491041104045,5143001,5144001,5153001,0.01,0.6,0.35,0.9,383.1,0.0,0.7361032186761775,4.221834013771968,2.5729579367737188,14.01697870309535,0.9983896103896104,0.4609455974850633,0.0529581809756817,0.8679606229135393,1.0476623628781137,384.5722064373523,411.13395740619075,25100,250,262,12,24.168473208999785,24.211514333001105
6,2,OR-Tools,77,527.8491041104045,5243001,5244001,0,0.01,0.6,0.35,0.9,370.7000000000001,0.0,19.916462937724564,19.547811653797417,55.822402250009304,80.60742519162842,0.958272727272727,9.456501736581933,0.0530587119805581,0.8668719792296645,1.0477528407825023,410.5329258754492,531.9148503832569,0,0,0,0,0.0,0.0
6,2,ALNS-Mean,77,527.8491041104045,5243001,5244001,5252001,0.01,0.6,0.35,0.9,374.0,0.0,1.880888901401021,4.23883357899556,11.593895721766586,16.751717344161058,0.9956103896103896,1.813808210848321,0.0540237767625712,0.8682734552664306,1.048621399086314,377.7617778028021,407.5034346883221,25100,250,272,22,26.218612833006773,26.264402375003556
6,2,ALNS-CVaR,77,527.8491041104045,5243001,5244001,5253001,0.01,0.6,0.35,0.9,375.4,0.0,3.617756903567208,6.178669107690989,17.545318345662707,23.27281745420399,0.9898311688311688,2.998905663331613,0.0538046176992712,0.862679579149157,1.048424155929344,382.6355138071344,421.9456349084079,25100,250,254,4,22.042995750001865,22.085297707999416
6,3,OR-Tools,77,527.8491041104045,5343001,5344001,0,0.01,0.6,0.35,0.9,370.7000000000001,0.0,19.000085679278776,19.066775141386255,55.989232670999,79.22842120090924,0.9600389610389608,9.074840400526464,0.0516779107967854,0.8640506625042531,1.046510119717107,408.7001713585576,529.1568424018185,0,0,0,0,0.0,0.0
6,3,ALNS-Mean,77,527.8491041104045,5343001,5344001,5352001,0.01,0.6,0.35,0.9,381.6,0.0,2.8592154340171545,6.31304276900497,16.14367764922224,23.56758307449359,0.9935194805194804,2.4121931057959083,0.0526146872287438,0.8706037648777659,1.0473532185058694,387.31843086803434,428.7351661489872,25100,250,261,11,24.523167209001254,24.567832875000025
6,3,ALNS-CVaR,77,527.8491041104045,5343001,5344001,5353001,0.01,0.6,0.35,0.9,376.9,0.0,0.5126830251187059,2.198864088676018,3.8501803694640273,8.927783757755781,0.9987792207792208,0.5106022869061635,0.0531151081474947,0.8781504763923844,1.0478035973327453,377.9253660502374,394.75556751551153,25100,250,258,8,23.59076120800455,23.63214254200284
7,1,OR-Tools,66,536.4634582272179,6143001,6144001,0,0.01,0.6,0.35,0.9,363.39999999999986,0.0,7.32090391173896,10.761737810693104,25.58304079643108,41.35829301125179,0.982742424242424,5.811490156094327,0.0527018378850673,0.8622518439584811,1.0474316540965607,378.04180782347777,446.11658602250344,0,0,0,0,0.0,0.0
7,1,ALNS-Mean,66,536.4634582272179,6143001,6144001,6152001,0.01,0.6,0.35,0.9,364.0,0.0,5.101609108791187,8.88941586633849,20.288581492386182,34.05719963675265,0.9886515151515152,4.192022492916604,0.0524480421873994,0.8608412140747259,1.0472032379686596,374.2032182175824,432.1143992735053,25100,250,273,23,19.91200424999988,19.951796874993303
7,1,ALNS-CVaR,66,536.4634582272179,6143001,6144001,6153001,0.01,0.6,0.35,0.9,369.09999999999985,0.0,2.5585666713903574,11.062924755631332,12.345074179830505,33.62720713602324,0.9950151515151514,1.8243922160480923,0.0523534320829093,0.8574328553049699,1.0471180888746183,374.2171333427806,436.3544142720463,25100,250,255,5,17.050493875001848,17.08690391699929
7,2,OR-Tools,66,536.4634582272179,6243001,6244001,0,0.01,0.6,0.35,0.9,363.39999999999986,0.0,7.896851259862335,11.702581797650575,27.767909036575137,46.35073677958394,0.982030303030303,6.1797732251406545,0.0527360541149727,0.853916769716805,1.0474624487034754,379.1937025197245,456.10147355916774,0,0,0,0,0.0,0.0
7,2,ALNS-Mean,66,536.4634582272179,6243001,6244001,6252001,0.01,0.6,0.35,0.9,363.6999999999999,0.0,5.927266054200192,10.819593675563617,22.067532926100057,41.70449528515343,0.9853787878787876,4.487472905162904,0.0526050847031729,0.8579652912893578,1.0473445762328557,375.5545321084003,447.10899057030673,25100,250,284,34,21.797075541995586,21.83608416700008
7,2,ALNS-CVaR,66,536.4634582272179,6243001,6244001,6253001,0.01,0.6,0.35,0.9,377.7999999999999,0.0,4.357807835519539,7.676196225793295,18.263297681418575,30.406312938107263,0.984712121212121,3.2786345498886784,0.0533404487193394,0.8532848257886784,1.0480064038474055,386.51561567103903,438.61262587621445,25100,250,262,12,18.424861874998896,18.46198795800592
7,3,OR-Tools,66,536.4634582272179,6343001,6344001,0,0.01,0.6,0.35,0.9,363.39999999999986,0.0,7.13536611381942,10.618006259065869,26.055502660745503,41.765052670126536,0.9833939393939392,5.598728526609688,0.0523574379426691,0.8561693136476819,1.0471216941484025,377.6707322276387,446.9301053402529,0,0,0,0,0.0,0.0
7,3,ALNS-Mean,66,536.4634582272179,6343001,6344001,6352001,0.01,0.6,0.35,0.9,363.6999999999999,0.0,5.36183615285616,9.913457090586038,21.30333831170532,37.814333372367805,0.9864242424242424,4.060169997901273,0.0524116578287853,0.8564934498247633,1.0471704920459068,374.4236723057122,439.3286667447355,25100,250,271,21,20.185974874999378,20.225253207994683
7,3,ALNS-CVaR,66,536.4634582272179,6343001,6344001,6353001,0.01,0.6,0.35,0.9,368.4999999999999,0.0,3.3758384373455037,5.659742152146147,14.684098112713457,21.25782273172024,0.9900757575757576,3.069834991087039,0.0527506548185243,0.8518865218276602,1.0474755893366718,375.2516768746909,411.0156454634403,25100,250,258,8,18.36346600000252,18.400001374997373
8,1,OR-Tools,74,535.3240219323843,7143001,7144001,0,0.01,0.6,0.35,0.9,437.7000000000002,0.0,11.150267545145802,15.621276400378637,43.283897524317126,61.43685147955004,0.973527027027027,6.343342921514451,0.0545448809344604,0.8781238912558206,1.0490903928410145,460.0005350902918,560.5737029591003,0,0,0,0,0.0,0.0
8,1,ALNS-Mean,74,535.3240219323843,7143001,7144001,7152001,0.01,0.6,0.35,0.9,440.8,0.0,4.959515278692345,8.957892432407366,20.9590057471531,34.54646700834873,0.9870810810810812,3.5293335092131457,0.0543070414543752,0.867964945098928,1.0488763373089376,450.7190305573847,509.8929340166975,25100,250,300,50,32.180280209002376,32.22446820799814
8,1,ALNS-CVaR,74,535.3240219323843,7143001,7144001,7153001,0.01,0.6,0.35,0.9,454.69999999999993,0.0,2.2017713065091846,5.488702936068051,12.111997779281182,21.07231316667596,0.9935270270270272,1.790229643615957,0.0547722863253783,0.8620194452890683,1.0492950576928406,459.1035426130183,496.8446263333518,25100,250,290,40,29.677809625005462,29.71926487499877
8,2,OR-Tools,74,535.3240219323843,7243001,7244001,0,0.01,0.6,0.35,0.9,437.7000000000002,0.0,10.991667468942648,15.040210102826933,42.50143895953033,59.7996711348535,0.9733783783783784,6.4023928999870225,0.0525748331609234,0.8566383061197648,1.0473173498448312,459.6833349378855,557.2993422697073,0,0,0,0,0.0,0.0
8,2,ALNS-Mean,74,535.3240219323843,7243001,7244001,7252001,0.01,0.6,0.35,0.9,436.30000000000007,0.3360914637644896,8.05933797672058,10.15348880942315,26.089585343715413,41.34787282448137,0.981054054054054,5.945354569421607,0.0531495369915303,0.8531650235456711,1.0478345832923774,452.4186759534412,518.9957456489628,25100,250,326,76,34.4335825829985,34.47708637500182
8,2,ALNS-CVaR,74,535.3240219323843,7243001,7244001,7253001,0.01,0.6,0.35,0.9,443.5999999999999,0.0,3.5463373213059763,8.654355481471896,20.64913207566147,34.68294754008579,0.9924729729729728,2.432992817091999,0.0527959966306888,0.8329011819874034,1.04751639696762,450.69267464261185,512.9658950801715,25100,250,269,19,23.308269834000384,23.349724500003504
8,3,OR-Tools,74,535.3240219323843,7343001,7344001,0,0.01,0.6,0.35,0.9,437.7000000000002,0.0,11.845043240259956,15.96646770706102,42.511389841643165,60.98568497157743,0.972337837837838,6.522186765968618,0.0545691205986227,0.8661085862234618,1.0491122085387603,461.39008648052015,559.671369943155,0,0,0,0,0.0,0.0
8,3,ALNS-Mean,74,535.3240219323843,7343001,7344001,7352001,0.01,0.6,0.35,0.9,439.00000000000006,0.0,5.945753235161769,13.252664794707718,26.66739246323158,48.292252563158726,0.9856486486486488,3.703017578236997,0.0545103906808248,0.8590073412677184,1.0490593516127424,450.8915064703236,535.5845051263175,25100,250,294,44,30.595306374998472,30.64030774999992
8,3,ALNS-CVaR,74,535.3240219323843,7343001,7344001,7353001,0.01,0.6,0.35,0.9,446.3000000000002,0.3360914637644896,8.07686469849163,8.71904831740105,25.742612320165705,33.83810872006631,0.9811621621621622,6.352796866740115,0.0553242191474026,0.8726970115683091,1.0497917972326625,462.4537293969834,513.9762174401328,25100,250,270,20,26.15517974999966,26.19712970800174
9,1,OR-Tools,84,537.8181602266151,8143001,8144001,0,0.01,0.6,0.35,0.9,431.2999999999999,0.0,16.568747366840622,14.31672954153392,45.29692811156042,56.32118337753844,0.9682380952380952,9.66447211565644,0.0518292631210788,0.852880619870306,1.046646336808971,464.4374947336811,543.9423667550768,0,0,0,0,0.0,0.0
9,1,ALNS-Mean,84,537.8181602266151,8143001,8144001,8152001,0.01,0.6,0.35,0.9,430.6,0.0,5.388902903056745,7.382943405080432,21.339120995616497,27.643513465755017,0.9861071428571428,4.245621199003823,0.0516116699315289,0.8616950489090086,1.046450502938376,441.3778058061135,485.8870269315101,25100,250,282,32,37.9949355830031,38.044654584002274
9,1,ALNS-CVaR,84,537.8181602266151,8143001,8144001,8153001,0.01,0.6,0.35,0.9,434.2,0.0,5.170795589094164,6.675737022766572,18.86063767114851,24.92777468785142,0.9858809523809524,4.038934004101138,0.0513516535376525,0.8517563861469865,1.0462164881838871,444.5415911781883,484.0555493757028,25100,250,259,9,30.305467166996095,30.351069333999476
9,2,OR-Tools,84,537.8181602266151,8243001,8244001,0,0.01,0.6,0.35,0.9,431.2999999999999,0.0,17.30498902550918,15.494393058734538,47.811537039696304,61.300837663932725,0.9677857142857142,9.811702043481992,0.0536469846498982,0.8666744037347576,1.0482822861849084,465.90997805101824,553.9016753278654,0,0,0,0,0.0,0.0
9,2,ALNS-Mean,84,537.8181602266151,8243001,8244001,8252001,0.01,0.6,0.35,0.9,428.2000000000001,0.0,5.935494336569346,9.381148589178416,25.552687264944836,36.04218722080445,0.9824880952380952,3.845255521982041,0.0539967317448233,0.8647718310700414,1.048597058570341,440.07098867313874,500.284374441609,25100,250,265,15,32.278832541000156,32.32743595800275
9,2,ALNS-CVaR,84,537.8181602266151,8243001,8244001,8253001,0.01,0.6,0.35,0.9,438.2999999999999,0.0,1.2707661025010917,3.857072925222059,9.361523999590643,15.342196925895571,0.9967738095238096,1.083936101189272,0.0542736886679521,0.867458178106951,1.048846319801157,440.8415322050021,468.9843938517911,25100,250,272,22,33.04968899999949,33.09543916700204
9,3,OR-Tools,84,537.8181602266151,8343001,8344001,0,0.01,0.6,0.35,0.9,431.2999999999999,0.0,17.119542589124656,15.223269339499192,47.022267763293826,61.931868086966205,0.9678809523809524,9.9312709244434,0.0532596229880911,0.8646341199518617,1.047933660689282,465.5390851782492,555.1637361739323,0,0,0,0,0.0,0.0
9,3,ALNS-Mean,84,537.8181602266151,8343001,8344001,8352001,0.01,0.6,0.35,0.9,428.80000000000007,0.0,3.762312478055288,7.212875689750355,17.43857127639808,28.19196336772914,0.989202380952381,2.7676696124271913,0.0528207931461896,0.863615812316494,1.0475387138315706,436.32462495611065,485.18392673545833,25100,250,264,14,30.696344375006447,30.74534033300006
9,3,ALNS-CVaR,84,537.8181602266151,8343001,8344001,8353001,0.01,0.6,0.35,0.9,430.2999999999999,0.0,4.745463558553602,6.426845993544493,18.4076981792536,23.91407815129128,0.9870357142857142,3.8600353624988246,0.0533701865403305,0.868687989241532,1.0480331678862975,439.7909271171072,478.1281563025825,25100,250,261,11,31.643624750002346,31.688293582999904
