run_id,day,replicate,path_index,attempt_index,episode_id,vehicle_id,omi,remaining_customers,route_changed,search_gain,incumbent_search_score,selected_search_score,evaluated_candidates,operator_decisions,null_proposals,scenario_evals,recourse_runtime_s,decision_cap_hit,next_node_changed
D02_R01_P001,2,1,1,1,1,4,0.9518894359544673,15,False,0.0,74.03239513039713,74.03239513039713,250,1098,848,25100,1.817839749972336,False,False
D02_R01_P001,2,1,1,2,1,1,0.5739063565296588,11,True,0.8999999999999986,51.5,50.6,1,25000,24999,200,9.628725834016223,True,True
D02_R01_P001,2,1,1,3,2,0,0.9202764210237884,4,False,0.0,30.605226301257495,30.605226301257495,0,25000,25000,100,2.4594627909827977,True,False
D02_R01_P002,2,1,2,1,1,1,0.7684102724588722,11,True,0.8999999999999986,51.5,50.6,1,25000,24999,200,9.685670040955301,True,True
D02_R01_P003,2,1,3,1,1,4,0.7053393536438921,11,False,0.0,64.44298537135168,64.44298537135168,250,1221,971,25100,1.2314134999760427,False,False
D02_R01_P003,2,1,3,2,2,4,0.782256957796231,10,True,2.831011688842608,99.26852267340882,96.43751098456622,250,2123,1873,25100,1.3956731660291553,False,False
D02_R01_P003,2,1,3,3,2,5,0.7209579894430175,5,False,0.0,49.300000000000004,49.300000000000004,250,1411,1161,25100,0.5998122920282185,False,False
D02_R01_P004,2,1,4,1,1,1,0.9238901934679674,9,False,0.0,47.724857364541805,47.724857364541805,0,25000,25000,100,7.124265958031174,True,False
D02_R01_P006,2,1,6,1,1,1,0.6958870650135369,7,False,0.0,43.8,43.8,0,25000,25000,100,5.039471166965086,True,False
D02_R01_P007,2,1,7,1,1,4,0.9238293532149614,15,False,0.0,72.21644588935392,72.21644588935392,250,865,615,25100,1.640074166993145,False,False
D02_R01_P007,2,1,7,2,1,1,0.5589370534692953,11,False,0.0,51.5,51.5,1,25000,24999,200,9.77897408301942,True,False
D02_R01_P008,2,1,8,1,1,4,0.7958504300876816,16,False,0.0,74.60000000000001,74.60000000000001,250,710,460,25100,1.7631704169907607,False,False
D02_R01_P008,2,1,8,2,2,1,0.6625145339983326,11,True,0.8999999999999986,51.5,50.6,1,25000,24999,200,9.858792915998492,True,True
D02_R01_P009,2,1,9,1,1,4,0.9586020669924665,11,False,0.0,70.15081512759562,70.15081512759562,250,1866,1616,25100,1.519598875020165,False,False
D02_R01_P009,2,1,9,2,1,2,0.7844311641792873,10,False,0.0,46.4,46.4,250,9824,9574,25100,4.0464504169649445,False,False
D02_R01_P009,2,1,9,3,2,1,0.9456615055929644,9,False,0.0,47.7,47.7,0,25000,25000,100,7.1674944999977015,True,False
D02_R01_P009,2,1,9,4,2,0,0.6576004151983257,3,False,0.0,22.700000000000003,22.700000000000003,0,25000,25000,100,1.9221222079941072,True,False
D02_R01_P009,2,1,9,5,3,1,0.734883077523196,6,False,0.0,40.2,40.2,0,25000,25000,100,4.075041875010356,True,False
D02_R01_P010,2,1,10,1,1,5,0.9466596114235549,10,False,0.0,73.34432723199403,73.34432723199403,250,6103,5853,25100,2.794111499970313,False,False
D02_R01_P010,2,1,10,2,2,5,0.9631578731179103,7,False,0.0,65.47938030479892,65.47938030479892,250,2258,2008,25100,1.0007535829790868,False,False
D02_R01_P010,2,1,10,3,3,2,0.868557608525235,10,False,0.0,46.4,46.4,250,8048,7798,25100,3.460836875019595,False,False
D02_R01_P010,2,1,10,4,4,4,0.9691003139774669,6,False,0.0,49.1,49.1,0,25000,25000,100,4.149901291995775,True,False
D02_R01_P010,2,1,10,5,4,0,0.933840091822359,4,False,0.0,31.11328513207834,31.11328513207834,0,25000,25000,100,2.5293558330158703,True,False
D02_R01_P010,2,1,10,6,4,2,0.6559911296452245,5,False,0.0,28.0,28.0,0,25000,25000,100,3.286255249986425,True,False
D02_R01_P012,2,1,12,1,1,2,0.8959163348743078,10,False,0.0,46.4,46.4,250,9292,9042,25100,3.904047000047285,False,False
D02_R01_P012,2,1,12,2,1,4,0.8815599853836799,11,True,3.315696884820113,123.43579520050349,120.12009831568338,250,678,428,25100,1.0321677920292132,False,False
D02_R01_P012,2,1,12,3,2,2,0.9228799782115445,3,False,0.0,23.3,23.3,0,25000,25000,100,1.9032432500389405,True,False
D02_R01_P013,2,1,13,1,1,0,0.7128898657022118,6,True,4.219478390354428,33.01947839035443,28.8,250,2294,2044,25100,0.8486097499844618,False,True
D02_R01_P013,2,1,13,2,1,4,0.6481383248097264,13,True,0.5018046512388992,73.7017320322769,73.199927381038,250,1823,1573,25100,1.838020791998133,False,False
D02_R01_P014,2,1,14,1,1,0,0.8636548168554884,7,True,2.7723984480840507,33.17239844808405,30.400000000000002,250,3210,2960,25100,1.1971020000055432,False,False
D02_R01_P015,2,1,15,1,1,4,0.9743782512143656,8,False,0.0,57.74412294921896,57.74412294921896,250,683,433,25100,0.7615019580116495,False,False
D02_R01_P015,2,1,15,2,1,2,0.5584836814874932,8,False,0.0,37.0,37.0,250,6217,5967,25100,2.1279797080205753,False,False
D02_R01_P015,2,1,15,3,2,5,0.7355497697882879,3,False,0.0,39.2,39.2,0,25000,25000,100,1.9214513750048354,True,False
D02_R01_P016,2,1,16,1,1,5,0.9470478178239856,5,False,0.0,49.300000000000004,49.300000000000004,250,1455,1205,25100,0.6099934580270201,False,False
D02_R01_P016,2,1,16,2,1,4,0.9077247406418915,9,False,0.0,57.400000000000006,57.400000000000006,250,482,232,25100,0.796341500012204,False,False
D02_R01_P016,2,1,16,3,2,2,0.8582570823284429,8,False,0.0,40.64745782796642,40.64745782796642,250,5393,5143,25100,1.9287998340441845,False,False
D02_R01_P017,2,1,17,1,1,4,0.9156325047360054,10,False,0.0,59.900000000000006,59.900000000000006,250,727,477,25100,0.957494875008706,False,False
D02_R01_P017,2,1,17,2,2,4,0.6162072923363242,7,False,0.0,50.400000000000006,50.400000000000006,0,25000,25000,100,5.051933124952484,True,False
D02_R01_P018,2,1,18,1,1,4,0.560046428634785,10,False,0.0,61.30270323748752,61.30270323748752,250,1131,881,25100,1.1107730829971842,False,False
D02_R01_P018,2,1,18,2,2,0,0.8906651328435035,4,False,0.0,26.61627026638312,26.61627026638312,0,25000,25000,100,2.5622501670150086,True,False
D02_R01_P019,2,1,19,1,1,1,0.9740753888231946,10,False,0.0,50.6,50.6,0,25000,25000,100,8.57181891601067,True,False
D02_R01_P019,2,1,19,2,1,5,0.9391645744161613,6,False,0.0,55.56979137303808,55.56979137303808,250,1810,1560,25100,0.7877128749969415,False,False
D02_R01_P019,2,1,19,3,2,0,0.9447451058718174,2,False,0.0,20.3,20.3,0,25000,25000,100,1.4011836670106277,True,False
D02_R01_P020,2,1,20,1,1,4,0.9117259612416267,3,False,0.0,44.7,44.7,0,25000,25000,100,1.919648082985077,True,False
D02_R01_P020,2,1,20,2,1,2,0.8160180384660547,3,False,0.0,23.3,23.3,0,25000,25000,100,1.9124543750076555,True,False
D02_R01_P020,2,1,20,3,2,2,0.9025462464849295,2,False,0.0,23.534457451568507,23.534457451568507,0,25000,25000,100,1.4009713749983348,True,False
D02_R02_P001,2,2,1,1,1,5,0.9485813177921615,10,False,0.0,81.74162704982555,81.74162704982555,250,4377,4127,25100,2.2538495420012623,False,False
D02_R02_P001,2,2,1,2,1,1,0.8942475786650156,11,False,0.0,60.2,60.2,0,25000,25000,100,9.528043000027537,True,False
D02_R02_P001,2,2,1,3,2,2,0.9420651329003795,6,False,0.0,29.567133070432988,29.567133070432988,0,25000,25000,100,3.957319542008918,True,False
D02_R02_P001,2,2,1,4,2,0,0.9202764210237884,4,False,0.0,26.822849814786558,26.822849814786558,0,25000,25000,100,2.520371124963276,True,False
D02_R02_P003,2,2,3,1,1,5,0.9519198123676018,5,False,0.0,49.300000000000004,49.300000000000004,250,1393,1143,25100,0.5887940000393428,False,False
D02_R02_P003,2,2,3,2,1,4,0.720737361582958,10,False,0.0,63.599999999999994,63.599999999999994,250,1049,799,25100,1.0542805000441149,False,False
D02_R02_P004,2,2,4,1,1,1,0.9238901934679674,9,False,0.0,48.4,48.4,0,25000,25000,100,7.142308333015535,True,False
D02_R02_P006,2,2,6,1,1,1,0.6958870650135369,7,False,0.0,45.21965017709865,45.21965017709865,0,25000,25000,100,4.985011541983113,True,False
D02_R02_P007,2,2,7,1,1,5,0.9247156510245462,10,False,0.0,85.45269497753225,85.45269497753225,250,8614,8364,25100,3.6170200830092654,False,False
D02_R02_P007,2,2,7,2,1,1,0.8382800425475601,11,False,0.0,60.2,60.2,0,25000,25000,100,9.98699950001901,True,False
D02_R02_P008,2,2,8,1,1,4,0.7958504300876816,16,False,0.0,86.2273010398023,86.2273010398023,250,1275,1025,25100,2.331205625028815,False,False
D02_R02_P009,2,2,9,1,1,4,0.9828985036945951,12,False,0.0,67.7,67.7,250,1556,1306,25100,1.5428040829719976,False,False
D02_R02_P009,2,2,9,2,1,2,0.7844311641792873,10,True,3.5270326433054677,47.62703264330546,44.099999999999994,250,2001,1751,25100,1.4027365410001948,False,False
D02_R02_P009,2,2,9,3,2,1,0.9456615055929644,9,False,0.0,48.4,48.4,0,25000,25000,100,7.226106124988291,True,False
D02_R02_P009,2,2,9,4,2,0,0.6576004151983257,3,False,0.0,22.700000000000003,22.700000000000003,0,25000,25000,100,1.9123466659802943,True,False
D02_R02_P009,2,2,9,5,3,1,0.734883077523196,6,False,0.0,45.2059082571664,45.2059082571664,0,25000,25000,100,4.066513167053927,True,False
D02_R02_P009,2,2,9,6,3,4,0.7199952437538887,3,False,0.0,45.1,45.1,0,25000,25000,100,1.90021308301948,True,False
D02_R02_P010,2,2,10,1,1,4,0.8978016995984885,15,False,0.0,80.48916926573649,80.48916926573649,250,1431,1181,25100,2.1786602909560315,False,False
D02_R02_P010,2,2,10,2,2,4,0.9161289595425012,12,False,0.0,67.7,67.7,250,1752,1502,25100,1.62954237498343,False,False
D02_R02_P010,2,2,10,3,2,2,0.868557608525235,10,False,0.0,43.34436226801331,43.34436226801331,250,4574,4324,25100,2.3296104589826427,False,False
D02_R02_P010,2,2,10,4,2,5,0.6365549801213177,6,False,0.0,59.1,59.1,250,1600,1350,25100,0.7513441669871099,False,False
D02_R02_P010,2,2,10,5,3,4,0.963233700311635,6,False,0.0,57.8,57.8,250,746,496,25100,0.6142041250132024,False,False
D02_R02_P010,2,2,10,6,3,2,0.9532935146230817,6,False,0.0,35.85705312481309,35.85705312481309,0,25000,25000,100,4.251974416023586,True,False
D02_R02_P010,2,2,10,7,3,0,0.933840091822359,4,False,0.0,27.376935755001114,27.376935755001114,0,25000,25000,100,2.5741282080416568,True,False
D02_R02_P012,2,2,12,1,1,4,0.9317988368444783,12,True,2.2056835725452686,70.30568357254526,68.1,250,1629,1379,25100,1.5730952909798361,False,False
D02_R02_P012,2,2,12,2,1,2,0.8959163348743078,10,True,1.2204022902463834,45.32040229024638,44.099999999999994,250,3292,3042,25100,1.8713902499875985,False,False
D02_R02_P012,2,2,12,3,2,2,0.9208589971338808,3,False,0.0,23.3,23.3,0,25000,25000,100,1.9340952080092393,True,False
D02_R02_P013,2,2,13,1,1,4,0.9056906594489712,13,False,0.0,82.02064781611007,82.02064781611007,250,1848,1598,25100,1.8619650419568643,False,False
D02_R02_P013,2,2,13,2,1,0,0.7128898657022118,6,True,3.0238501523224635,31.823850152322464,28.8,250,2158,1908,25100,0.8400569160003215,False,True
D02_R02_P013,2,2,13,3,1,5,0.58367221685141,7,False,0.0,72.6341958262789,72.6341958262789,250,3519,3269,25100,1.2456676669535227,False,False
D02_R02_P013,2,2,13,4,1,1,0.9555316942135372,10,False,0.0,53.3,53.3,0,25000,25000,100,8.490685417025816,True,False
D02_R02_P014,2,2,14,1,1,0,0.8636548168554884,7,True,3.2091750561053054,33.857432303228876,30.64825724712357,250,2869,2619,25100,1.132644125027582,False,False
D02_R02_P014,2,2,14,2,1,5,0.8363711235396778,8,False,0.0,68.5,68.5,250,4040,3790,25100,1.5965477909776382,False,False
D02_R02_P015,2,2,15,1,1,4,0.8793064763327093,9,False,0.0,62.31192869525496,62.31192869525496,250,1417,1167,25100,1.079278625024017,False,False
D02_R02_P015,2,2,15,2,1,2,0.5584836814874932,8,False,0.0,33.76357414549002,33.76357414549002,0,25000,25000,100,6.067205625004135,True,False
D02_R02_P015,2,2,15,3,2,5,0.7355497697882879,3,False,0.0,39.2,39.2,0,25000,25000,100,1.9354967499966733,True,False
D02_R02_P016,2,2,16,1,1,5,0.9551133326959321,4,False,0.0,40.8,40.8,250,851,601,25100,0.44542570802150294,False,False
D02_R02_P016,2,2,16,2,1,2,0.8582570823284429,8,False,0.0,33.3,33.3,0,25000,25000,100,6.119120832998306,True,False
D02_R02_P017,2,2,17,1,1,1,0.801352671335582,12,False,0.0,63.099999999999994,63.099999999999994,0,25000,25000,100,11.392537124978844,True,False
D02_R02_P017,2,2,17,2,2,5,0.8388282067854033,5,False,0.0,49.300000000000004,49.300000000000004,250,1249,999,25100,0.5859380409820005,False,False
D02_R02_P017,2,2,17,3,2,4,0.5838427282878998,10,False,0.0,63.599999999999994,63.599999999999994,250,1401,1151,25100,1.2047012919792905,False,False
D02_R02_P017,2,2,17,4,3,5,0.9301829717844803,4,False,0.0,40.8,40.8,250,944,694,25100,0.45368137501645833,False,False
D02_R02_P017,2,2,17,5,3,4,0.8545645099112639,7,False,0.0,59.8,59.8,250,875,625,25100,0.7280417499714531,False,False
D02_R02_P018,2,2,18,1,1,2,0.8977853918717095,6,False,0.0,34.51940935775003,34.51940935775003,0,25000,25000,100,4.111458332976326,True,False
D02_R02_P018,2,2,18,2,1,0,0.8906651328435035,4,False,0.0,24.5,24.5,0,25000,25000,100,2.5523880409891717,True,False
D02_R02_P019,2,2,19,1,1,5,0.8882280277038277,5,False,0.0,49.300000000000004,49.300000000000004,250,1289,1039,25100,0.5951382500352338,False,False
D02_R02_P019,2,2,19,2,2,0,0.9447451058718174,2,False,0.0,20.494264935574098,20.494264935574098,0,25000,25000,100,1.4014294170192443,True,False
D02_R02_P020,2,2,20,1,1,4,0.9075725766377292,4,False,0.0,50.0,50.0,250,506,256,25100,0.4129737920011394,False,False
D02_R02_P020,2,2,20,2,2,4,0.9352705008450622,3,False,0.0,45.516386805906926,45.516386805906926,0,25000,25000,100,1.918498000013642,True,False
D02_R03_P001,2,3,1,1,1,5,0.9207531312724756,10,False,0.0,64.7,64.7,250,388,138,25100,0.8298219169955701,False,False
D02_R03_P001,2,3,1,2,1,1,0.8942475786650156,12,False,0.0,59.17733219586075,59.17733219586075,250,1099,849,25100,1.3067070000106469,False,False
D02_R03_P001,2,3,1,3,2,0,0.9202764210237884,4,False,0.0,25.961775204273614,25.961775204273614,0,25000,25000,100,2.5011189169599675,True,False
D02_R03_P002,2,3,2,1,1,1,0.793889401753086,3,False,0.0,30.799999999999997,30.799999999999997,0,25000,25000,100,1.8892387910163961,True,False
D02_R03_P002,2,3,2,2,1,4,0.7063802042282624,2,False,0.0,42.9,42.9,0,25000,25000,100,1.3628181669628248,True,False
D02_R03_P003,2,3,3,1,1,5,0.944593191422585,6,False,0.0,57.1,57.1,250,1821,1571,25100,0.7699453749810345,False,False
D02_R03_P003,2,3,3,2,1,4,0.7662756060692544,11,False,0.0,79.49813672321947,79.49813672321947,250,1567,1317,25100,1.3871267920476384,False,False
D02_R03_P003,2,3,3,3,2,4,0.720737361582958,10,True,12.73528585682513,99.48927241905562,86.7539865622305,250,545,295,25100,0.8824439169839025,False,True
D02_R03_P004,2,3,4,1,1,1,0.9238901934679674,9,False,0.0,57.149988257878995,57.149988257878995,250,841,591,25100,0.8806661250418983,False,False
D02_R03_P004,2,3,4,2,1,2,0.6469510414904668,5,False,0.0,27.952384952585497,27.952384952585497,0,25000,25000,100,3.17898495902773,True,False
D02_R03_P005,2,3,5,1,1,4,0.8720902077366146,8,False,0.0,85.11961887322781,85.11961887322781,250,1257,1007,25100,0.9017934170551598,False,False
D02_R03_P006,2,3,6,1,1,1,0.6958870650135369,7,False,0.0,48.593052055680864,48.593052055680864,250,419,169,25100,0.6107165419962257,False,False
D02_R03_P006,2,3,6,2,1,4,0.6295831149680857,5,False,0.0,56.510285799047736,56.510285799047736,250,2714,2464,25100,0.7724215000052936,False,False
D02_R03_P007,2,3,7,1,1,1,0.8382800425475601,12,False,0.0,63.754797309820574,63.754797309820574,250,718,468,25100,1.1657084170146845,False,False
D02_R03_P007,2,3,7,2,1,5,0.8100310793195632,10,False,0.0,64.7,64.7,250,391,141,25100,0.9006824159878306,False,False
D02_R03_P008,2,3,8,1,1,4,0.7958504300876816,15,True,10.658651642133762,102.99105585329316,92.3324042111594,250,814,564,25100,1.6240769170108251,False,False
D02_R03_P008,2,3,8,2,2,5,0.9455455322134126,10,False,0.0,64.7,64.7,250,387,137,25100,0.84622229100205,False,False
D02_R03_P008,2,3,8,3,2,4,0.8999838695169171,13,False,0.0,82.89999999999999,82.89999999999999,250,378,128,25100,1.0736728750052862,False,False
D02_R03_P009,2,3,9,1,1,4,0.9375571436963077,11,True,5.348840046563794,82.64884004656379,77.3,250,1140,890,25100,1.2213825000217184,False,True
D02_R03_P009,2,3,9,2,1,2,0.7844311641792873,10,False,0.0,42.973758850298324,42.973758850298324,250,410,160,25100,0.8489774159970693,False,False
D02_R03_P009,2,3,9,3,1,1,0.6613326208465252,10,False,0.0,55.56503494891015,55.56503494891015,250,601,351,25100,0.9229329169611447,False,False
D02_R03_P009,2,3,9,4,2,1,0.9456615055929644,9,False,0.0,57.49175376796265,57.49175376796265,250,605,355,25100,0.8378520419937558,False,False
D02_R03_P009,2,3,9,5,2,2,0.863977598427342,5,False,0.0,28.85257388995312,28.85257388995312,0,25000,25000,100,3.2708162919734605,True,False
D02_R03_P009,2,3,9,6,2,0,0.6576004151983257,3,False,0.0,22.700000000000003,22.700000000000003,0,25000,25000,100,1.910337375011295,True,False
D02_R03_P009,2,3,9,7,2,4,0.5766253373066336,7,False,0.0,63.53313071312616,63.53313071312616,0,25000,25000,100,5.002063916996121,True,False
D02_R03_P009,2,3,9,8,3,4,0.7981519947928012,4,False,0.0,65.40433124650284,65.40433124650284,0,25000,25000,100,2.508967667003162,True,False
D02_R03_P009,2,3,9,9,3,1,0.6714809500551149,5,False,0.0,36.9,36.9,0,25000,25000,100,3.2417915830155835,True,False
D02_R03_P010,2,3,10,1,1,4,0.8978016995984885,14,True,12.777470352527772,100.77747035252777,88.0,250,764,514,25100,1.4180814159917645,False,False
D02_R03_P010,2,3,10,2,2,5,0.9027086249840633,6,False,0.0,57.1,57.1,250,1578,1328,25100,0.7442494999850169,False,False
D02_R03_P010,2,3,10,3,3,2,0.868557608525235,10,True,5.134533475450077,49.06405917526756,43.92952569981748,250,544,294,25100,0.9028702090145089,False,False
D02_R03_P010,2,3,10,4,3,1,0.9241551379662647,10,False,0.0,56.701735613433385,56.701735613433385,250,730,480,25100,0.9667156250216067,False,False
D02_R03_P010,2,3,10,5,4,2,0.9532935146230817,6,False,0.0,36.04574645143992,36.04574645143992,250,854,604,25100,0.6328389580012299,False,False
D02_R03_P010,2,3,10,6,4,0,0.933840091822359,4,False,0.0,29.771536039084275,29.771536039084275,0,25000,25000,100,2.550529624975752,True,False
D02_R03_P010,2,3,10,7,4,4,0.8943235328602449,7,False,0.0,63.505721873310584,63.505721873310584,0,25000,25000,100,5.032643458980601,True,False
D02_R03_P012,2,3,12,1,1,4,0.9726151707508259,11,False,0.0,81.71451840926613,81.71451840926613,250,2010,1760,25100,1.592540709010791,False,False
D02_R03_P012,2,3,12,2,1,2,0.8959163348743078,10,True,1.8827135281380407,45.499164753792186,43.616451225654146,250,757,507,25100,0.9724250830477104,False,False
D02_R03_P012,2,3,12,3,1,1,0.7424322562670951,10,False,0.0,51.89584452836607,51.89584452836607,250,1001,751,25100,1.0626477909972891,False,False
D02_R03_P012,2,3,12,4,2,4,0.9676775862302109,6,False,0.0,61.2500790504118,61.2500790504118,250,944,694,25100,0.64668562496081,False,False
D02_R03_P012,2,3,12,5,3,2,0.9213819999806112,3,False,0.0,37.01743191915094,37.01743191915094,0,25000,25000,100,1.92340733401943,True,False
D02_R03_P013,2,3,13,1,1,0,0.7128898657022118,6,True,3.349188387199934,32.149188387199935,28.8,250,2089,1839,25100,0.8340217499644496,False,True
D02_R03_P013,2,3,13,2,1,5,0.6255769065532888,7,False,0.0,60.0,60.0,250,2042,1792,25100,0.9532676669768989,False,False
D02_R03_P014,2,3,14,1,1,0,0.8636548168554884,7,True,3.3549357767884196,33.75493577678842,30.400000000000002,250,2939,2689,25100,1.1228339590015821,False,False
D02_R03_P015,2,3,15,1,1,4,0.7933392451176028,9,False,0.0,100.12688449735676,100.12688449735676,250,1537,1287,25100,1.117388458980713,False,False
D02_R03_P015,2,3,15,2,1,2,0.5584836814874932,8,True,0.27401562296326887,37.68098398460368,37.40696836164041,250,725,475,25100,0.7736741660046391,False,True
D02_R03_P015,2,3,15,3,2,5,0.7355497697882879,3,False,0.0,39.2,39.2,0,25000,25000,100,1.9073420420172624,True,False
D02_R03_P016,2,3,16,1,1,4,0.9461795050435255,9,False,0.0,115.30701680688179,115.30701680688179,250,1854,1604,25100,1.2057137079536915,False,False
D02_R03_P016,2,3,16,2,1,2,0.8582570823284429,8,True,0.0006173210901678772,42.54722536579769,42.546608044707526,250,918,668,25100,0.8360788749996573,False,True
D02_R03_P017,2,3,17,1,1,1,0.801352671335582,13,False,0.0,60.5,60.5,250,926,676,25100,1.384012916998472,False,False
D02_R03_P017,2,3,17,2,2,5,0.6146512264495156,5,False,0.0,49.300000000000004,49.300000000000004,250,1343,1093,25100,0.5964784580282867,False,False
D02_R03_P017,2,3,17,3,2,4,0.5838427282878998,10,True,9.555689859539427,94.80690560070613,85.2512157411667,250,544,294,25100,0.9170931670232676,False,True
D02_R03_P018,2,3,18,1,1,5,0.9416452892769909,5,False,0.0,49.300000000000004,49.300000000000004,250,1440,1190,25100,0.611988749995362,False,False
D02_R03_P018,2,3,18,2,2,0,0.8906651328435035,4,False,0.0,25.908272345448587,25.908272345448587,0,25000,25000,100,2.5648103340063244,True,False
D02_R03_P019,2,3,19,1,1,0,0.9447451058718174,2,False,0.0,20.3,20.3,0,25000,25000,100,1.3957592499791645,True,False
D02_R03_P019,2,3,19,2,1,2,0.8910471872172351,4,False,0.0,26.4221396434906,26.4221396434906,0,25000,25000,100,2.6195959160104394,True,False
D02_R03_P020,2,3,20,1,1,2,0.8872141122781377,3,False,0.0,23.3,23.3,0,25000,25000,100,1.9736396659864113,True,False
D02_R03_P020,2,3,20,2,2,2,0.9129308128642272,2,False,0.0,23.090239814579242,23.090239814579242,0,25000,25000,100,1.3957665839698166,True,False
D05_R01_P001,5,1,1,1,1,2,0.9101615861349989,19,True,10.870912918620448,92.67091291862044,81.8,250,2248,1998,25100,5.040183125005569,False,False
D05_R01_P001,5,1,1,2,2,0,0.9278920903236266,7,False,0.0,36.5112035047169,36.5112035047169,250,15255,15005,25100,3.6259858749690466,False,False
D05_R01_P001,5,1,1,3,3,0,0.9488871576517495,2,False,0.0,25.2,25.2,0,25000,25000,100,1.3911304590292275,True,False
D05_R01_P002,5,1,2,1,1,4,0.9039709424656416,5,True,4.794486433758834,40.5455606414198,35.75107420766096,250,516,266,25100,0.4856144999503158,False,False
D05_R01_P002,5,1,2,2,2,2,0.8968861827929219,2,False,0.0,30.0,30.0,0,25000,25000,100,1.3889228330226615,True,False
D05_R01_P003,5,1,3,1,1,2,0.9465771674727453,20,True,9.07785606409719,91.27785606409718,82.19999999999999,250,2738,2488,25100,6.569444749969989,False,False
D05_R01_P003,5,1,3,2,2,2,0.9128717643026685,12,False,0.0,51.5,51.5,250,1996,1746,25100,1.742040333978366,False,False
D05_R01_P003,5,1,3,3,3,4,0.5928070889444856,7,True,9.675686615729319,49.59399614820185,39.918309532472534,250,348,98,25100,0.5999476659926586,False,False
D05_R01_P003,5,1,3,4,4,2,0.5569774763414665,2,False,0.0,28.2,28.2,0,25000,25000,100,1.390941624995321,True,False
D05_R01_P003,5,1,3,5,4,4,0.8578316356155644,3,False,0.0,60.21156640196709,60.21156640196709,250,277,27,25100,0.3170237080194056,False,False
D05_R01_P003,5,1,3,6,5,4,0.903059336390321,2,False,0.0,57.74444877635979,57.74444877635979,0,25000,25000,100,1.3911039580125362,True,False
D05_R01_P004,5,1,4,1,1,1,0.6495302261894392,6,False,0.0,22.099999999999998,22.099999999999998,0,25000,25000,100,4.145612125052139,True,False
D05_R01_P004,5,1,4,2,2,4,0.9061013165381107,8,True,9.165936055321865,56.479772904114924,47.31383684879306,250,407,157,25100,0.6889562080032192,False,False
D05_R01_P004,5,1,4,3,2,2,0.9580873995502495,10,True,1.9000000000000057,49.5,47.599999999999994,250,1976,1726,25100,1.4039648339967243,False,False
D05_R01_P004,5,1,4,4,2,5,0.7495176058781509,2,False,0.0,25.2,25.2,0,25000,25000,100,1.4030720830196515,True,False
D05_R01_P004,5,1,4,5,3,0,0.9495985468434072,6,False,0.0,37.936027123633906,37.936027123633906,250,10526,10276,25100,2.2147988330107182,False,False
D05_R01_P004,5,1,4,6,4,0,0.9057184896465174,5,False,0.0,46.46413214292634,46.46413214292634,0,25000,25000,100,3.2514330000267364,True,False
D05_R01_P004,5,1,4,7,4,2,0.7026992789868045,6,False,0.0,36.599999999999994,36.599999999999994,250,3813,3563,25100,1.0958923749858513,False,False
D05_R01_P004,5,1,4,8,5,2,0.9429794027823583,5,False,0.0,35.7,35.7,250,2586,2336,25100,0.760063124995213,False,False
D05_R01_P004,5,1,4,9,6,4,0.6208025427817477,3,False,0.0,45.8927970297336,45.8927970297336,250,275,25,25100,0.31612024997593835,False,False
D05_R01_P005,5,1,5,1,1,0,0.8535253950444135,9,False,0.0,45.682236707166,45.682236707166,250,6044,5794,25100,2.423999290971551,False,False
D05_R01_P005,5,1,5,2,2,2,0.8325698023255991,2,False,0.0,30.0,30.0,0,25000,25000,100,1.4055902080144733,True,False
D05_R01_P005,5,1,5,3,2,0,0.6945821062957702,2,False,0.0,25.2,25.2,0,25000,25000,100,1.3958932079840451,True,False
D05_R01_P006,5,1,6,1,1,2,0.6959907698554932,18,True,1.8999999999999915,81.6,79.7,250,1849,1599,25100,3.8461400840315036,False,False
D05_R01_P006,5,1,6,2,2,0,0.8770621380055015,3,False,0.0,29.1,29.1,0,25000,25000,100,1.924145040975418,True,False
D05_R01_P006,5,1,6,3,2,2,0.5800738083360856,3,False,0.0,30.4,30.4,250,760,510,25100,0.3550527920015156,False,False
D05_R01_P006,5,1,6,4,2,4,0.8104544349119897,3,True,8.873469618573523,52.61097671618464,43.737507097611115,250,287,37,25100,0.3170792919700034,False,False
D05_R01_P008,5,1,8,1,1,5,0.9444218278763339,2,False,0.0,25.2,25.2,0,25000,25000,100,1.3966820840141736,True,False
D05_R01_P008,5,1,8,2,1,3,0.9153840647067093,2,False,0.0,20.4,20.4,0,25000,25000,100,1.3886894999886863,True,False
D05_R01_P008,5,1,8,3,1,0,0.6861645839471725,8,False,0.0,44.72765451101125,44.72765451101125,250,5223,4973,25100,1.946056624990888,False,False
D05_R01_P008,5,1,8,4,1,2,0.8827822493071265,8,False,0.0,45.5,45.5,250,710,460,25100,0.7784156249836087,False,False
D05_R01_P008,5,1,8,5,2,2,0.8762300946095171,6,False,0.0,42.561480583118396,42.561480583118396,0,25000,25000,100,4.10930583300069,True,False
D05_R01_P008,5,1,8,6,2,4,0.9772392473773323,6,True,9.933977237054933,56.39417503498396,46.46019779792903,250,336,86,25100,0.5271037089987658,False,False
D05_R01_P008,5,1,8,7,2,0,0.9668424267886265,5,False,0.0,52.48245277525975,52.48245277525975,0,25000,25000,100,3.2527288750279695,True,False
D05_R01_P009,5,1,9,1,1,1,0.8786306651835536,8,False,0.0,24.4,24.4,250,352,102,25100,0.6927914170082659,False,False
D05_R01_P009,5,1,9,2,1,5,0.8416531212806913,8,False,0.0,64.96345439577638,64.96345439577638,250,2048,1798,25100,1.108739625022281,False,False
D05_R01_P011,5,1,11,1,1,5,0.9042806070694165,11,False,0.0,58.43734674811184,58.43734674811184,250,4853,4603,25100,2.6911002499982715,False,False
D05_R01_P012,5,1,12,1,1,4,0.7652291685223807,7,True,12.381009196551155,59.95498999795616,47.57398080140501,250,316,66,25100,0.5957630000193603,False,False
D05_R01_P012,5,1,12,2,2,2,0.9079729387033411,3,False,0.0,34.4,34.4,0,25000,25000,100,1.9240415840176865,True,False
D05_R01_P012,5,1,12,3,2,4,0.8553459291149931,5,False,0.0,31.11239305561032,31.11239305561032,250,668,418,25100,0.5101036669802852,False,False
D05_R01_P013,5,1,13,1,1,2,0.954438814753038,20,True,3.86969638989801,85.56969638989801,81.7,250,2013,1763,25100,5.166724167007487,False,False
D05_R01_P014,5,1,14,1,1,1,0.934877419382326,8,False,0.0,24.4,24.4,250,364,114,25100,0.6938071670010686,False,False
D05_R01_P015,5,1,15,1,1,1,0.93951865068132,8,False,0.0,24.4,24.4,250,378,128,25100,0.6990248750080355,False,False
D05_R01_P015,5,1,15,2,2,2,0.7525813905577863,7,False,0.0,42.2,42.2,250,3130,2880,25100,1.1735005829832517,False,False
D05_R01_P015,5,1,15,3,2,4,0.5550906334034473,7,True,5.148676959622328,41.324408195145544,36.175731235523216,250,643,393,25100,0.6595467500155792,False,False
D05_R01_P016,5,1,16,1,1,2,0.9404148162005835,18,True,3.6215951806501465,83.32159518065015,79.7,250,5027,4777,25100,8.383593124977779,False,False
D05_R01_P017,5,1,17,1,1,2,0.8485056960461199,23,True,23.151683112132062,112.05168311213207,88.9,250,1451,1201,25100,5.7553447500104085,False,False
D05_R01_P017,5,1,17,2,2,2,0.7700596737375973,19,True,16.395508343457678,130.73927836501736,114.34377002155968,250,2296,2046,25100,5.0507843749946915,False,False
D05_R01_P017,5,1,17,3,3,5,0.6667035490522731,5,False,0.0,27.099999999999998,27.099999999999998,250,841,591,25100,0.5248647499829531,False,False
D05_R01_P018,5,1,18,1,1,5,0.9387219485500271,9,False,0.0,79.29953167358991,79.29953167358991,250,4096,3846,25100,1.8303088750108145,False,False
D05_R01_P018,5,1,18,2,1,1,0.9003409681122968,9,False,0.0,26.6,26.6,250,376,126,25100,0.7617720419657417,False,False
D05_R01_P018,5,1,18,3,2,1,0.9534229863627673,5,False,0.0,21.599999999999998,21.599999999999998,0,25000,25000,100,3.2668825419968925,True,False
D05_R01_P018,5,1,18,4,2,2,0.9222300326754751,15,True,2.441399414594244,69.64139941459425,67.2,250,2565,2315,25100,3.0525744579499587,False,False
D05_R01_P018,5,1,18,5,2,4,0.6011454927247816,9,True,0.18615237843286536,44.38615237843287,44.2,250,2755,2505,25100,1.4585199999855831,False,False
D05_R01_P018,5,1,18,6,3,2,0.8744873029810718,12,False,0.0,52.099999999999994,52.099999999999994,250,1353,1103,25100,1.435669541999232,False,False
D05_R01_P018,5,1,18,7,3,0,0.576746232630036,10,False,0.0,45.756509428309556,45.756509428309556,250,9217,8967,25100,3.843542791029904,False,False
D05_R01_P018,5,1,18,8,3,4,0.7642851923022179,8,False,0.0,44.30429731533911,44.30429731533911,250,1088,838,25100,0.8522622500313446,False,False
D05_R01_P019,5,1,19,1,1,2,0.7946250622578668,22,True,3.5663281454570352,89.86632814545703,86.3,250,1628,1378,25100,5.611810208996758,False,False
D05_R01_P019,5,1,19,2,2,2,0.8703947271690854,15,False,0.0,61.0,61.0,250,2107,1857,25100,2.681906000012532,False,False
D05_R01_P020,5,1,20,1,1,2,0.9188973366050796,10,False,0.0,49.5,49.5,250,534,284,25100,0.9031370000448078,False,False
D05_R01_P020,5,1,20,2,1,4,0.8957035192382767,8,True,10.690944835438941,57.70379204597211,47.01284721053317,250,474,224,25100,0.7040108750225045,False,False
D05_R01_P020,5,1,20,3,2,2,0.9484914372803378,6,False,0.0,38.3,38.3,0,25000,25000,100,4.059853542014025,True,False
D05_R01_P020,5,1,20,4,2,0,0.9470481786329383,6,False,0.0,36.24894830260114,36.24894830260114,250,11513,11263,25100,2.3744982079952024,False,False
D05_R01_P020,5,1,20,5,2,4,0.927337028350869,6,False,0.0,45.63404561816954,45.63404561816954,250,475,225,25100,0.5499947079806589,False,False
D05_R02_P001,5,2,1,1,1,0,0.9278920903236266,6,False,0.0,32.5,32.5,250,7851,7601,25100,1.774387416022364,False,False
D05_R02_P002,5,2,2,1,1,4,0.9039709424656416,5,False,0.0,27.8,27.8,250,1446,1196,25100,0.613890334032476,False,False
D05_R02_P002,5,2,2,2,1,0,0.7859334155831855,3,False,0.0,29.1,29.1,0,25000,25000,100,1.9254706670180894,True,False
D05_R02_P002,5,2,2,3,2,0,0.6598247907107356,2,False,0.0,25.2,25.2,0,25000,25000,100,1.4132518750266172,True,False
D05_R02_P003,5,2,3,1,1,0,0.84900228247311,7,False,0.0,35.7,35.7,250,10346,10096,25100,2.6063148750108667,False,False
D05_R02_P003,5,2,3,2,1,3,0.8388755757251315,6,False,0.0,50.7,50.7,0,25000,25000,100,4.111323709017597,True,False
D05_R02_P003,5,2,3,3,1,5,0.7496738509375143,5,False,0.0,28.2,28.2,0,25000,25000,100,3.2617099590133876,True,False
D05_R02_P003,5,2,3,4,2,4,0.5928070889444856,7,False,0.0,32.431362756632396,32.431362756632396,250,3139,2889,25100,1.1814343329751864,False,False
D05_R02_P003,5,2,3,5,3,4,0.8578316356155644,3,False,0.0,24.8,24.8,250,629,379,25100,0.34318116697249934,False,False
D05_R02_P003,5,2,3,6,4,4,0.903059336390321,2,False,0.0,20.200000000000003,20.200000000000003,0,25000,25000,100,1.3922879999736324,True,False
D05_R02_P004,5,2,4,1,1,1,0.9538435964621332,6,False,0.0,23.0,23.0,0,25000,25000,100,4.1397445410257205,True,False
D05_R02_P004,5,2,4,2,1,4,0.7054467991766171,13,False,0.0,68.63407808053529,68.63407808053529,250,7788,7538,25100,4.9424452079692855,False,False
D05_R02_P004,5,2,4,3,2,2,0.8640017178384445,8,False,0.0,67.74194134114325,67.74194134114325,0,25000,25000,100,6.113796292047482,True,False
D05_R02_P004,5,2,4,4,3,3,0.8838870117018746,3,False,0.0,41.7,41.7,0,25000,25000,100,1.9251989590120502,True,False
D05_R02_P004,5,2,4,5,3,2,0.6888723441334104,6,False,0.0,72.87821604916164,72.87821604916164,0,25000,25000,100,4.13204879197292,True,False
D05_R02_P004,5,2,4,6,4,0,0.9495985468434072,5,False,0.0,31.9,31.9,250,8098,7848,25100,1.4818677080329508,False,False
D05_R02_P004,5,2,4,7,5,0,0.9057184896465174,4,False,0.0,31.5,31.5,0,25000,25000,100,2.5318869579932652,True,False
D05_R02_P004,5,2,4,8,6,0,0.9056697403842446,2,False,0.0,25.2,25.2,0,25000,25000,100,1.387853708001785,True,False
D05_R02_P004,5,2,4,9,6,4,0.6208025427817477,3,False,0.0,24.8,24.8,250,722,472,25100,0.35822225001174957,False,False
D05_R02_P005,5,2,5,1,1,5,0.6196381880697229,3,False,0.0,24.5,24.5,0,25000,25000,100,1.9387624580413103,True,False
D05_R02_P006,5,2,6,1,1,2,0.9523298306509945,14,True,19.348898729628203,86.79364436266412,67.44474563303592,250,17867,17617,25100,12.477297167002689,False,False
D05_R02_P006,5,2,6,2,3,4,0.8104544349119897,3,False,0.0,24.8,24.8,250,688,438,25100,0.3535405420116149,False,False
D05_R02_P008,5,2,8,1,1,3,0.9153840647067093,5,False,0.0,49.6,49.6,0,25000,25000,100,3.2636073749745265,True,False
D05_R02_P008,5,2,8,2,2,4,0.9772392473773323,6,False,0.0,31.217348571585443,31.217348571585443,250,2039,1789,25100,0.8211550830164924,False,False
D05_R02_P008,5,2,8,3,2,0,0.9668424267886265,4,False,0.0,31.5,31.5,0,25000,25000,100,2.5297714170301333,True,False
D05_R02_P008,5,2,8,4,2,2,0.970085247965512,5,False,0.0,59.09552046877927,59.09552046877927,0,25000,25000,100,3.241277374967467,True,False
D05_R02_P009,5,2,9,1,1,0,0.8416531212806913,9,False,0.0,51.656429130215976,51.656429130215976,250,1434,1184,25100,1.0831809579976834,False,False
D05_R02_P011,5,2,11,1,1,2,0.8489089458965219,15,False,0.0,82.44397726173335,82.44397726173335,29,25000,24971,3000,20.731322082981933,True,False
D05_R02_P012,5,2,12,1,1,4,0.9528837383903108,10,False,0.0,80.84169778903544,80.84169778903544,250,5067,4817,25100,2.4734362079761922,False,False
D05_R02_P012,5,2,12,2,1,2,0.7711406219753405,12,False,0.0,77.34355195869655,77.34355195869655,0,25000,25000,100,11.320774958003312,True,False
D05_R02_P012,5,2,12,3,2,0,0.9735863894169713,7,False,0.0,35.7,35.7,250,5414,5164,25100,1.6543754169833846,False,False
D05_R02_P012,5,2,12,4,2,3,0.9540801188252778,6,False,0.0,50.7,50.7,0,25000,25000,100,4.13400445895968,True,False
D05_R02_P012,5,2,12,5,2,5,0.723749326654802,5,False,0.0,28.2,28.2,0,25000,25000,100,3.263613792019896,True,False
D05_R02_P012,5,2,12,6,2,2,0.558519603513214,11,False,0.0,62.70021741616294,62.70021741616294,0,25000,25000,100,10.194955707993358,True,False
D05_R02_P012,5,2,12,7,3,4,0.7652291685223807,7,False,0.0,32.874050227043135,32.874050227043135,250,2534,2284,25100,1.0600838750251569,False,False
D05_R02_P012,5,2,12,8,4,4,0.8553459291149931,5,False,0.0,27.8,27.8,250,1726,1476,25100,0.6419111249851994,False,False
D05_R02_P012,5,2,12,9,4,2,0.698196813438537,3,False,0.0,31.5,31.5,0,25000,25000,100,1.925843957986217,True,False
D05_R02_P015,5,2,15,1,1,4,0.9419661362106659,10,False,0.0,79.55409966189018,79.55409966189018,250,6101,5851,25100,2.837561291991733,False,False
D05_R02_P015,5,2,15,2,1,1,0.9069936861235922,3,False,0.0,20.099999999999998,20.099999999999998,0,25000,25000,100,1.9363366659963503,True,False
D05_R02_P015,5,2,15,3,1,0,0.5580737333131358,7,False,0.0,35.7,35.7,250,5217,4967,25100,1.5961391659802757,False,False
D05_R02_P015,5,2,15,4,2,4,0.5550906334034473,7,False,0.0,32.1,32.1,250,2654,2404,25100,1.08382633398287,False,False
D05_R02_P017,5,2,17,1,1,5,0.8485056960461199,12,False,0.0,39.0,39.0,250,8842,8592,25100,4.856931791990064,False,False
D05_R02_P017,5,2,17,2,2,2,0.8931913912876772,11,False,0.0,69.13438394052551,69.13438394052551,0,25000,25000,100,9.88203808304388,True,False
D05_R02_P017,5,2,17,3,3,4,0.8317983949081581,9,False,0.0,34.3,34.3,250,12940,12690,25100,4.276940916955937,False,False
D05_R02_P017,5,2,17,4,4,2,0.9283211171493239,7,False,0.0,80.2356984086133,80.2356984086133,0,25000,25000,100,5.05156008398626,True,False
D05_R02_P018,5,2,18,1,1,0,0.9387219485500271,10,False,0.0,61.5094285434562,61.5094285434562,250,3138,2888,25100,1.7794801659765653,False,False
D05_R02_P018,5,2,18,2,1,1,0.9003409681122968,8,False,0.0,39.20962155674182,39.20962155674182,0,25000,25000,100,6.049861082981806,True,False
D05_R02_P018,5,2,18,3,1,2,0.565615543604757,14,False,0.0,75.13226658467008,75.13226658467008,16,25000,24984,1700,16.09069758298574,True,False
D05_R02_P018,5,2,18,4,2,5,0.9414038646403071,8,False,0.0,31.9,31.9,0,25000,25000,100,6.140804708003998,True,False
D05_R02_P018,5,2,18,5,2,2,0.9147491663370692,13,False,0.0,84.40383475414444,84.40383475414444,0,25000,25000,100,12.865546833025292,True,False
D05_R02_P018,5,2,18,6,2,4,0.6718345484817569,11,False,0.0,67.24960399364075,67.24960399364075,250,6109,5859,25100,3.2424562919768505,False,False
D05_R02_P018,5,2,18,7,3,5,0.924660825972253,5,False,0.0,28.2,28.2,0,25000,25000,100,3.230189749971032,True,False
D05_R02_P018,5,2,18,8,3,4,0.8720812914689333,9,False,0.0,34.3,34.3,250,4926,4676,25100,2.090594000008423,False,False
D05_R02_P018,5,2,18,9,3,2,0.8660874272419652,11,False,0.0,75.16881437360118,75.16881437360118,0,25000,25000,100,9.936093707976397,True,False
D05_R02_P018,5,2,18,10,4,2,0.8245684008734026,10,False,0.0,67.82445620870797,67.82445620870797,0,25000,25000,100,8.472723541024607,True,False
D05_R02_P018,5,2,18,11,4,5,0.5957784205833528,4,False,0.0,27.4,27.4,0,25000,25000,100,2.5228656249819323,True,False
D05_R02_P019,5,2,19,1,1,5,0.7946250622578668,11,False,0.0,36.4,36.4,250,6623,6373,25100,3.3949914170079865,False,False
D05_R02_P019,5,2,19,2,2,5,0.9125432202552332,9,False,0.0,32.5,32.5,0,25000,25000,100,7.183104291965719,True,False
D05_R02_P019,5,2,19,3,2,1,0.8699967451209596,5,False,0.0,22.2,22.2,0,25000,25000,100,3.251198416983243,True,False
D05_R02_P019,5,2,19,4,2,2,0.9364054031717842,13,False,0.0,80.26160212729144,80.26160212729144,0,25000,25000,100,12.900592666002922,True,False
D05_R02_P019,5,2,19,5,3,0,0.7039877692888351,3,False,0.0,29.1,29.1,0,25000,25000,100,1.9368402090040036,True,False
D05_R02_P019,5,2,19,6,3,2,0.5508907755786416,3,False,0.0,31.5,31.5,0,25000,25000,100,1.8959620000096038,True,False
D05_R02_P020,5,2,20,1,1,2,0.8944075189422965,8,False,0.0,62.223934123663156,62.223934123663156,0,25000,25000,100,6.0539309160085395,True,False
D05_R02_P020,5,2,20,2,2,0,0.9470481786329383,5,False,0.0,31.9,31.9,250,7099,6849,25100,1.350247957976535,False,False
D05_R02_P020,5,2,20,3,2,3,0.9527756674621903,2,False,0.0,36.6,36.6,0,25000,25000,100,1.3808557500015013,True,False
D05_R02_P020,5,2,20,4,2,2,0.9429969228410575,5,False,0.0,50.43926313349602,50.43926313349602,0,25000,25000,100,3.2439614579780027,True,False
D05_R02_P020,5,2,20,5,2,4,0.927337028350869,6,False,0.0,32.43183335157762,32.43183335157762,250,2097,1847,25100,0.8242648330051452,False,False
D05_R03_P001,5,3,1,1,1,5,0.7807038682973472,8,False,0.0,43.3,43.3,250,1481,1231,25100,0.9680215830449015,False,False
D05_R03_P001,5,3,1,2,2,0,0.9375158995456447,7,False,0.0,35.96198134852971,35.96198134852971,250,5731,5481,25100,1.7087080420460552,False,False
D05_R03_P001,5,3,1,3,3,0,0.9691432278214749,2,False,0.0,25.2,25.2,0,25000,25000,100,1.3964643330546096,True,False
D05_R03_P002,5,3,2,1,1,4,0.9132726518314835,14,False,0.0,52.97540805579308,52.97540805579308,250,1493,1243,25100,1.9239260840113275,False,False
D05_R03_P002,5,3,2,2,2,4,0.9039709424656416,3,False,0.0,26.1,26.1,0,25000,25000,100,1.9247011659899727,True,False
D05_R03_P002,5,3,2,3,2,2,0.6442644352728358,4,False,0.0,34.3,34.3,250,1078,828,25100,0.4724914589896798,False,False
D05_R03_P002,5,3,2,4,3,0,0.6660738084364018,2,False,0.0,25.2,25.2,0,25000,25000,100,1.405013167008292,True,False
D05_R03_P003,5,3,3,1,1,5,0.9442172441412049,8,False,0.0,43.3,43.3,250,1447,1197,25100,0.9629177080350928,False,False
D05_R03_P003,5,3,3,2,2,5,0.9478542337897916,2,False,0.0,22.4,22.4,0,25000,25000,100,1.3929720420273952,True,False
D05_R03_P003,5,3,3,3,3,4,0.5928070889444856,5,False,0.0,30.4,30.4,0,25000,25000,100,3.2692074590013362,True,False
D05_R03_P004,5,3,4,1,1,4,0.7054467991766171,10,False,0.0,63.92270837348194,63.92270837348194,203,25000,24797,20400,9.16134404198965,True,False
D05_R03_P004,5,3,4,2,1,1,0.6495302261894392,7,False,0.0,23.7,23.7,0,25000,25000,100,5.053974040958565,True,False
D05_R03_P004,5,3,4,3,2,2,0.8640017178384445,10,False,0.0,48.7,48.7,250,2390,2140,25100,1.5500870830146596,False,False
D05_R03_P004,5,3,4,4,3,2,0.8365330273948237,8,False,0.0,40.2,40.2,250,2827,2577,25100,1.29319083399605,False,False
D05_R03_P004,5,3,4,5,4,0,0.935167315214595,6,False,0.0,32.5,32.5,250,11035,10785,25100,2.3114777919836342,False,False
D05_R03_P004,5,3,4,6,5,0,0.9525762995560016,5,False,0.0,32.89696984594639,32.89696984594639,250,7441,7191,25100,1.4032894170377403,False,False
D05_R03_P005,5,3,5,1,1,0,0.8947570447743814,10,True,0.6797564852077258,50.27975648520773,49.6,250,3438,3188,25100,1.9298737499630079,False,False
D05_R03_P005,5,3,5,2,2,0,0.9750939145293663,5,False,0.0,44.42612809022253,44.42612809022253,250,283,33,25100,0.45416254200972617,False,False
D05_R03_P005,5,3,5,3,2,2,0.719064264930007,4,False,0.0,34.3,34.3,250,1032,782,25100,0.48747604194795713,False,False
D05_R03_P005,5,3,5,4,3,2,0.8512003481988497,2,False,0.0,28.2,28.2,0,25000,25000,100,1.397277457988821,True,False
D05_R03_P006,5,3,6,1,1,4,0.9194576590765228,12,False,0.0,57.328948397625894,57.328948397625894,129,25000,24871,13000,11.827072540996596,True,False
D05_R03_P006,5,3,6,2,2,2,0.6299530719982392,2,False,0.0,28.2,28.2,0,25000,25000,100,1.38447529199766,True,False
D05_R03_P007,5,3,7,1,1,0,0.8403714842020057,5,False,0.0,31.9,31.9,250,6772,6522,25100,1.3187223330023699,False,False
D05_R03_P008,5,3,8,1,1,3,0.9153840647067093,2,False,0.0,20.4,20.4,0,25000,25000,100,1.400376999983564,True,False
D05_R03_P008,5,3,8,2,1,0,0.5516292082846903,9,False,0.0,40.8,40.8,250,2703,2453,25100,1.447917957964819,False,False
D05_R03_P008,5,3,8,3,1,2,0.7434619222404787,9,False,0.0,44.7,44.7,250,2327,2077,25100,1.345346374961082,False,False
D05_R03_P008,5,3,8,4,2,2,0.919390505057493,7,False,0.0,38.2,38.2,250,3330,3080,25100,1.224773333990015,False,False
D05_R03_P008,5,3,8,5,2,4,0.9772392473773323,4,False,0.0,31.729531429903524,31.729531429903524,0,25000,25000,100,2.5328766659949906,True,False
D05_R03_P008,5,3,8,6,2,0,0.9009106732993569,6,False,0.0,36.46459317374327,36.46459317374327,250,11484,11234,25100,2.3736936660134234,False,False
D05_R03_P009,5,3,9,1,1,1,0.8786306651835536,9,False,0.0,27.215662713749293,27.215662713749293,250,414,164,25100,0.7764895419823006,False,False
D05_R03_P009,5,3,9,2,2,5,0.8416531212806913,6,False,0.0,34.0,34.0,250,2241,1991,25100,0.8614227919606492,False,False
D05_R03_P011,5,3,11,1,1,2,0.8489089458965219,18,False,0.0,80.2,80.2,250,1981,1731,25100,3.9832090829731897,False,False
D05_R03_P012,5,3,12,1,1,1,0.8225325982541057,3,False,0.0,19.5,19.5,0,25000,25000,100,1.9214734580018558,True,False
D05_R03_P012,5,3,12,2,1,2,0.7711406219753405,14,True,1.6855240887673517,63.98552408876735,62.3,250,1904,1654,25100,2.1708639999851584,False,False
D05_R03_P012,5,3,12,3,2,4,0.9701151346234206,7,False,0.0,32.6,32.6,0,25000,25000,100,5.119527459028177,True,False
D05_R03_P012,5,3,12,4,2,5,0.838798227661781,2,False,0.0,22.4,22.4,0,25000,25000,100,1.3960242090397514,True,False
D05_R03_P012,5,3,12,5,2,2,0.558519603513214,13,False,0.0,56.95648063310947,56.95648063310947,250,2550,2300,25100,2.218124417006038,False,False
D05_R03_P012,5,3,12,6,3,4,0.7652291685223807,5,False,0.0,31.001463103842138,31.001463103842138,0,25000,25000,100,3.263659790973179,True,False
D05_R03_P012,5,3,12,7,4,2,0.9428937485067409,5,False,0.0,41.4556395393467,41.4556395393467,250,3382,3132,25100,0.8642206250224262,False,False
D05_R03_P012,5,3,12,8,4,4,0.8553459291149931,3,False,0.0,26.1,26.1,0,25000,25000,100,1.9086579579743557,True,False
D05_R03_P013,5,3,13,1,1,4,0.9448685579583972,13,False,0.0,61.79404806526534,61.79404806526534,250,3556,3306,25100,2.7551220419700257,False,False
D05_R03_P013,5,3,13,2,1,5,0.9421404046184868,9,False,0.0,44.099999999999994,44.099999999999994,250,1338,1088,25100,1.045890084002167,False,False
D05_R03_P013,5,3,13,3,2,4,0.8337498302831411,12,False,0.0,55.54250872970276,55.54250872970276,130,25000,24870,13100,11.854885875014588,True,False
D05_R03_P014,5,3,14,1,1,1,0.934877419382326,9,False,0.0,27.011465680251924,27.011465680251924,250,400,150,25100,0.772108290984761,False,False
D05_R03_P015,5,3,15,1,1,1,0.93951865068132,9,False,0.0,26.382735256449156,26.382735256449156,250,396,146,25100,0.7832410000264645,False,False
D05_R03_P015,5,3,15,2,2,2,0.8667757598683142,14,False,0.0,61.099999999999994,61.099999999999994,250,2531,2281,25100,2.5625193340238184,False,False
D05_R03_P015,5,3,15,3,2,1,0.7090338905912098,3,False,0.0,19.5,19.5,0,25000,25000,100,1.9264317919733003,True,False
D05_R03_P015,5,3,15,4,3,4,0.5550906334034473,5,False,0.0,30.4,30.4,0,25000,25000,100,3.3071707080234773,True,False
D05_R03_P017,5,3,17,1,1,5,0.8485056960461199,11,False,0.0,51.2,51.2,250,1506,1256,25100,1.3763816669816151,False,False
D05_R03_P017,5,3,17,2,2,5,0.845771870103189,8,False,0.0,43.3,43.3,250,1508,1258,25100,0.9573077919776551,False,False
D05_R03_P017,5,3,17,3,3,4,0.9331814328298843,7,False,0.0,32.6,32.6,0,25000,25000,100,5.049303042003885,True,False
D05_R03_P017,5,3,17,4,3,2,0.8931913912876772,13,False,0.0,54.5,54.5,250,2337,2087,25100,2.12031379097607,False,False
D05_R03_P018,5,3,18,1,1,5,0.9387219485500271,7,False,0.0,41.4,41.4,250,2392,2142,25100,1.0314563330030069,False,False
D05_R03_P018,5,3,18,2,1,1,0.9003409681122968,10,False,0.0,37.59612790288783,37.59612790288783,250,410,160,25100,0.8499304589931853,False,False
D05_R03_P018,5,3,18,3,2,1,0.9534229863627673,6,False,0.0,34.422745366299,34.422745366299,0,25000,25000,100,4.083915541006718,True,False
D05_R03_P018,5,3,18,4,2,4,0.9078696032911089,9,False,0.0,60.70052997534852,60.70052997534852,204,25000,24796,20500,7.898099749989342,True,False
D05_R03_P018,5,3,18,5,2,2,0.9147491663370692,15,False,0.0,75.34658643985355,75.34658643985355,250,3467,3217,25100,3.798050959012471,False,False
D05_R03_P018,5,3,18,6,3,2,0.8660874272419652,13,True,1.8201837891435417,66.70449198586907,64.88430819672553,250,1442,1192,25100,1.6301869580056518,False,False
D05_R03_P018,5,3,18,7,3,0,0.576746232630036,11,False,0.0,44.599999999999994,44.599999999999994,250,3780,3530,25100,2.2968811669852585,False,False
D05_R03_P018,5,3,18,8,3,4,0.6125062500826458,7,False,0.0,49.227266491368574,49.227266491368574,0,25000,25000,100,5.0251502500032075,True,False
D05_R03_P019,5,3,19,1,1,2,0.9364054031717842,15,False,0.0,77.95710594137446,77.95710594137446,250,2213,1963,25100,2.8102443749667145,False,False
D05_R03_P019,5,3,19,2,1,4,0.8707395292283217,8,False,0.0,76.65595046241843,76.65595046241843,250,18704,18454,25100,5.196720457985066,False,False
D05_R03_P019,5,3,19,3,1,5,0.7039388605206574,4,False,0.0,23.9,23.9,250,1123,873,25100,0.47852845798479393,False,False
D05_R03_P019,5,3,19,4,2,2,0.7111124739888584,5,False,0.0,37.2,37.2,250,1852,1602,25100,0.651943749981001,False,False
D05_R03_P020,5,3,20,1,1,2,0.8944075189422965,10,False,0.0,48.7,48.7,250,1856,1606,25100,1.3499760419945233,False,False
D05_R03_P020,5,3,20,2,2,0,0.9425365038692236,6,False,0.0,32.5,32.5,250,11313,11063,25100,2.3405671659857035,False,False
D05_R03_P020,5,3,20,3,2,4,0.927337028350869,4,False,0.0,29.081493242138322,29.081493242138322,0,25000,25000,100,2.513012500014156,True,False
D05_R03_P020,5,3,20,4,3,0,0.9486091081382955,2,False,0.0,25.2,25.2,0,25000,25000,100,1.3945847080321983,True,False
D07_R01_P001,7,1,1,1,1,0,0.9505383107794058,9,False,0.0,69.6339440043685,69.6339440043685,250,1448,1198,25100,1.0812625419930555,False,False
D07_R01_P002,7,1,2,1,1,2,0.6384508802688496,7,False,0.0,75.69468056925547,75.69468056925547,250,443,193,25100,0.6272540839854628,False,False
D07_R01_P002,7,1,2,2,1,5,0.6044540565602143,8,False,0.0,30.8,30.8,250,4806,4556,25100,1.7429388749878854,False,False
D07_R01_P002,7,1,2,3,2,5,0.6957074075405602,6,False,0.0,30.328875273128393,30.328875273128393,250,3458,3208,25100,1.0604816669947468,False,False
D07_R01_P002,7,1,2,4,3,0,0.9387386544940105,6,False,0.0,87.73860303093144,87.73860303093144,0,25000,25000,100,4.103961415996309,True,False
D07_R01_P002,7,1,2,5,3,2,0.896538761287248,4,False,0.0,75.0583769012782,75.0583769012782,250,1573,1323,25100,0.5254691250156611,False,False
D07_R01_P002,7,1,2,6,3,5,0.6098435141478096,2,False,0.0,22.900000000000002,22.900000000000002,0,25000,25000,100,1.3891109579708427,True,False
D07_R01_P002,7,1,2,7,3,3,0.8488357451096636,6,False,0.0,23.7,23.7,250,3638,3388,25100,1.0878336249734275,False,False
D07_R01_P002,7,1,2,8,4,0,0.8765017468081887,3,False,0.0,46.95090918365766,46.95090918365766,0,25000,25000,100,1.8978337080334313,True,False
D07_R01_P003,7,1,3,1,1,5,0.9346195055615405,15,False,0.0,39.4,39.4,250,542,292,25100,1.407041417027358,False,False
D07_R01_P004,7,1,4,1,1,3,0.9218376083409724,16,False,0.0,44.2,44.2,250,1042,792,25100,2.0678232919890434,False,False
D07_R01_P004,7,1,4,2,1,5,0.8400177103775676,17,False,0.0,208.62242322443865,208.62242322443865,250,456,206,25100,1.6159093750175089,False,False
D07_R01_P004,7,1,4,3,2,5,0.7402362056238039,6,False,0.0,29.0,29.0,250,3226,2976,25100,1.006296375009697,False,False
D07_R01_P005,7,1,5,1,1,0,0.8039117411877891,10,False,0.0,66.41167609075113,66.41167609075113,250,894,644,25100,1.0293631670065224,False,False
D07_R01_P005,7,1,5,2,2,5,0.6187828198445118,7,False,0.0,30.7,30.7,250,4285,4035,25100,1.4442334580235183,False,False
D07_R01_P005,7,1,5,3,3,0,0.7695339484665173,7,False,0.0,79.73141444711528,79.73141444711528,250,3359,3109,25100,1.2283615000196733,False,False
D07_R01_P006,7,1,6,1,1,3,0.624455002115939,17,False,0.0,53.3474736919863,53.3474736919863,250,1191,941,25100,2.5380769160110503,False,False
D07_R01_P006,7,1,6,2,2,3,0.8290569766832785,16,False,0.0,44.2,44.2,250,1290,1040,25100,2.322174792003352,False,False
D07_R01_P007,7,1,7,1,1,1,0.8700113432175636,2,False,0.0,17.7,17.7,0,25000,25000,100,1.3977552080177702,True,False
D07_R01_P007,7,1,7,2,2,5,0.9779690155174414,14,False,0.0,38.9,38.9,250,504,254,25100,1.2780879170168191,False,False
D07_R01_P007,7,1,7,3,3,0,0.9383698342779966,4,False,0.0,74.68195226477881,74.68195226477881,0,25000,25000,100,2.5721727500203997,True,False
D07_R01_P007,7,1,7,4,3,3,0.8068127310157573,4,False,0.0,20.6,20.6,250,3747,3497,25100,0.7436287080054171,False,False
D07_R01_P009,7,1,9,1,1,0,0.9382758569690326,10,False,0.0,70.11874210087032,70.11874210087032,250,502,252,25100,0.9042961670202203,False,False
D07_R01_P009,7,1,9,2,1,2,0.9521446396672767,10,False,0.0,69.69739235539495,69.69739235539495,250,391,141,25100,0.8454537079669535,False,False
D07_R01_P009,7,1,9,3,2,5,0.9063692802824748,11,False,0.0,36.4,36.4,250,6913,6663,25100,3.600161125010345,False,False
D07_R01_P009,7,1,9,4,3,3,0.9617981724866378,11,False,0.0,37.69910787811259,37.69910787811259,250,4537,4287,25100,2.5977907920023426,False,False
D07_R01_P009,7,1,9,5,4,2,0.7671394627205024,2,False,0.0,25.59514336785244,25.59514336785244,0,25000,25000,100,1.402970707975328,True,False
D07_R01_P009,7,1,9,6,4,3,0.6906370693120483,5,False,0.0,22.5,22.5,250,1736,1486,25100,0.6559277910273522,False,False
D07_R01_P009,7,1,9,7,5,3,0.9455628967603423,4,False,0.0,20.6,20.6,0,25000,25000,100,2.530166666023433,True,False
D07_R01_P010,7,1,10,1,1,0,0.7078892187105932,11,True,5.79705317452202,80.39705317452203,74.60000000000001,250,394,144,25100,0.9288209580117837,False,True
D07_R01_P010,7,1,10,2,2,2,0.9793070561091898,9,True,8.017012625399161,93.45916163927953,85.44214901388037,250,1347,1097,25100,1.0509233750053681,False,False
D07_R01_P011,7,1,11,1,1,5,0.7539239671663188,15,False,0.0,39.4,39.4,250,510,260,25100,1.3989972500130534,False,False
D07_R01_P012,7,1,12,1,1,1,0.5645095539711953,4,False,0.0,22.4,22.4,250,876,626,25100,0.44508220796706155,False,False
D07_R01_P012,7,1,12,2,2,3,0.9235500871751398,9,False,0.0,33.3,33.3,250,11804,11554,25100,4.0906387499999255,False,False
D07_R01_P012,7,1,12,3,2,5,0.7495211828041339,5,False,0.0,28.1,28.1,0,25000,25000,100,3.2865720000118017,True,False
D07_R01_P015,7,1,15,1,1,0,0.9001085074069951,10,True,12.831584950884917,83.83158495088492,71.0,250,429,179,25100,0.8582293330109678,False,True
D07_R01_P015,7,1,15,2,2,0,0.9387310819478109,5,False,0.0,55.599999999999994,55.599999999999994,0,25000,25000,100,3.2794034580001608,True,False
D07_R01_P015,7,1,15,3,2,3,0.9554993321429253,7,False,0.0,28.1,28.1,250,4963,4713,25100,1.55044474999886,False,False
D07_R01_P015,7,1,15,4,2,2,0.7864786840337622,4,True,6.7261840529617345,39.37393648255966,32.64775242959792,250,335,85,25100,0.3809021670022048,False,False
D07_R01_P015,7,1,15,5,3,3,0.8828712718040105,2,False,0.0,18.1,18.1,0,25000,25000,100,1.379345957946498,True,False
D07_R01_P016,7,1,16,1,1,3,0.8708218482073513,17,False,0.0,53.3,53.3,250,714,464,25100,1.9375413749949075,False,False
D07_R01_P016,7,1,16,2,2,5,0.8791311371499321,12,False,0.0,37.1,37.1,250,6223,5973,25100,3.6369394580251537,False,False
D07_R01_P016,7,1,16,3,3,3,0.8863948109937001,6,False,0.0,23.7,23.7,250,3872,3622,25100,1.145654167048633,False,False
D07_R01_P016,7,1,16,4,3,2,0.8372654312150107,3,False,0.0,20.3,20.3,250,1400,1150,25100,0.41180233302293345,False,False
D07_R01_P016,7,1,16,5,4,0,0.550229835030672,4,False,0.0,50.15245002964069,50.15245002964069,0,25000,25000,100,2.542971207993105,True,False
D07_R01_P018,7,1,18,1,1,2,0.9127582719078471,4,False,0.0,58.190134262304426,58.190134262304426,250,1730,1480,25100,0.5325506670051254,False,False
D07_R01_P019,7,1,19,1,1,3,0.9117160330218066,15,False,0.0,43.2,43.2,250,1555,1305,25100,2.2396861250163056,False,False
D07_R01_P019,7,1,19,2,1,1,0.6217835167066247,3,False,0.0,19.5,19.5,0,25000,25000,100,1.90640987502411,True,False
D07_R01_P020,7,1,20,1,1,3,0.6733002932851764,16,False,0.0,44.2,44.2,250,1297,1047,25100,2.329908416955732,False,False
D07_R01_P020,7,1,20,2,2,5,0.9400361666590278,10,False,0.0,34.5,34.5,250,4996,4746,25100,2.4296850829850882,False,False
D07_R01_P020,7,1,20,3,2,2,0.6603692738204492,9,False,0.0,79.1246837277111,79.1246837277111,250,302,52,25100,0.7339020840008743,False,False
D07_R02_P001,7,2,1,1,1,3,0.959229915831184,13,True,11.45781006349145,83.8544443160058,72.39663425251435,250,948,698,25100,1.3903537500300445,False,False
D07_R02_P001,7,2,1,2,2,0,0.9505383107794058,9,False,0.0,97.99007380054653,97.99007380054653,250,1372,1122,25100,1.0649827500456013,False,False
D07_R02_P001,7,2,1,3,2,2,0.9175087154344654,9,True,16.192491973719846,61.428614501692685,45.23612252797284,250,262,12,25100,0.7214700420154259,False,False
D07_R02_P002,7,2,2,1,1,0,0.5536744501328711,11,False,0.0,105.14930938316064,105.14930938316064,250,670,420,25100,1.0506947499816306,False,False
D07_R02_P002,7,2,2,2,2,5,0.6044540565602143,6,False,0.0,76.9137044672704,76.9137044672704,0,25000,25000,100,4.085259333020076,True,False
D07_R02_P002,7,2,2,3,3,3,0.9543115463949065,6,False,0.0,28.6,28.6,0,25000,25000,100,4.100758041022345,True,False
D07_R02_P002,7,2,2,4,3,2,0.9029088751075507,7,True,1.404902836782199,82.17164677864928,80.76674394186708,250,2570,2320,25100,1.0669075839687139,False,False
D07_R02_P002,7,2,2,5,4,2,0.8111034923563568,5,False,0.0,52.172452678034006,52.172452678034006,250,1324,1074,25100,0.5857863749843091,False,False
D07_R02_P003,7,2,3,1,1,3,0.9417019589029426,15,True,11.44470022921979,86.11443032960258,74.6697301003828,250,832,582,25100,1.6561918330262415,False,False
D07_R02_P003,7,2,3,2,2,3,0.879050741105311,13,False,0.0,76.07121222927637,76.07121222927637,250,1057,807,25100,1.4452161659719422,False,False
D07_R02_P004,7,2,4,1,1,3,0.9218376083409724,19,True,29.55039009314035,76.25039009314035,46.7,250,681,431,25100,2.290893082972616,False,False
D07_R02_P004,7,2,4,2,1,5,0.8400177103775676,13,False,0.0,65.27514884103667,65.27514884103667,250,468,218,25100,1.1239855420426466,False,False
D07_R02_P004,7,2,4,3,2,3,0.8483537157191537,6,False,0.0,28.6,28.6,0,25000,25000,100,4.083407666999847,True,False
D07_R02_P004,7,2,4,4,2,2,0.6467073432456317,7,True,5.947593142198528,82.05280324646881,76.10521010427028,250,1108,858,25100,0.7543161669746041,False,False
D07_R02_P004,7,2,4,5,2,5,0.5694455432048473,5,False,0.0,93.70503386444155,93.70503386444155,0,25000,25000,100,3.2669686659937724,True,False
D07_R02_P005,7,2,5,1,1,5,0.8447884288199564,12,True,2.4191520015650667,61.04802006476545,58.628868063200386,250,1111,861,25100,1.3406876670196652,False,True
D07_R02_P005,7,2,5,2,1,0,0.8039117411877891,10,False,0.0,96.59304277397634,96.59304277397634,250,822,572,25100,1.00795991695486,False,False
D07_R02_P005,7,2,5,3,1,2,0.7759580735742849,11,True,13.813514797877886,62.41351479787788,48.599999999999994,250,390,140,25100,0.9286845419555902,False,False
D07_R02_P005,7,2,5,4,2,5,0.9293269816490493,5,False,0.0,41.393540244331874,41.393540244331874,0,25000,25000,100,3.2713048749719746,True,False
D07_R02_P005,7,2,5,5,3,2,0.9391303515392028,5,False,0.0,25.900000000000002,25.900000000000002,250,1996,1746,25100,0.6817509580287151,False,False
D07_R02_P006,7,2,6,1,1,3,0.624455002115939,20,True,23.007644743050804,77.7076447430508,54.7,250,563,313,25100,2.283741833001841,False,False
D07_R02_P006,7,2,6,2,2,3,0.8290569766832785,19,True,1.782699859122566,48.282699859122566,46.5,250,374,124,25100,1.7295064579811879,False,False
D07_R02_P006,7,2,6,3,3,5,0.9105440785447585,12,True,20.084939793202807,78.00055523279302,57.91561543959021,250,1540,1290,25100,1.5416010839981027,False,True
D07_R02_P006,7,2,6,4,4,0,0.9168445834795842,3,False,0.0,25.5,25.5,0,25000,25000,100,1.9091437080060132,True,False
D07_R02_P007,7,2,7,1,1,1,0.8700113432175636,2,False,0.0,17.7,17.7,0,25000,25000,100,1.4000505000003614,True,False
D07_R02_P007,7,2,7,2,2,3,0.9687287505486976,15,True,6.789876039461092,75.98450242751792,69.19462638805683,250,904,654,25100,1.7366347499773838,False,False
D07_R02_P007,7,2,7,3,3,3,0.9450163930406315,2,False,0.0,19.0,19.0,0,25000,25000,100,1.4110005410038866,True,False
D07_R02_P009,7,2,9,1,1,0,0.9382758569690326,10,False,0.0,101.75744566592702,101.75744566592702,250,862,612,25100,1.0308961250120774,False,False
D07_R02_P009,7,2,9,2,1,2,0.9277553303946765,11,True,13.244866634572922,61.84486663457292,48.599999999999994,250,452,202,25100,0.9456182920257561,False,False
D07_R02_P009,7,2,9,3,1,5,0.581303284420875,11,True,0.5586606594709735,72.80146268371757,72.2428020242466,250,453,203,25100,0.9599207080318592,False,True
D07_R02_P009,7,2,9,4,2,2,0.970898258586148,10,True,2.0763405792911485,54.92220290089124,52.845862321600094,250,890,640,25100,1.0282966250088066,False,False
D07_R02_P009,7,2,9,5,2,3,0.9710534545780678,13,True,6.895663643371861,77.3802170376894,70.48455339431754,250,1062,812,25100,1.4560919579816982,False,False
D07_R02_P009,7,2,9,6,2,5,0.9063692802824748,10,False,0.0,86.27416445145732,86.27416445145732,250,509,259,25100,0.8984189999755472,False,False
D07_R02_P009,7,2,9,7,3,3,0.7438677482722523,3,False,0.0,20.9,20.9,0,25000,25000,100,1.9456660419818945,True,False
D07_R02_P009,7,2,9,8,4,3,0.9496587450316404,2,False,0.0,19.0,19.0,0,25000,25000,100,1.4049127909820527,True,False
D07_R02_P010,7,2,10,1,1,5,0.9218310167083663,11,False,0.0,66.24294107504451,66.24294107504451,250,516,266,25100,0.9870036249631085,False,False
D07_R02_P010,7,2,10,2,1,0,0.7935714573748192,10,False,0.0,89.54852848086936,89.54852848086936,250,805,555,25100,1.0032143340213224,False,False
D07_R02_P010,7,2,10,3,1,2,0.7645753956805733,11,True,6.379428891348361,60.07683834660331,53.69740945525495,250,675,425,25100,1.036363082996104,False,False
D07_R02_P010,7,2,10,4,2,0,0.7817099079521256,8,False,0.0,85.8704295082823,85.8704295082823,250,1213,963,25100,0.8984134170459583,False,False
D07_R02_P011,7,2,11,1,1,0,0.6674278293540443,11,False,0.0,102.3070427830526,102.3070427830526,250,722,472,25100,1.070272833982017,False,False
D07_R02_P011,7,2,11,2,2,3,0.7539239671663188,17,True,5.507743547457366,77.16475985554861,71.65701630809124,250,724,474,25100,1.941431916959118,False,False
D07_R02_P012,7,2,12,1,1,1,0.5645095539711953,4,False,0.0,22.4,22.4,250,849,599,25100,0.44790587498573586,False,False
D07_R02_P013,7,2,13,1,1,0,0.787168830502337,11,False,0.0,95.5072481371962,95.5072481371962,250,704,454,25100,1.060141583031509,False,False
D07_R02_P013,7,2,13,2,2,3,0.7861560474325042,16,True,0.5750738302316591,61.24196157730226,60.666887747070604,250,700,450,25100,1.7249357500113547,False,False
D07_R02_P014,7,2,14,1,1,0,0.9312892465052582,2,False,0.0,19.2,19.2,0,25000,25000,100,1.4275487910490483,True,False
D07_R02_P015,7,2,15,1,1,5,0.9617424236668909,12,True,25.5473925540281,67.4473925540281,41.9,250,1722,1472,25100,1.6269114999449812,False,True
D07_R02_P015,7,2,15,2,1,0,0.9001085074069951,10,False,0.0,108.58826726966663,108.58826726966663,250,866,616,25100,1.0236204999964684,False,False
D07_R02_P015,7,2,15,3,1,2,0.8838876238777926,11,True,1.697360073572149,55.30683408822383,53.60947401465168,250,1175,925,25100,1.2540169169660658,False,False
D07_R02_P015,7,2,15,4,2,0,0.9387310819478109,6,False,0.0,164.67553655021064,164.67553655021064,0,25000,25000,100,4.068817708001006,True,False
D07_R02_P015,7,2,15,5,2,5,0.7800052973481655,3,False,0.0,64.59753282251476,64.59753282251476,0,25000,25000,100,1.9141256250441074,True,False
D07_R02_P015,7,2,15,6,2,2,0.7224050737777047,5,True,0.138045268506378,30.23041588308404,30.09237061457766,250,1485,1235,25100,0.6067951250006445,False,False
D07_R02_P015,7,2,15,7,3,0,0.5765933333976349,3,False,0.0,41.0914569867585,41.0914569867585,0,25000,25000,100,1.9052402499946766,True,False
D07_R02_P016,7,2,16,1,1,3,0.8708218482073513,20,True,19.979367184921017,75.67936718492102,55.7,250,475,225,25100,2.086714832985308,False,False
D07_R02_P016,7,2,16,2,2,2,0.5558927982789307,10,True,4.326320699957769,51.9680602875982,47.64173958764043,250,611,361,25100,0.9176008329959586,False,False
D07_R02_P016,7,2,16,3,3,3,0.6272237359433822,8,False,0.0,30.200000000000003,30.200000000000003,0,25000,25000,100,6.0654980830149725,True,False
D07_R02_P016,7,2,16,4,4,3,0.7535400556729159,4,False,0.0,22.1,22.1,0,25000,25000,100,2.5382705830270424,True,False
D07_R02_P016,7,2,16,5,5,3,0.9425388124726318,3,False,0.0,20.9,20.9,0,25000,25000,100,1.9152986670378596,True,False
D07_R02_P016,7,2,16,6,5,0,0.8608626069785865,4,False,0.0,45.23518007779821,45.23518007779821,0,25000,25000,100,2.522066832985729,True,False
D07_R02_P017,7,2,17,1,1,5,0.9542864588764814,3,False,0.0,60.90365714673549,60.90365714673549,0,25000,25000,100,1.924305375025142,True,False
D07_R02_P017,7,2,17,2,1,2,0.951761354327474,4,True,6.0871058351880905,36.34282743382862,30.255721598640527,250,349,99,25100,0.3879959170008078,False,False
D07_R02_P018,7,2,18,1,1,3,0.7084434660830671,4,False,0.0,22.1,22.1,0,25000,25000,100,2.5370567500358447,True,False
D07_R02_P019,7,2,19,1,1,3,0.9117160330218066,18,True,1.7025675625019971,71.63505932880472,69.93249176630272,250,705,455,25100,2.129770625033416,False,False
D07_R02_P019,7,2,19,2,1,1,0.6217835167066247,3,False,0.0,19.5,19.5,0,25000,25000,100,1.8977553749573417,True,False
D07_R02_P020,7,2,20,1,1,3,0.6733002932851764,19,True,33.1684788627025,78.8684788627025,45.7,250,690,440,25100,2.2977665420039557,False,False
D07_R03_P001,7,3,1,1,1,0,0.9505383107794058,8,False,0.0,67.00000000000001,67.00000000000001,250,5628,5378,25100,1.956727167009376,False,False
D07_R03_P002,7,3,2,1,1,5,0.6044540565602143,8,False,0.0,30.8,30.8,250,8731,8481,25100,2.7352880830294453,False,False
D07_R03_P002,7,3,2,2,2,3,0.9664197176121597,12,False,0.0,44.98479542556588,44.98479542556588,204,25000,24796,20500,11.953403708001133,True,False
D07_R03_P002,7,3,2,3,2,5,0.6957074075405602,6,False,0.0,29.999661412955266,29.999661412955266,250,3190,2940,25100,1.0336548750055954,False,False
D07_R03_P002,7,3,2,4,3,2,0.9055546882587895,4,False,0.0,78.85847235410398,78.85847235410398,250,1773,1523,25100,0.5414427499636076,False,False
D07_R03_P002,7,3,2,5,3,5,0.6098435141478096,2,False,0.0,22.900000000000002,22.900000000000002,0,25000,25000,100,1.3906797500094399,True,False
D07_R03_P003,7,3,3,1,1,5,0.9814372693203581,14,True,9.32891774942734,48.22891774942734,38.9,250,506,256,25100,1.2696628749836236,False,True
D07_R03_P003,7,3,3,2,2,5,0.8106685619804789,11,False,0.0,37.1,37.1,250,482,232,25100,0.9687563329935074,False,False
D07_R03_P004,7,3,4,1,1,3,0.9218376083409724,17,True,15.228490359704296,57.9284903597043,42.7,250,681,431,25100,1.8949564999784343,False,False
D07_R03_P004,7,3,4,2,1,5,0.8400177103775676,16,True,0.7848178564006929,56.94565693932263,56.16083908292194,250,1890,1640,25100,2.934160750010051,False,False
D07_R03_P004,7,3,4,3,2,3,0.9270344759268571,9,False,0.0,32.8,32.8,250,10678,10428,25100,3.7267938330187462,False,False
D07_R03_P004,7,3,4,4,2,5,0.5842064848448834,5,False,0.0,28.1,28.1,0,25000,25000,100,3.2423067499767058,True,False
D07_R03_P004,7,3,4,5,3,0,0.9117517588851934,2,False,0.0,26.200000000000003,26.200000000000003,0,25000,25000,100,1.3886862499639392,True,False
D07_R03_P005,7,3,5,1,1,0,0.8039117411877891,9,False,0.0,69.80000000000001,69.80000000000001,250,339,89,25100,0.7640599160222337,False,False
D07_R03_P005,7,3,5,2,2,2,0.8008940714000841,7,True,7.935496749090163,93.98353915121416,86.048042402124,250,684,434,25100,0.6812990419566631,False,True
D07_R03_P005,7,3,5,3,2,3,0.7223271275581216,13,False,0.0,36.12410281631574,36.12410281631574,250,11459,11209,25100,6.84222808299819,False,False
D07_R03_P005,7,3,5,4,2,5,0.6187828198445118,7,False,0.0,34.64751989640913,34.64751989640913,250,4928,4678,25100,1.5581369579886086,False,False
D07_R03_P005,7,3,5,5,3,3,0.940455116137467,8,False,0.0,35.88583090071372,35.88583090071372,250,14636,14386,25100,4.182963749975897,False,False
D07_R03_P006,7,3,6,1,1,3,0.624455002115939,18,True,10.648568191736288,62.448568191736285,51.8,250,832,582,25100,2.2864982080063783,False,False
D07_R03_P006,7,3,6,2,2,3,0.8290569766832785,17,False,0.0,42.7,42.7,250,644,394,25100,1.8206060419906862,False,False
D07_R03_P006,7,3,6,3,3,3,0.8026072918253304,14,False,0.0,36.8,36.8,250,2206,1956,25100,2.3952682499657385,False,False
D07_R03_P007,7,3,7,1,1,1,0.8700113432175636,2,False,0.0,17.7,17.7,0,25000,25000,100,1.4153888750006445,True,False
D07_R03_P007,7,3,7,2,2,5,0.9779690155174414,14,False,0.0,38.9,38.9,250,493,243,25100,1.2758634579950012,False,False
D07_R03_P009,7,3,9,1,1,0,0.9382758569690326,9,False,0.0,69.80000000000001,69.80000000000001,250,371,121,25100,0.7794475830160081,False,False
D07_R03_P009,7,3,9,2,1,2,0.9521446396672767,11,False,0.0,73.123291919529,73.123291919529,250,301,51,25100,0.8867501670029014,False,False
D07_R03_P009,7,3,9,3,2,5,0.9063692802824748,11,False,0.0,36.4,36.4,250,5602,5352,25100,3.0764994170167483,False,False
D07_R03_P009,7,3,9,4,3,2,0.6157684114656884,2,False,0.0,26.955062303480354,26.955062303480354,0,25000,25000,100,1.3845184579840861,True,False
D07_R03_P009,7,3,9,5,3,3,0.5678676323450264,5,False,0.0,22.5,22.5,250,1745,1495,25100,0.6529929999960586,False,False
D07_R03_P009,7,3,9,6,4,3,0.9394117033679213,4,False,0.0,20.6,20.6,0,25000,25000,100,2.524460625019856,True,False
D07_R03_P010,7,3,10,1,1,0,0.7078892187105932,10,False,0.0,75.40197050424956,75.40197050424956,250,308,58,25100,0.81904770800611,False,False
D07_R03_P010,7,3,10,2,2,0,0.7935714573748192,9,False,0.0,74.79406941507395,74.79406941507395,250,350,100,25100,0.7544290840160102,False,False
D07_R03_P010,7,3,10,3,3,2,0.9793070561091898,10,True,12.42832291352542,100.82020130666973,88.39187839314431,250,1058,808,25100,1.0858437080169097,False,False
D07_R03_P010,7,3,10,4,3,0,0.7817099079521256,7,False,0.0,64.10000000000001,64.10000000000001,250,4201,3951,25100,1.3689878330333158,False,False
D07_R03_P011,7,3,11,1,1,5,0.7539239671663188,15,False,0.0,39.4,39.4,250,457,207,25100,1.3541448750183918,False,False
D07_R03_P011,7,3,11,2,2,0,0.9033199915829264,2,False,0.0,26.200000000000003,26.200000000000003,0,25000,25000,100,1.3987111669848673,True,False
D07_R03_P012,7,3,12,1,1,1,0.5645095539711953,4,False,0.0,22.4,22.4,250,903,653,25100,0.4492790410295129,False,False
D07_R03_P012,7,3,12,2,2,3,0.9407438743521875,11,False,0.0,34.783701298390156,34.783701298390156,241,25000,24759,24200,10.608923708030488,True,False
D07_R03_P012,7,3,12,3,2,2,0.9374443609084403,6,False,0.0,83.05284971150354,83.05284971150354,250,8032,7782,25100,1.8073114170110784,False,False
D07_R03_P012,7,3,12,4,2,5,0.7495211828041339,5,False,0.0,28.1,28.1,0,25000,25000,100,3.243451874994207,True,False
D07_R03_P014,7,3,14,1,1,5,0.7636401302758387,14,False,0.0,38.9,38.9,250,505,255,25100,1.260275000007823,False,False
D07_R03_P015,7,3,15,1,1,0,0.9001085074069951,9,False,0.0,69.80000000000001,69.80000000000001,250,342,92,25100,0.7674537079874426,False,False
D07_R03_P015,7,3,15,2,2,0,0.9387310819478109,5,False,0.0,74.4099139605188,74.4099139605188,0,25000,25000,100,3.268933624960482,True,False
D07_R03_P015,7,3,15,3,2,3,0.8114287823881152,7,False,0.0,28.1,28.1,250,3678,3428,25100,1.2930119999800809,False,False
D07_R03_P015,7,3,15,4,3,3,0.8521806319259684,2,False,0.0,18.1,18.1,0,25000,25000,100,1.390300415980164,True,False
D07_R03_P015,7,3,15,5,3,0,0.7738635542503647,2,False,0.0,31.416953486041873,31.416953486041873,0,25000,25000,100,1.3927483329898678,True,False
D07_R03_P016,7,3,16,1,1,3,0.8708218482073513,18,True,12.858003933640902,64.6580039336409,51.8,250,506,256,25100,1.8060254589654505,False,False
D07_R03_P016,7,3,16,2,2,5,0.8791311371499321,12,False,0.0,37.1,37.1,250,7820,7570,25100,4.4812658749870025,False,False
D07_R03_P016,7,3,16,3,3,3,0.5958086974427905,9,False,0.0,32.8,32.8,250,10496,10246,25100,3.727345083025284,False,False
D07_R03_P016,7,3,16,4,4,2,0.8878655527347992,3,False,0.0,20.929534350745257,20.929534350745257,250,1401,1151,25100,0.40423012495739385,False,False
D07_R03_P016,7,3,16,5,5,0,0.8608626069785865,3,False,0.0,29.8,29.8,0,25000,25000,100,1.9103898750036024,True,False
D07_R03_P016,7,3,16,6,5,3,0.8470155687632323,4,False,0.0,20.6,20.6,250,3117,2867,25100,0.6841350839822553,False,False
D07_R03_P018,7,3,18,1,1,3,0.8817207172130659,7,False,0.0,28.1,28.1,250,8761,8511,25100,2.323841709003318,False,False
D07_R03_P019,7,3,19,1,1,3,0.9117160330218066,16,True,6.421311178395193,48.72131117839519,42.3,250,964,714,25100,2.001116083993111,False,False
D07_R03_P019,7,3,19,2,1,1,0.6217835167066247,3,False,0.0,19.5,19.5,0,25000,25000,100,1.9088992920005694,True,False
D07_R03_P020,7,3,20,1,1,3,0.6733002932851764,17,True,17.655821690140158,60.35582169014016,42.7,250,713,463,25100,1.9010997499572113,False,False
D07_R03_P020,7,3,20,2,2,2,0.6603692738204492,10,False,0.0,90.50927838704584,90.50927838704584,250,283,33,25100,0.8007579169934615,False,False
D07_R03_P020,7,3,20,3,3,5,0.683869162178943,9,False,0.0,32.5,32.5,250,3775,3525,25100,1.7597465830040164,False,False
D07_R03_P020,7,3,20,4,4,3,0.9083474789373849,2,False,0.0,18.1,18.1,0,25000,25000,100,1.393505042011384,True,False
