day,path_index,realized_seed,realized_path_hash,static_distance,dddas_distance,static_tardiness,dddas_tardiness,static_J,dddas_J,static_on_time,dddas_on_time,static_max_tardiness,dddas_max_tardiness,delta_distance,delta_tardiness,delta_J,delta_max_tardiness,delta_on_time
2,1,8120001,b013e7a807f3f3f41356bacb8e72620ad8d446867d915ec782ecd1a41fad05fd,417.8666666666668,417.5666666666668,0.0,0.0,417.8666666666668,417.5666666666668,1.0,1.0,0.0,0.0,0.3000000000000303,0.0,0.3000000000000303,0.0,0.0
2,2,8120002,b5bfc43cf96dc1f1cab416d08e5e5397e8d0fb2953b98e67b2fb66e9a17a91aa,417.8666666666668,417.5666666666668,0.0,0.0,417.8666666666668,417.5666666666668,1.0,1.0,0.0,0.0,0.3000000000000303,0.0,0.3000000000000303,0.0,0.0
2,3,8120003,e88ff630ec7361d9c824d608741efb10e3440591d36d91ac228097db550b6c65,417.8666666666668,418.50000000000006,0.0,0.0,417.8666666666668,418.50000000000006,1.0,1.0,0.0,0.0,-0.6333333333333258,0.0,-0.6333333333333258,0.0,0.0
2,4,8120004,a86b7cda74612e6b34481d3362ce295870344403ab20b4af433edf987260a745,417.8666666666668,417.8666666666668,0.0,0.0,417.8666666666668,417.8666666666668,1.0,1.0,0.0,0.0,0.0,0.0,0.0,0.0,0.0
2,5,8120005,5efb4d9a76f658ed49101958345934e1b00702248d13bd4123caaeea664b3756,417.8666666666668,417.8666666666668,0.0,0.0,417.8666666666668,417.8666666666668,1.0,1.0,0.0,0.0,0.0,0.0,0.0,0.0,0.0
2,6,8120006,71000c5bdaf83b50745e7d5449012b3ddfe0b32c63179b3a3ed10c8ca1e9e4b3,417.8666666666668,417.8666666666668,0.03162501576800499,0.03162501576800499,417.92991669820276,417.92991669820276,0.9947089947089948,0.9947089947089948,0.03162501576800499,0.03162501576800499,0.0,0.0,0.0,0.0,0.0
2,7,8120007,332a56b84537d3673053f122d945590380655fa7443444cde1d44d0de7a47b36,417.8666666666668,417.8666666666668,0.0,0.0,417.8666666666668,417.8666666666668,1.0,1.0,0.0,0.0,0.0,0.0,0.0,0.0,0.0
2,8,8120008,6822322d1fe03cb6532e64fc4632a8b959cbdf5db7c45313088c8a65a5a9392f,417.8666666666668,418.6000000000001,0.0,0.0,417.8666666666668,418.6000000000001,1.0,1.0,0.0,0.0,-0.7333333333333295,0.0,-0.7333333333333295,0.0,0.0
2,9,8120009,c333a44c14147c13551765947e97afcbd6a88ed65a6e7cbcf06049f0ab16fa26,417.8666666666668,419.3666666666668,0.0,0.0,417.8666666666668,419.3666666666668,1.0,1.0,0.0,0.0,-1.5000000000000189,0.0,-1.5000000000000189,0.0,0.0
2,10,8120010,8eb0516fccccf9345cff7009dc67716ba61e4ca96b543d9fc4d81c2d37eadb21,417.8666666666668,418.90000000000015,0.0,0.0,417.8666666666668,418.90000000000015,1.0,1.0,0.0,0.0,-1.0333333333333599,0.0,-1.0333333333333599,0.0,0.0
2,11,8120011,b059eec811b126054a24425505c98919856e3b7ee1841e3a0c9c7e6961464445,417.8666666666668,417.8666666666668,0.0,0.0,417.8666666666668,417.8666666666668,1.0,1.0,0.0,0.0,0.0,0.0,0.0,0.0,0.0
2,12,8120012,efe5c2da9f201ded4bd14ca4cf3cf206dcd72d0f3c12d6aab2ca746f2688d1e8,417.8666666666668,418.9000000000001,0.0,0.0,417.8666666666668,418.9000000000001,1.0,1.0,0.0,0.0,-1.033333333333341,0.0,-1.033333333333341,0.0,0.0
2,13,8120013,324fece089e812b825f604da8acc6c3244e1b6ea6cd922dcbc251efc547b5dbd,417.8666666666668,418.50000000000006,0.0,0.0,417.8666666666668,418.50000000000006,1.0,1.0,0.0,0.0,-0.6333333333333258,0.0,-0.6333333333333258,0.0,0.0
2,14,8120014,0d6ea09962ee6a33acdd10932927b5b49e47047771db366e0c2277b2b9f3a490,417.8666666666668,418.0666666666668,0.0,0.0,417.8666666666668,418.0666666666668,1.0,1.0,0.0,0.0,-0.19999999999996967,0.0,-0.19999999999996967,0.0,0.0
2,15,8120015,0b4dccabd952755cdbf8cbd741364377dccf1455a4227ccc68c024b7d78c43f5,417.8666666666668,417.8666666666668,1.3646854104140782,0.20836763443115083,420.5960374874949,418.2834019355291,0.9894179894179894,0.9947089947089948,1.1563177759829273,0.20836763443115083,0.0,1.1563177759829273,2.3126355519658546,0.9479501415517765,0.005291005291005309
2,16,8120016,57d446d9605a501eb541ca623ab01795110dc003e51065557a8e0b69b4027f07,417.8666666666668,417.8666666666668,0.9483134534331725,0.9483134534331725,419.7632935735331,419.7632935735331,0.9947089947089948,0.9947089947089948,0.9483134534331725,0.9483134534331725,0.0,0.0,0.0,0.0,0.0
2,17,8120017,6d15efd29539274776e153f4e11729cb1b4b5848f9efa7f8d4b0411c00a90e1c,417.8666666666668,418.4000000000001,0.0,0.0,417.8666666666668,418.4000000000001,1.0,1.0,0.0,0.0,-0.5333333333333599,0.0,-0.5333333333333599,0.0,0.0
2,18,8120018,24bda18011f210be87ed360a74390b55ccd142e0bfefdc0edcef7716f9ecd709,417.8666666666668,417.8666666666668,0.0,0.0,417.8666666666668,417.8666666666668,1.0,1.0,0.0,0.0,0.0,0.0,0.0,0.0,0.0
2,19,8120019,467bc5fe41fa38ec97e075ad761b09508b03aeefd6d04a67f701610410b42f04,417.8666666666668,417.8666666666668,0.0,0.0,417.8666666666668,417.8666666666668,1.0,1.0,0.0,0.0,0.0,0.0,0.0,0.0,0.0
2,20,8120020,5ca47eefefeac353706692f0ee0b20c610f680dd7434e09254ec81671215a898,417.8666666666668,417.8666666666668,0.0,0.0,417.8666666666668,417.8666666666668,1.0,1.0,0.0,0.0,0.0,0.0,0.0,0.0,0.0
5,1,8150001,92d675ee62955edf6155025e3af06604318922531116916039341543c3e00e8e,405.0666666666666,404.59999999999997,0.0,0.0,405.0666666666666,404.59999999999997,1.0,1.0,0.0,0.0,0.46666666666667805,0.0,0.46666666666667805,0.0,0.0
5,2,8150002,6bef4abe2198df4ae77400e7a8689b7201e9f0fd2fbd63dd37f4aaab69377864,405.0666666666666,405.29999999999995,0.0,0.0,405.0666666666666,405.29999999999995,1.0,1.0,0.0,0.0,-0.23333333333332953,0.0,-0.23333333333332953,0.0,0.0
5,3,8150003,ec556f11807ce33613a8b7923b2a07bf18f37a729e9700125b1f11ea06a74f34,405.0666666666666,404.8333333333333,4.542114192250551,5.770108854362017,414.15089505116777,416.3735510420573,0.9955555555555556,0.9955555555555556,4.542114192250551,5.770108854362017,0.2333333333333485,-1.2279946621114657,-2.222655990889583,-1.2279946621114657,0.0
5,4,8150004,229c8b9891968103bd22dfa350f52b7f3cda8c2f7ea51951b3569dd517bae7ff,405.0666666666666,404.6666666666667,8.268102861765897,7.202539400300452,421.60287239019846,419.0717454672675,0.9866666666666667,0.9866666666666667,5.42872009747335,4.363156636007905,0.4000000000000152,1.0655634614654446,2.531126922930904,1.0655634614654446,0.0
5,5,8150005,410c4cb565ccc6f46b8e193b56663350c5e79583b42566d33b5d5414721697ad,405.0666666666666,407.0666666666666,0.0,0.0,405.0666666666666,407.0666666666666,1.0,1.0,0.0,0.0,-1.9999999999999811,0.0,-1.9999999999999811,0.0,0.0
5,6,8150006,81ae6704ff04cae6e39aa050cfe05408fb487a026cd20d693246a190345b56ea,405.0666666666666,405.46666666666664,1.2840826729301398,0.0,407.63483201252694,405.46666666666664,0.9911111111111112,1.0,1.2576298783641466,0.0,-0.39999999999997726,1.2840826729301398,2.1681653458603023,1.2576298783641466,0.008888888888888872
5,7,8150007,2a7602656079e49c0b47eb20de0517c387abc4832313ba1f24dde2841d85b73c,405.0666666666666,405.0666666666666,0.0,0.0,405.0666666666666,405.0666666666666,1.0,1.0,0.0,0.0,0.0,0.0,0.0,0.0,0.0
5,8,8150008,879529979155069adbdcbeb0797c91995b83fa53e3a97a29030fe0f740610e3e,405.0666666666666,405.29999999999995,2.544626601229311,2.544626601229311,410.1559198691252,410.3892532024586,0.9955555555555556,0.9955555555555556,2.544626601229311,2.544626601229311,-0.23333333333332953,0.0,-0.23333333333332953,0.0,0.0
5,9,8150009,e960e8d839f63ded7a4cf1888083df4ad8f64b4f9cbdad474a65113b4dcd1f69,405.0666666666666,405.0666666666666,0.0,0.0,405.0666666666666,405.0666666666666,1.0,1.0,0.0,0.0,0.0,0.0,0.0,0.0,0.0
5,10,8150010,2ef139c46bd19f15146addbf19ebe8d6ae75c3274aaab41140c5d6850db75ca7,405.0666666666666,405.0666666666666,0.0,0.0,405.0666666666666,405.0666666666666,1.0,1.0,0.0,0.0,0.0,0.0,0.0,0.0,0.0
5,11,8150011,e5b8e373bde412d4f0fbf604958c97c52f400d3999858a6bd472b07ef3d2d932,405.0666666666666,405.0666666666666,0.0,0.0,405.0666666666666,405.0666666666666,1.0,1.0,0.0,0.0,0.0,0.0,0.0,0.0,0.0
5,12,8150012,341d41b433812e337f70908651fc97267050f0b0061f2e0cc89c55be72943834,405.0666666666666,405.7,5.247571848253377,5.247571848253377,415.5618103631734,416.1951436965067,0.9955555555555556,0.9955555555555556,5.247571848253377,5.247571848253377,-0.6333333333333258,0.0,-0.6333333333333258,0.0,0.0
5,13,8150013,0e0922876b543d52a0d1b9ba82705797638af492aa4ff74ac07668e6f2148c1c,405.0666666666666,404.43333333333334,0.09007698170773892,0.09007698170773892,405.24682063008214,404.6134872967488,0.9955555555555556,0.9955555555555556,0.09007698170773892,0.09007698170773892,0.6333333333333447,0.0,0.6333333333333447,0.0,0.0
5,14,8150014,0b572e85655e7acbbced3379f7c86c94d3081e1049d40dd44cfbf7e6bbc31e3e,405.0666666666666,405.0666666666666,0.3292921820781582,0.3292921820781582,405.7252510308229,405.7252510308229,0.9955555555555556,0.9955555555555556,0.3292921820781582,0.3292921820781582,0.0,0.0,0.0,0.0,0.0
5,15,8150015,5403d0ba5ee20105af990d0bc9318fda986bc5fab112c66d555b311c82509a23,405.0666666666666,405.29999999999995,2.3457161355693756,2.3457161355693756,409.7580989378054,409.99143227113876,0.9955555555555556,0.9955555555555556,2.3457161355693756,2.3457161355693756,-0.23333333333332953,0.0,-0.23333333333332953,0.0,0.0
5,16,8150016,61772dbf10ffb885ed4122f9bc6c2fa1f3f22a427b5cdab2db457bff8d58e547,405.0666666666666,404.43333333333334,0.0,0.0,405.0666666666666,404.43333333333334,1.0,1.0,0.0,0.0,0.6333333333333258,0.0,0.6333333333333258,0.0,0.0
5,17,8150017,a893b130d47c73ccd83d3d8b99e9c31777ec53ffa145795674858af3b6a02fbd,405.0666666666666,404.43333333333334,1.3995757921732281,1.3995757921732281,407.8658182510131,407.2324849176798,0.9955555555555556,0.9955555555555556,1.3995757921732281,1.3995757921732281,0.6333333333333258,0.0,0.6333333333333258,0.0,0.0
5,18,8150018,2a34a78934d3364b2cd961b0985b19d24b8f1fa3d7719020902d302840c6c9ac,405.0666666666666,405.0666666666666,3.391979594873694,3.391979594873694,411.85062585641396,411.85062585641396,0.9822222222222222,0.9822222222222222,3.084331765601481,3.084331765601481,0.0,0.0,0.0,0.0,0.0
5,19,8150019,468cf15bfb4ebc636947995c91d5bc8d5c232707c7b91856a57e9cfc7c8fc053,405.0666666666666,404.59999999999997,0.0,0.0,405.0666666666666,404.59999999999997,1.0,1.0,0.0,0.0,0.46666666666667805,0.0,0.46666666666667805,0.0,0.0
5,20,8150020,f3874d035ba465cfa1248e0b5c37618966f58a822df3e2b4646282787adb5e29,405.0666666666666,405.29999999999995,0.9253480334356633,0.9253480334356633,406.9173627335379,407.15069606687126,0.9955555555555556,0.9955555555555556,0.9253480334356633,0.9253480334356633,-0.23333333333332953,0.0,-0.23333333333332953,0.0,0.0
7,1,8170001,62eea306b95884f47782f1acd330a2ccbcd44533e84688373e56774acb16fc04,371.8,372.2,2.31099673089138,2.31099673089138,376.42199346178273,376.82199346178277,0.9949494949494949,0.9949494949494949,2.31099673089138,2.31099673089138,-0.39999999999997726,0.0,-0.39999999999997726,0.0,0.0
7,2,8170002,f8c0202506739fd349e247c83d5e4cf66515c8af2369e2d5e2559cc2afd43421,371.8,372.6666666666667,8.412591807912738,7.560379153575667,388.6251836158255,387.7874249738181,0.9595959595959597,0.9646464646464646,4.841485545893609,4.841001386310343,-0.8666666666666742,0.8522126543370708,0.8377586420074673,0.00048415958326586406,0.005050505050505046
7,3,8170003,abba81fd9f6c27b894cc9b1e66ceb2d1754e19803071cc841db50b1ba6818a21,371.8,371.8333333333333,3.604722273672934,3.604722273672934,379.00944454734594,379.04277788067924,0.9949494949494949,0.9949494949494949,3.604722273672934,3.604722273672934,-0.03333333333332197,0.0,-0.03333333333332197,0.0,0.0
7,4,8170004,ad1906a6a46c7ded6aec3cd85f6e93045e41c1a4cb645292701a430375ab3921,371.8,373.70000000000005,0.0,0.0,371.8,373.70000000000005,1.0,1.0,0.0,0.0,-1.900000000000034,0.0,-1.900000000000034,0.0,0.0
7,5,8170005,538b28f5f3e957b3c2e63529361f2adff89bcae61fcc82c1a10ff0ebf05379ba,371.8,372.1333333333334,8.200067541338399,0.0,388.2001350826768,372.1333333333334,0.98989898989899,1.0,7.93315763169566,0.0,-0.3333333333333144,8.200067541338399,16.066801749343483,7.93315763169566,0.010101010101010091
7,6,8170006,df6c5a6c7cb94f7be329e910508d1d6ede933a24c04540c912a89a3a88bef9bc,371.8,372.8,1.0473030154672642,0.0,373.89460603093454,372.8,0.9949494949494949,1.0,1.0473030154672642,0.0,-1.0,1.0473030154672642,1.0946060309345285,1.0473030154672642,0.005050505050505046
7,7,8170007,a6d6acd25e623549c7c4ce588c2f682488385c5453798804d09152e6ea3b7741,371.8,371.8333333333333,2.537298874670815,2.537298874670815,376.8745977493416,376.907931082675,0.9949494949494949,0.9949494949494949,2.537298874670815,2.537298874670815,-0.03333333333332197,0.0,-0.03333333333332197,0.0,0.0
7,8,8170008,c59b9a87980e1510207ac500428332f4011962522891a761d9626c3aa74ce7ad,371.8,371.8,1.048427697446698,1.048427697446698,373.89685539489346,373.89685539489346,0.98989898989899,0.98989898989899,1.048427697446698,1.048427697446698,0.0,0.0,0.0,0.0,0.0
7,9,8170009,4e4275fd3d870550835f0fd30cc267a14014a712261f8f00d989f58ba71be43d,371.8,372.8333333333333,5.914232486409721,6.77987273267765,383.6284649728195,386.3930787986887,0.9797979797979798,0.9747474747474748,5.142104077726505,5.142104077726505,-1.033333333333322,-0.8656402462679296,-2.7646138258691813,0.0,-0.005050505050505046
7,10,8170010,8983ccf69993860bc6af4339bf624bc17d9e15b482b9b57718d8371ddff4c5ef,371.8,374.3333333333333,0.6877597651572293,3.6614050908395845,373.1755195303145,381.6561435150125,0.98989898989899,0.9848484848484849,0.6877597651572293,3.6614050908395845,-2.5333333333333408,-2.973645325682355,-8.48062398469805,-2.973645325682355,-0.005050505050505046
7,11,8170011,910f9ed8a3a51d2743b53872a571a32b2b1389a9710fc818ad91ff4f0f752b36,371.8,371.8333333333333,4.487736650682801,4.487736650682801,380.7754733013656,380.8088066346989,0.98989898989899,0.98989898989899,4.487736650682801,4.487736650682801,-0.03333333333332197,0.0,-0.03333333333332197,0.0,0.0
7,12,8170012,cce8bcabc30f7e0686cf02d166776be0590a8cea0cccb0edc39d6cb85c208718,371.8,371.8,1.7875035106272132,1.7875035106272132,375.3750070212545,375.3750070212545,0.9949494949494949,0.9949494949494949,1.7875035106272132,1.7875035106272132,0.0,0.0,0.0,0.0,0.0
7,13,8170013,7ec18b5e4a1f9c3f26511bcb7812389f52b8858aee6fb0ff5e06fb25c8cb29f5,371.8,371.8333333333333,0.0,0.0,371.8,371.8333333333333,1.0,1.0,0.0,0.0,-0.03333333333332197,0.0,-0.03333333333332197,0.0,0.0
7,14,8170014,58fb0c2c3ea4e3834964e3c08f6374fa9309504fe2a20293b1ebb1cdd7fc07ce,371.8,371.8,0.4490152352420675,0.4490152352420675,372.6980304704842,372.6980304704842,0.9949494949494949,0.9949494949494949,0.4490152352420675,0.4490152352420675,0.0,0.0,0.0,0.0,0.0
7,15,8170015,70fa7b7b18d3cba159f20c88a3f8ee15051e478dcd58d925f67c1dc9c735bfe6,371.8,374.6000000000001,2.555376059714547,2.555376059714547,376.91075211942916,379.7107521194291,0.9949494949494949,0.9949494949494949,2.555376059714547,2.555376059714547,-2.7999999999999923,0.0,-2.7999999999999923,0.0,0.0
7,16,8170016,b5759e7ac7cb8b6bfd1a4d9c8c496d732ad42ce7e26405e23ef3c62487355e18,371.8,373.1333333333334,1.6335035865590346,0.0,375.0670071731181,373.1333333333334,0.9949494949494949,1.0,1.6335035865590346,0.0,-1.3333333333333333,1.6335035865590346,1.933673839784736,1.6335035865590346,0.005050505050505046
7,17,8170017,15662a03814b820c8fbaf3ad56cae22eb79a01b06fda66060003ba42a4cd8d11,371.8,372.6666666666667,0.0,0.0,371.8,372.6666666666667,1.0,1.0,0.0,0.0,-0.8666666666666742,0.0,-0.8666666666666742,0.0,0.0
7,18,8170018,521eb2b782adc75354f60fdf16361e625e0c7eff981641126fedeb38f98bf1c2,371.8,371.8,4.146134870249379,4.146134870249379,380.0922697404988,380.0922697404988,0.98989898989899,0.98989898989899,4.146134870249379,4.146134870249379,0.0,0.0,0.0,0.0,0.0
7,19,8170019,1448915da22f3df9ca6133126e80d17523da4a4ec6aea9cb132715a2a0ef12f8,371.8,372.1333333333334,0.6856390028483474,0.6856390028483474,373.1712780056967,373.5046113390301,0.9949494949494949,0.9949494949494949,0.6856390028483474,0.6856390028483474,-0.3333333333333333,0.0,-0.3333333333333333,0.0,0.0
7,20,8170020,8b742cbf3b5e0e062a9da291244e11c73b747ba3e2ed7c0eb802c8d61ad5020b,371.8,372.4666666666667,1.0796274631721683,0.6520615423107946,373.95925492634433,373.77078975128825,0.98989898989899,0.9949494949494949,1.0796274631721683,0.6520615423107946,-0.6666666666666666,0.4275659208613736,0.18846517505608062,0.4275659208613736,0.005050505050505046
