run_id,day,replicate,path_index,attempt_index,evaluated_candidates,operator_decisions,null_proposals,scenario_evaluations,recourse_runtime_s,decision_cap_hit
D02_R01_P001,2,1,1,1,250,1098,848,25100,1.817839749972336,False
D02_R01_P001,2,1,1,2,1,25000,24999,200,9.628725834016223,True
D02_R01_P001,2,1,1,3,0,25000,25000,100,2.4594627909827977,True
D02_R01_P002,2,1,2,1,1,25000,24999,200,9.685670040955301,True
D02_R01_P003,2,1,3,1,250,1221,971,25100,1.2314134999760427,False
D02_R01_P003,2,1,3,2,250,2123,1873,25100,1.3956731660291553,False
D02_R01_P003,2,1,3,3,250,1411,1161,25100,0.5998122920282185,False
D02_R01_P004,2,1,4,1,0,25000,25000,100,7.124265958031174,True
D02_R01_P006,2,1,6,1,0,25000,25000,100,5.039471166965086,True
D02_R01_P007,2,1,7,1,250,865,615,25100,1.640074166993145,False
D02_R01_P007,2,1,7,2,1,25000,24999,200,9.77897408301942,True
D02_R01_P008,2,1,8,1,250,710,460,25100,1.7631704169907607,False
D02_R01_P008,2,1,8,2,1,25000,24999,200,9.858792915998492,True
D02_R01_P009,2,1,9,1,250,1866,1616,25100,1.519598875020165,False
D02_R01_P009,2,1,9,2,250,9824,9574,25100,4.0464504169649445,False
D02_R01_P009,2,1,9,3,0,25000,25000,100,7.1674944999977015,True
D02_R01_P009,2,1,9,4,0,25000,25000,100,1.9221222079941072,True
D02_R01_P009,2,1,9,5,0,25000,25000,100,4.075041875010356,True
D02_R01_P010,2,1,10,1,250,6103,5853,25100,2.794111499970313,False
D02_R01_P010,2,1,10,2,250,2258,2008,25100,1.0007535829790868,False
D02_R01_P010,2,1,10,3,250,8048,7798,25100,3.460836875019595,False
D02_R01_P010,2,1,10,4,0,25000,25000,100,4.149901291995775,True
D02_R01_P010,2,1,10,5,0,25000,25000,100,2.5293558330158703,True
D02_R01_P010,2,1,10,6,0,25000,25000,100,3.286255249986425,True
D02_R01_P012,2,1,12,1,250,9292,9042,25100,3.904047000047285,False
D02_R01_P012,2,1,12,2,250,678,428,25100,1.0321677920292132,False
D02_R01_P012,2,1,12,3,0,25000,25000,100,1.9032432500389405,True
D02_R01_P013,2,1,13,1,250,2294,2044,25100,0.8486097499844618,False
D02_R01_P013,2,1,13,2,250,1823,1573,25100,1.838020791998133,False
D02_R01_P014,2,1,14,1,250,3210,2960,25100,1.1971020000055432,False
D02_R01_P015,2,1,15,1,250,683,433,25100,0.7615019580116495,False
D02_R01_P015,2,1,15,2,250,6217,5967,25100,2.1279797080205753,False
D02_R01_P015,2,1,15,3,0,25000,25000,100,1.9214513750048354,True
D02_R01_P016,2,1,16,1,250,1455,1205,25100,0.6099934580270201,False
D02_R01_P016,2,1,16,2,250,482,232,25100,0.796341500012204,False
D02_R01_P016,2,1,16,3,250,5393,5143,25100,1.9287998340441845,False
D02_R01_P017,2,1,17,1,250,727,477,25100,0.957494875008706,False
D02_R01_P017,2,1,17,2,0,25000,25000,100,5.051933124952484,True
D02_R01_P018,2,1,18,1,250,1131,881,25100,1.1107730829971842,False
D02_R01_P018,2,1,18,2,0,25000,25000,100,2.5622501670150086,True
D02_R01_P019,2,1,19,1,0,25000,25000,100,8.57181891601067,True
D02_R01_P019,2,1,19,2,250,1810,1560,25100,0.7877128749969415,False
D02_R01_P019,2,1,19,3,0,25000,25000,100,1.4011836670106277,True
D02_R01_P020,2,1,20,1,0,25000,25000,100,1.919648082985077,True
D02_R01_P020,2,1,20,2,0,25000,25000,100,1.9124543750076555,True
D02_R01_P020,2,1,20,3,0,25000,25000,100,1.4009713749983348,True
D02_R02_P001,2,2,1,1,250,4377,4127,25100,2.2538495420012623,False
D02_R02_P001,2,2,1,2,0,25000,25000,100,9.528043000027537,True
D02_R02_P001,2,2,1,3,0,25000,25000,100,3.957319542008918,True
D02_R02_P001,2,2,1,4,0,25000,25000,100,2.520371124963276,True
D02_R02_P003,2,2,3,1,250,1393,1143,25100,0.5887940000393428,False
D02_R02_P003,2,2,3,2,250,1049,799,25100,1.0542805000441149,False
D02_R02_P004,2,2,4,1,0,25000,25000,100,7.142308333015535,True
D02_R02_P006,2,2,6,1,0,25000,25000,100,4.985011541983113,True
D02_R02_P007,2,2,7,1,250,8614,8364,25100,3.6170200830092654,False
D02_R02_P007,2,2,7,2,0,25000,25000,100,9.98699950001901,True
D02_R02_P008,2,2,8,1,250,1275,1025,25100,2.331205625028815,False
D02_R02_P009,2,2,9,1,250,1556,1306,25100,1.5428040829719976,False
D02_R02_P009,2,2,9,2,250,2001,1751,25100,1.4027365410001948,False
D02_R02_P009,2,2,9,3,0,25000,25000,100,7.226106124988291,True
D02_R02_P009,2,2,9,4,0,25000,25000,100,1.9123466659802943,True
D02_R02_P009,2,2,9,5,0,25000,25000,100,4.066513167053927,True
D02_R02_P009,2,2,9,6,0,25000,25000,100,1.90021308301948,True
D02_R02_P010,2,2,10,1,250,1431,1181,25100,2.1786602909560315,False
D02_R02_P010,2,2,10,2,250,1752,1502,25100,1.62954237498343,False
D02_R02_P010,2,2,10,3,250,4574,4324,25100,2.3296104589826427,False
D02_R02_P010,2,2,10,4,250,1600,1350,25100,0.7513441669871099,False
D02_R02_P010,2,2,10,5,250,746,496,25100,0.6142041250132024,False
D02_R02_P010,2,2,10,6,0,25000,25000,100,4.251974416023586,True
D02_R02_P010,2,2,10,7,0,25000,25000,100,2.5741282080416568,True
D02_R02_P012,2,2,12,1,250,1629,1379,25100,1.5730952909798361,False
D02_R02_P012,2,2,12,2,250,3292,3042,25100,1.8713902499875985,False
D02_R02_P012,2,2,12,3,0,25000,25000,100,1.9340952080092393,True
D02_R02_P013,2,2,13,1,250,1848,1598,25100,1.8619650419568643,False
D02_R02_P013,2,2,13,2,250,2158,1908,25100,0.8400569160003215,False
D02_R02_P013,2,2,13,3,250,3519,3269,25100,1.2456676669535227,False
D02_R02_P013,2,2,13,4,0,25000,25000,100,8.490685417025816,True
D02_R02_P014,2,2,14,1,250,2869,2619,25100,1.132644125027582,False
D02_R02_P014,2,2,14,2,250,4040,3790,25100,1.5965477909776382,False
D02_R02_P015,2,2,15,1,250,1417,1167,25100,1.079278625024017,False
D02_R02_P015,2,2,15,2,0,25000,25000,100,6.067205625004135,True
D02_R02_P015,2,2,15,3,0,25000,25000,100,1.9354967499966733,True
D02_R02_P016,2,2,16,1,250,851,601,25100,0.44542570802150294,False
D02_R02_P016,2,2,16,2,0,25000,25000,100,6.119120832998306,True
D02_R02_P017,2,2,17,1,0,25000,25000,100,11.392537124978844,True
D02_R02_P017,2,2,17,2,250,1249,999,25100,0.5859380409820005,False
D02_R02_P017,2,2,17,3,250,1401,1151,25100,1.2047012919792905,False
D02_R02_P017,2,2,17,4,250,944,694,25100,0.45368137501645833,False
D02_R02_P017,2,2,17,5,250,875,625,25100,0.7280417499714531,False
D02_R02_P018,2,2,18,1,0,25000,25000,100,4.111458332976326,True
D02_R02_P018,2,2,18,2,0,25000,25000,100,2.5523880409891717,True
D02_R02_P019,2,2,19,1,250,1289,1039,25100,0.5951382500352338,False
D02_R02_P019,2,2,19,2,0,25000,25000,100,1.4014294170192443,True
D02_R02_P020,2,2,20,1,250,506,256,25100,0.4129737920011394,False
D02_R02_P020,2,2,20,2,0,25000,25000,100,1.918498000013642,True
D02_R03_P001,2,3,1,1,250,388,138,25100,0.8298219169955701,False
D02_R03_P001,2,3,1,2,250,1099,849,25100,1.3067070000106469,False
D02_R03_P001,2,3,1,3,0,25000,25000,100,2.5011189169599675,True
D02_R03_P002,2,3,2,1,0,25000,25000,100,1.8892387910163961,True
D02_R03_P002,2,3,2,2,0,25000,25000,100,1.3628181669628248,True
D02_R03_P003,2,3,3,1,250,1821,1571,25100,0.7699453749810345,False
D02_R03_P003,2,3,3,2,250,1567,1317,25100,1.3871267920476384,False
D02_R03_P003,2,3,3,3,250,545,295,25100,0.8824439169839025,False
D02_R03_P004,2,3,4,1,250,841,591,25100,0.8806661250418983,False
D02_R03_P004,2,3,4,2,0,25000,25000,100,3.17898495902773,True
D02_R03_P005,2,3,5,1,250,1257,1007,25100,0.9017934170551598,False
D02_R03_P006,2,3,6,1,250,419,169,25100,0.6107165419962257,False
D02_R03_P006,2,3,6,2,250,2714,2464,25100,0.7724215000052936,False
D02_R03_P007,2,3,7,1,250,718,468,25100,1.1657084170146845,False
D02_R03_P007,2,3,7,2,250,391,141,25100,0.9006824159878306,False
D02_R03_P008,2,3,8,1,250,814,564,25100,1.6240769170108251,False
D02_R03_P008,2,3,8,2,250,387,137,25100,0.84622229100205,False
D02_R03_P008,2,3,8,3,250,378,128,25100,1.0736728750052862,False
D02_R03_P009,2,3,9,1,250,1140,890,25100,1.2213825000217184,False
D02_R03_P009,2,3,9,2,250,410,160,25100,0.8489774159970693,False
D02_R03_P009,2,3,9,3,250,601,351,25100,0.9229329169611447,False
D02_R03_P009,2,3,9,4,250,605,355,25100,0.8378520419937558,False
D02_R03_P009,2,3,9,5,0,25000,25000,100,3.2708162919734605,True
D02_R03_P009,2,3,9,6,0,25000,25000,100,1.910337375011295,True
D02_R03_P009,2,3,9,7,0,25000,25000,100,5.002063916996121,True
D02_R03_P009,2,3,9,8,0,25000,25000,100,2.508967667003162,True
D02_R03_P009,2,3,9,9,0,25000,25000,100,3.2417915830155835,True
D02_R03_P010,2,3,10,1,250,764,514,25100,1.4180814159917645,False
D02_R03_P010,2,3,10,2,250,1578,1328,25100,0.7442494999850169,False
D02_R03_P010,2,3,10,3,250,544,294,25100,0.9028702090145089,False
D02_R03_P010,2,3,10,4,250,730,480,25100,0.9667156250216067,False
D02_R03_P010,2,3,10,5,250,854,604,25100,0.6328389580012299,False
D02_R03_P010,2,3,10,6,0,25000,25000,100,2.550529624975752,True
D02_R03_P010,2,3,10,7,0,25000,25000,100,5.032643458980601,True
D02_R03_P012,2,3,12,1,250,2010,1760,25100,1.592540709010791,False
D02_R03_P012,2,3,12,2,250,757,507,25100,0.9724250830477104,False
D02_R03_P012,2,3,12,3,250,1001,751,25100,1.0626477909972891,False
D02_R03_P012,2,3,12,4,250,944,694,25100,0.64668562496081,False
D02_R03_P012,2,3,12,5,0,25000,25000,100,1.92340733401943,True
D02_R03_P013,2,3,13,1,250,2089,1839,25100,0.8340217499644496,False
D02_R03_P013,2,3,13,2,250,2042,1792,25100,0.9532676669768989,False
D02_R03_P014,2,3,14,1,250,2939,2689,25100,1.1228339590015821,False
D02_R03_P015,2,3,15,1,250,1537,1287,25100,1.117388458980713,False
D02_R03_P015,2,3,15,2,250,725,475,25100,0.7736741660046391,False
D02_R03_P015,2,3,15,3,0,25000,25000,100,1.9073420420172624,True
D02_R03_P016,2,3,16,1,250,1854,1604,25100,1.2057137079536915,False
D02_R03_P016,2,3,16,2,250,918,668,25100,0.8360788749996573,False
D02_R03_P017,2,3,17,1,250,926,676,25100,1.384012916998472,False
D02_R03_P017,2,3,17,2,250,1343,1093,25100,0.5964784580282867,False
D02_R03_P017,2,3,17,3,250,544,294,25100,0.9170931670232676,False
D02_R03_P018,2,3,18,1,250,1440,1190,25100,0.611988749995362,False
D02_R03_P018,2,3,18,2,0,25000,25000,100,2.5648103340063244,True
D02_R03_P019,2,3,19,1,0,25000,25000,100,1.3957592499791645,True
D02_R03_P019,2,3,19,2,0,25000,25000,100,2.6195959160104394,True
D02_R03_P020,2,3,20,1,0,25000,25000,100,1.9736396659864113,True
D02_R03_P020,2,3,20,2,0,25000,25000,100,1.3957665839698166,True
D05_R01_P001,5,1,1,1,250,2248,1998,25100,5.040183125005569,False
D05_R01_P001,5,1,1,2,250,15255,15005,25100,3.6259858749690466,False
D05_R01_P001,5,1,1,3,0,25000,25000,100,1.3911304590292275,True
D05_R01_P002,5,1,2,1,250,516,266,25100,0.4856144999503158,False
D05_R01_P002,5,1,2,2,0,25000,25000,100,1.3889228330226615,True
D05_R01_P003,5,1,3,1,250,2738,2488,25100,6.569444749969989,False
D05_R01_P003,5,1,3,2,250,1996,1746,25100,1.742040333978366,False
D05_R01_P003,5,1,3,3,250,348,98,25100,0.5999476659926586,False
D05_R01_P003,5,1,3,4,0,25000,25000,100,1.390941624995321,True
D05_R01_P003,5,1,3,5,250,277,27,25100,0.3170237080194056,False
D05_R01_P003,5,1,3,6,0,25000,25000,100,1.3911039580125362,True
D05_R01_P004,5,1,4,1,0,25000,25000,100,4.145612125052139,True
D05_R01_P004,5,1,4,2,250,407,157,25100,0.6889562080032192,False
D05_R01_P004,5,1,4,3,250,1976,1726,25100,1.4039648339967243,False
D05_R01_P004,5,1,4,4,0,25000,25000,100,1.4030720830196515,True
D05_R01_P004,5,1,4,5,250,10526,10276,25100,2.2147988330107182,False
D05_R01_P004,5,1,4,6,0,25000,25000,100,3.2514330000267364,True
D05_R01_P004,5,1,4,7,250,3813,3563,25100,1.0958923749858513,False
D05_R01_P004,5,1,4,8,250,2586,2336,25100,0.760063124995213,False
D05_R01_P004,5,1,4,9,250,275,25,25100,0.31612024997593835,False
D05_R01_P005,5,1,5,1,250,6044,5794,25100,2.423999290971551,False
D05_R01_P005,5,1,5,2,0,25000,25000,100,1.4055902080144733,True
D05_R01_P005,5,1,5,3,0,25000,25000,100,1.3958932079840451,True
D05_R01_P006,5,1,6,1,250,1849,1599,25100,3.8461400840315036,False
D05_R01_P006,5,1,6,2,0,25000,25000,100,1.924145040975418,True
D05_R01_P006,5,1,6,3,250,760,510,25100,0.3550527920015156,False
D05_R01_P006,5,1,6,4,250,287,37,25100,0.3170792919700034,False
D05_R01_P008,5,1,8,1,0,25000,25000,100,1.3966820840141736,True
D05_R01_P008,5,1,8,2,0,25000,25000,100,1.3886894999886863,True
D05_R01_P008,5,1,8,3,250,5223,4973,25100,1.946056624990888,False
D05_R01_P008,5,1,8,4,250,710,460,25100,0.7784156249836087,False
D05_R01_P008,5,1,8,5,0,25000,25000,100,4.10930583300069,True
D05_R01_P008,5,1,8,6,250,336,86,25100,0.5271037089987658,False
D05_R01_P008,5,1,8,7,0,25000,25000,100,3.2527288750279695,True
D05_R01_P009,5,1,9,1,250,352,102,25100,0.6927914170082659,False
D05_R01_P009,5,1,9,2,250,2048,1798,25100,1.108739625022281,False
D05_R01_P011,5,1,11,1,250,4853,4603,25100,2.6911002499982715,False
D05_R01_P012,5,1,12,1,250,316,66,25100,0.5957630000193603,False
D05_R01_P012,5,1,12,2,0,25000,25000,100,1.9240415840176865,True
D05_R01_P012,5,1,12,3,250,668,418,25100,0.5101036669802852,False
D05_R01_P013,5,1,13,1,250,2013,1763,25100,5.166724167007487,False
D05_R01_P014,5,1,14,1,250,364,114,25100,0.6938071670010686,False
D05_R01_P015,5,1,15,1,250,378,128,25100,0.6990248750080355,False
D05_R01_P015,5,1,15,2,250,3130,2880,25100,1.1735005829832517,False
D05_R01_P015,5,1,15,3,250,643,393,25100,0.6595467500155792,False
D05_R01_P016,5,1,16,1,250,5027,4777,25100,8.383593124977779,False
D05_R01_P017,5,1,17,1,250,1451,1201,25100,5.7553447500104085,False
D05_R01_P017,5,1,17,2,250,2296,2046,25100,5.0507843749946915,False
D05_R01_P017,5,1,17,3,250,841,591,25100,0.5248647499829531,False
D05_R01_P018,5,1,18,1,250,4096,3846,25100,1.8303088750108145,False
D05_R01_P018,5,1,18,2,250,376,126,25100,0.7617720419657417,False
D05_R01_P018,5,1,18,3,0,25000,25000,100,3.2668825419968925,True
D05_R01_P018,5,1,18,4,250,2565,2315,25100,3.0525744579499587,False
D05_R01_P018,5,1,18,5,250,2755,2505,25100,1.4585199999855831,False
D05_R01_P018,5,1,18,6,250,1353,1103,25100,1.435669541999232,False
D05_R01_P018,5,1,18,7,250,9217,8967,25100,3.843542791029904,False
D05_R01_P018,5,1,18,8,250,1088,838,25100,0.8522622500313446,False
D05_R01_P019,5,1,19,1,250,1628,1378,25100,5.611810208996758,False
D05_R01_P019,5,1,19,2,250,2107,1857,25100,2.681906000012532,False
D05_R01_P020,5,1,20,1,250,534,284,25100,0.9031370000448078,False
D05_R01_P020,5,1,20,2,250,474,224,25100,0.7040108750225045,False
D05_R01_P020,5,1,20,3,0,25000,25000,100,4.059853542014025,True
D05_R01_P020,5,1,20,4,250,11513,11263,25100,2.3744982079952024,False
D05_R01_P020,5,1,20,5,250,475,225,25100,0.5499947079806589,False
D05_R02_P001,5,2,1,1,250,7851,7601,25100,1.774387416022364,False
D05_R02_P002,5,2,2,1,250,1446,1196,25100,0.613890334032476,False
D05_R02_P002,5,2,2,2,0,25000,25000,100,1.9254706670180894,True
D05_R02_P002,5,2,2,3,0,25000,25000,100,1.4132518750266172,True
D05_R02_P003,5,2,3,1,250,10346,10096,25100,2.6063148750108667,False
D05_R02_P003,5,2,3,2,0,25000,25000,100,4.111323709017597,True
D05_R02_P003,5,2,3,3,0,25000,25000,100,3.2617099590133876,True
D05_R02_P003,5,2,3,4,250,3139,2889,25100,1.1814343329751864,False
D05_R02_P003,5,2,3,5,250,629,379,25100,0.34318116697249934,False
D05_R02_P003,5,2,3,6,0,25000,25000,100,1.3922879999736324,True
D05_R02_P004,5,2,4,1,0,25000,25000,100,4.1397445410257205,True
D05_R02_P004,5,2,4,2,250,7788,7538,25100,4.9424452079692855,False
D05_R02_P004,5,2,4,3,0,25000,25000,100,6.113796292047482,True
D05_R02_P004,5,2,4,4,0,25000,25000,100,1.9251989590120502,True
D05_R02_P004,5,2,4,5,0,25000,25000,100,4.13204879197292,True
D05_R02_P004,5,2,4,6,250,8098,7848,25100,1.4818677080329508,False
D05_R02_P004,5,2,4,7,0,25000,25000,100,2.5318869579932652,True
D05_R02_P004,5,2,4,8,0,25000,25000,100,1.387853708001785,True
D05_R02_P004,5,2,4,9,250,722,472,25100,0.35822225001174957,False
D05_R02_P005,5,2,5,1,0,25000,25000,100,1.9387624580413103,True
D05_R02_P006,5,2,6,1,250,17867,17617,25100,12.477297167002689,False
D05_R02_P006,5,2,6,2,250,688,438,25100,0.3535405420116149,False
D05_R02_P008,5,2,8,1,0,25000,25000,100,3.2636073749745265,True
D05_R02_P008,5,2,8,2,250,2039,1789,25100,0.8211550830164924,False
D05_R02_P008,5,2,8,3,0,25000,25000,100,2.5297714170301333,True
D05_R02_P008,5,2,8,4,0,25000,25000,100,3.241277374967467,True
D05_R02_P009,5,2,9,1,250,1434,1184,25100,1.0831809579976834,False
D05_R02_P011,5,2,11,1,29,25000,24971,3000,20.731322082981933,True
D05_R02_P012,5,2,12,1,250,5067,4817,25100,2.4734362079761922,False
D05_R02_P012,5,2,12,2,0,25000,25000,100,11.320774958003312,True
D05_R02_P012,5,2,12,3,250,5414,5164,25100,1.6543754169833846,False
D05_R02_P012,5,2,12,4,0,25000,25000,100,4.13400445895968,True
D05_R02_P012,5,2,12,5,0,25000,25000,100,3.263613792019896,True
D05_R02_P012,5,2,12,6,0,25000,25000,100,10.194955707993358,True
D05_R02_P012,5,2,12,7,250,2534,2284,25100,1.0600838750251569,False
D05_R02_P012,5,2,12,8,250,1726,1476,25100,0.6419111249851994,False
D05_R02_P012,5,2,12,9,0,25000,25000,100,1.925843957986217,True
D05_R02_P015,5,2,15,1,250,6101,5851,25100,2.837561291991733,False
D05_R02_P015,5,2,15,2,0,25000,25000,100,1.9363366659963503,True
D05_R02_P015,5,2,15,3,250,5217,4967,25100,1.5961391659802757,False
D05_R02_P015,5,2,15,4,250,2654,2404,25100,1.08382633398287,False
D05_R02_P017,5,2,17,1,250,8842,8592,25100,4.856931791990064,False
D05_R02_P017,5,2,17,2,0,25000,25000,100,9.88203808304388,True
D05_R02_P017,5,2,17,3,250,12940,12690,25100,4.276940916955937,False
D05_R02_P017,5,2,17,4,0,25000,25000,100,5.05156008398626,True
D05_R02_P018,5,2,18,1,250,3138,2888,25100,1.7794801659765653,False
D05_R02_P018,5,2,18,2,0,25000,25000,100,6.049861082981806,True
D05_R02_P018,5,2,18,3,16,25000,24984,1700,16.09069758298574,True
D05_R02_P018,5,2,18,4,0,25000,25000,100,6.140804708003998,True
D05_R02_P018,5,2,18,5,0,25000,25000,100,12.865546833025292,True
D05_R02_P018,5,2,18,6,250,6109,5859,25100,3.2424562919768505,False
D05_R02_P018,5,2,18,7,0,25000,25000,100,3.230189749971032,True
D05_R02_P018,5,2,18,8,250,4926,4676,25100,2.090594000008423,False
D05_R02_P018,5,2,18,9,0,25000,25000,100,9.936093707976397,True
D05_R02_P018,5,2,18,10,0,25000,25000,100,8.472723541024607,True
D05_R02_P018,5,2,18,11,0,25000,25000,100,2.5228656249819323,True
D05_R02_P019,5,2,19,1,250,6623,6373,25100,3.3949914170079865,False
D05_R02_P019,5,2,19,2,0,25000,25000,100,7.183104291965719,True
D05_R02_P019,5,2,19,3,0,25000,25000,100,3.251198416983243,True
D05_R02_P019,5,2,19,4,0,25000,25000,100,12.900592666002922,True
D05_R02_P019,5,2,19,5,0,25000,25000,100,1.9368402090040036,True
D05_R02_P019,5,2,19,6,0,25000,25000,100,1.8959620000096038,True
D05_R02_P020,5,2,20,1,0,25000,25000,100,6.0539309160085395,True
D05_R02_P020,5,2,20,2,250,7099,6849,25100,1.350247957976535,False
D05_R02_P020,5,2,20,3,0,25000,25000,100,1.3808557500015013,True
D05_R02_P020,5,2,20,4,0,25000,25000,100,3.2439614579780027,True
D05_R02_P020,5,2,20,5,250,2097,1847,25100,0.8242648330051452,False
D05_R03_P001,5,3,1,1,250,1481,1231,25100,0.9680215830449015,False
D05_R03_P001,5,3,1,2,250,5731,5481,25100,1.7087080420460552,False
D05_R03_P001,5,3,1,3,0,25000,25000,100,1.3964643330546096,True
D05_R03_P002,5,3,2,1,250,1493,1243,25100,1.9239260840113275,False
D05_R03_P002,5,3,2,2,0,25000,25000,100,1.9247011659899727,True
D05_R03_P002,5,3,2,3,250,1078,828,25100,0.4724914589896798,False
D05_R03_P002,5,3,2,4,0,25000,25000,100,1.405013167008292,True
D05_R03_P003,5,3,3,1,250,1447,1197,25100,0.9629177080350928,False
D05_R03_P003,5,3,3,2,0,25000,25000,100,1.3929720420273952,True
D05_R03_P003,5,3,3,3,0,25000,25000,100,3.2692074590013362,True
D05_R03_P004,5,3,4,1,203,25000,24797,20400,9.16134404198965,True
D05_R03_P004,5,3,4,2,0,25000,25000,100,5.053974040958565,True
D05_R03_P004,5,3,4,3,250,2390,2140,25100,1.5500870830146596,False
D05_R03_P004,5,3,4,4,250,2827,2577,25100,1.29319083399605,False
D05_R03_P004,5,3,4,5,250,11035,10785,25100,2.3114777919836342,False
D05_R03_P004,5,3,4,6,250,7441,7191,25100,1.4032894170377403,False
D05_R03_P005,5,3,5,1,250,3438,3188,25100,1.9298737499630079,False
D05_R03_P005,5,3,5,2,250,283,33,25100,0.45416254200972617,False
D05_R03_P005,5,3,5,3,250,1032,782,25100,0.48747604194795713,False
D05_R03_P005,5,3,5,4,0,25000,25000,100,1.397277457988821,True
D05_R03_P006,5,3,6,1,129,25000,24871,13000,11.827072540996596,True
D05_R03_P006,5,3,6,2,0,25000,25000,100,1.38447529199766,True
D05_R03_P007,5,3,7,1,250,6772,6522,25100,1.3187223330023699,False
D05_R03_P008,5,3,8,1,0,25000,25000,100,1.400376999983564,True
D05_R03_P008,5,3,8,2,250,2703,2453,25100,1.447917957964819,False
D05_R03_P008,5,3,8,3,250,2327,2077,25100,1.345346374961082,False
D05_R03_P008,5,3,8,4,250,3330,3080,25100,1.224773333990015,False
D05_R03_P008,5,3,8,5,0,25000,25000,100,2.5328766659949906,True
D05_R03_P008,5,3,8,6,250,11484,11234,25100,2.3736936660134234,False
D05_R03_P009,5,3,9,1,250,414,164,25100,0.7764895419823006,False
D05_R03_P009,5,3,9,2,250,2241,1991,25100,0.8614227919606492,False
D05_R03_P011,5,3,11,1,250,1981,1731,25100,3.9832090829731897,False
D05_R03_P012,5,3,12,1,0,25000,25000,100,1.9214734580018558,True
D05_R03_P012,5,3,12,2,250,1904,1654,25100,2.1708639999851584,False
D05_R03_P012,5,3,12,3,0,25000,25000,100,5.119527459028177,True
D05_R03_P012,5,3,12,4,0,25000,25000,100,1.3960242090397514,True
D05_R03_P012,5,3,12,5,250,2550,2300,25100,2.218124417006038,False
D05_R03_P012,5,3,12,6,0,25000,25000,100,3.263659790973179,True
D05_R03_P012,5,3,12,7,250,3382,3132,25100,0.8642206250224262,False
D05_R03_P012,5,3,12,8,0,25000,25000,100,1.9086579579743557,True
D05_R03_P013,5,3,13,1,250,3556,3306,25100,2.7551220419700257,False
D05_R03_P013,5,3,13,2,250,1338,1088,25100,1.045890084002167,False
D05_R03_P013,5,3,13,3,130,25000,24870,13100,11.854885875014588,True
D05_R03_P014,5,3,14,1,250,400,150,25100,0.772108290984761,False
D05_R03_P015,5,3,15,1,250,396,146,25100,0.7832410000264645,False
D05_R03_P015,5,3,15,2,250,2531,2281,25100,2.5625193340238184,False
D05_R03_P015,5,3,15,3,0,25000,25000,100,1.9264317919733003,True
D05_R03_P015,5,3,15,4,0,25000,25000,100,3.3071707080234773,True
D05_R03_P017,5,3,17,1,250,1506,1256,25100,1.3763816669816151,False
D05_R03_P017,5,3,17,2,250,1508,1258,25100,0.9573077919776551,False
D05_R03_P017,5,3,17,3,0,25000,25000,100,5.049303042003885,True
D05_R03_P017,5,3,17,4,250,2337,2087,25100,2.12031379097607,False
D05_R03_P018,5,3,18,1,250,2392,2142,25100,1.0314563330030069,False
D05_R03_P018,5,3,18,2,250,410,160,25100,0.8499304589931853,False
D05_R03_P018,5,3,18,3,0,25000,25000,100,4.083915541006718,True
D05_R03_P018,5,3,18,4,204,25000,24796,20500,7.898099749989342,True
D05_R03_P018,5,3,18,5,250,3467,3217,25100,3.798050959012471,False
D05_R03_P018,5,3,18,6,250,1442,1192,25100,1.6301869580056518,False
D05_R03_P018,5,3,18,7,250,3780,3530,25100,2.2968811669852585,False
D05_R03_P018,5,3,18,8,0,25000,25000,100,5.0251502500032075,True
D05_R03_P019,5,3,19,1,250,2213,1963,25100,2.8102443749667145,False
D05_R03_P019,5,3,19,2,250,18704,18454,25100,5.196720457985066,False
D05_R03_P019,5,3,19,3,250,1123,873,25100,0.47852845798479393,False
D05_R03_P019,5,3,19,4,250,1852,1602,25100,0.651943749981001,False
D05_R03_P020,5,3,20,1,250,1856,1606,25100,1.3499760419945233,False
D05_R03_P020,5,3,20,2,250,11313,11063,25100,2.3405671659857035,False
D05_R03_P020,5,3,20,3,0,25000,25000,100,2.513012500014156,True
D05_R03_P020,5,3,20,4,0,25000,25000,100,1.3945847080321983,True
D07_R01_P001,7,1,1,1,250,1448,1198,25100,1.0812625419930555,False
D07_R01_P002,7,1,2,1,250,443,193,25100,0.6272540839854628,False
D07_R01_P002,7,1,2,2,250,4806,4556,25100,1.7429388749878854,False
D07_R01_P002,7,1,2,3,250,3458,3208,25100,1.0604816669947468,False
D07_R01_P002,7,1,2,4,0,25000,25000,100,4.103961415996309,True
D07_R01_P002,7,1,2,5,250,1573,1323,25100,0.5254691250156611,False
D07_R01_P002,7,1,2,6,0,25000,25000,100,1.3891109579708427,True
D07_R01_P002,7,1,2,7,250,3638,3388,25100,1.0878336249734275,False
D07_R01_P002,7,1,2,8,0,25000,25000,100,1.8978337080334313,True
D07_R01_P003,7,1,3,1,250,542,292,25100,1.407041417027358,False
D07_R01_P004,7,1,4,1,250,1042,792,25100,2.0678232919890434,False
D07_R01_P004,7,1,4,2,250,456,206,25100,1.6159093750175089,False
D07_R01_P004,7,1,4,3,250,3226,2976,25100,1.006296375009697,False
D07_R01_P005,7,1,5,1,250,894,644,25100,1.0293631670065224,False
D07_R01_P005,7,1,5,2,250,4285,4035,25100,1.4442334580235183,False
D07_R01_P005,7,1,5,3,250,3359,3109,25100,1.2283615000196733,False
D07_R01_P006,7,1,6,1,250,1191,941,25100,2.5380769160110503,False
D07_R01_P006,7,1,6,2,250,1290,1040,25100,2.322174792003352,False
D07_R01_P007,7,1,7,1,0,25000,25000,100,1.3977552080177702,True
D07_R01_P007,7,1,7,2,250,504,254,25100,1.2780879170168191,False
D07_R01_P007,7,1,7,3,0,25000,25000,100,2.5721727500203997,True
D07_R01_P007,7,1,7,4,250,3747,3497,25100,0.7436287080054171,False
D07_R01_P009,7,1,9,1,250,502,252,25100,0.9042961670202203,False
D07_R01_P009,7,1,9,2,250,391,141,25100,0.8454537079669535,False
D07_R01_P009,7,1,9,3,250,6913,6663,25100,3.600161125010345,False
D07_R01_P009,7,1,9,4,250,4537,4287,25100,2.5977907920023426,False
D07_R01_P009,7,1,9,5,0,25000,25000,100,1.402970707975328,True
D07_R01_P009,7,1,9,6,250,1736,1486,25100,0.6559277910273522,False
D07_R01_P009,7,1,9,7,0,25000,25000,100,2.530166666023433,True
D07_R01_P010,7,1,10,1,250,394,144,25100,0.9288209580117837,False
D07_R01_P010,7,1,10,2,250,1347,1097,25100,1.0509233750053681,False
D07_R01_P011,7,1,11,1,250,510,260,25100,1.3989972500130534,False
D07_R01_P012,7,1,12,1,250,876,626,25100,0.44508220796706155,False
D07_R01_P012,7,1,12,2,250,11804,11554,25100,4.0906387499999255,False
D07_R01_P012,7,1,12,3,0,25000,25000,100,3.2865720000118017,True
D07_R01_P015,7,1,15,1,250,429,179,25100,0.8582293330109678,False
D07_R01_P015,7,1,15,2,0,25000,25000,100,3.2794034580001608,True
D07_R01_P015,7,1,15,3,250,4963,4713,25100,1.55044474999886,False
D07_R01_P015,7,1,15,4,250,335,85,25100,0.3809021670022048,False
D07_R01_P015,7,1,15,5,0,25000,25000,100,1.379345957946498,True
D07_R01_P016,7,1,16,1,250,714,464,25100,1.9375413749949075,False
D07_R01_P016,7,1,16,2,250,6223,5973,25100,3.6369394580251537,False
D07_R01_P016,7,1,16,3,250,3872,3622,25100,1.145654167048633,False
D07_R01_P016,7,1,16,4,250,1400,1150,25100,0.41180233302293345,False
D07_R01_P016,7,1,16,5,0,25000,25000,100,2.542971207993105,True
D07_R01_P018,7,1,18,1,250,1730,1480,25100,0.5325506670051254,False
D07_R01_P019,7,1,19,1,250,1555,1305,25100,2.2396861250163056,False
D07_R01_P019,7,1,19,2,0,25000,25000,100,1.90640987502411,True
D07_R01_P020,7,1,20,1,250,1297,1047,25100,2.329908416955732,False
D07_R01_P020,7,1,20,2,250,4996,4746,25100,2.4296850829850882,False
D07_R01_P020,7,1,20,3,250,302,52,25100,0.7339020840008743,False
D07_R02_P001,7,2,1,1,250,948,698,25100,1.3903537500300445,False
D07_R02_P001,7,2,1,2,250,1372,1122,25100,1.0649827500456013,False
D07_R02_P001,7,2,1,3,250,262,12,25100,0.7214700420154259,False
D07_R02_P002,7,2,2,1,250,670,420,25100,1.0506947499816306,False
D07_R02_P002,7,2,2,2,0,25000,25000,100,4.085259333020076,True
D07_R02_P002,7,2,2,3,0,25000,25000,100,4.100758041022345,True
D07_R02_P002,7,2,2,4,250,2570,2320,25100,1.0669075839687139,False
D07_R02_P002,7,2,2,5,250,1324,1074,25100,0.5857863749843091,False
D07_R02_P003,7,2,3,1,250,832,582,25100,1.6561918330262415,False
D07_R02_P003,7,2,3,2,250,1057,807,25100,1.4452161659719422,False
D07_R02_P004,7,2,4,1,250,681,431,25100,2.290893082972616,False
D07_R02_P004,7,2,4,2,250,468,218,25100,1.1239855420426466,False
D07_R02_P004,7,2,4,3,0,25000,25000,100,4.083407666999847,True
D07_R02_P004,7,2,4,4,250,1108,858,25100,0.7543161669746041,False
D07_R02_P004,7,2,4,5,0,25000,25000,100,3.2669686659937724,True
D07_R02_P005,7,2,5,1,250,1111,861,25100,1.3406876670196652,False
D07_R02_P005,7,2,5,2,250,822,572,25100,1.00795991695486,False
D07_R02_P005,7,2,5,3,250,390,140,25100,0.9286845419555902,False
D07_R02_P005,7,2,5,4,0,25000,25000,100,3.2713048749719746,True
D07_R02_P005,7,2,5,5,250,1996,1746,25100,0.6817509580287151,False
D07_R02_P006,7,2,6,1,250,563,313,25100,2.283741833001841,False
D07_R02_P006,7,2,6,2,250,374,124,25100,1.7295064579811879,False
D07_R02_P006,7,2,6,3,250,1540,1290,25100,1.5416010839981027,False
D07_R02_P006,7,2,6,4,0,25000,25000,100,1.9091437080060132,True
D07_R02_P007,7,2,7,1,0,25000,25000,100,1.4000505000003614,True
D07_R02_P007,7,2,7,2,250,904,654,25100,1.7366347499773838,False
D07_R02_P007,7,2,7,3,0,25000,25000,100,1.4110005410038866,True
D07_R02_P009,7,2,9,1,250,862,612,25100,1.0308961250120774,False
D07_R02_P009,7,2,9,2,250,452,202,25100,0.9456182920257561,False
D07_R02_P009,7,2,9,3,250,453,203,25100,0.9599207080318592,False
D07_R02_P009,7,2,9,4,250,890,640,25100,1.0282966250088066,False
D07_R02_P009,7,2,9,5,250,1062,812,25100,1.4560919579816982,False
D07_R02_P009,7,2,9,6,250,509,259,25100,0.8984189999755472,False
D07_R02_P009,7,2,9,7,0,25000,25000,100,1.9456660419818945,True
D07_R02_P009,7,2,9,8,0,25000,25000,100,1.4049127909820527,True
D07_R02_P010,7,2,10,1,250,516,266,25100,0.9870036249631085,False
D07_R02_P010,7,2,10,2,250,805,555,25100,1.0032143340213224,False
D07_R02_P010,7,2,10,3,250,675,425,25100,1.036363082996104,False
D07_R02_P010,7,2,10,4,250,1213,963,25100,0.8984134170459583,False
D07_R02_P011,7,2,11,1,250,722,472,25100,1.070272833982017,False
D07_R02_P011,7,2,11,2,250,724,474,25100,1.941431916959118,False
D07_R02_P012,7,2,12,1,250,849,599,25100,0.44790587498573586,False
D07_R02_P013,7,2,13,1,250,704,454,25100,1.060141583031509,False
D07_R02_P013,7,2,13,2,250,700,450,25100,1.7249357500113547,False
D07_R02_P014,7,2,14,1,0,25000,25000,100,1.4275487910490483,True
D07_R02_P015,7,2,15,1,250,1722,1472,25100,1.6269114999449812,False
D07_R02_P015,7,2,15,2,250,866,616,25100,1.0236204999964684,False
D07_R02_P015,7,2,15,3,250,1175,925,25100,1.2540169169660658,False
D07_R02_P015,7,2,15,4,0,25000,25000,100,4.068817708001006,True
D07_R02_P015,7,2,15,5,0,25000,25000,100,1.9141256250441074,True
D07_R02_P015,7,2,15,6,250,1485,1235,25100,0.6067951250006445,False
D07_R02_P015,7,2,15,7,0,25000,25000,100,1.9052402499946766,True
D07_R02_P016,7,2,16,1,250,475,225,25100,2.086714832985308,False
D07_R02_P016,7,2,16,2,250,611,361,25100,0.9176008329959586,False
D07_R02_P016,7,2,16,3,0,25000,25000,100,6.0654980830149725,True
D07_R02_P016,7,2,16,4,0,25000,25000,100,2.5382705830270424,True
D07_R02_P016,7,2,16,5,0,25000,25000,100,1.9152986670378596,True
D07_R02_P016,7,2,16,6,0,25000,25000,100,2.522066832985729,True
D07_R02_P017,7,2,17,1,0,25000,25000,100,1.924305375025142,True
D07_R02_P017,7,2,17,2,250,349,99,25100,0.3879959170008078,False
D07_R02_P018,7,2,18,1,0,25000,25000,100,2.5370567500358447,True
D07_R02_P019,7,2,19,1,250,705,455,25100,2.129770625033416,False
D07_R02_P019,7,2,19,2,0,25000,25000,100,1.8977553749573417,True
D07_R02_P020,7,2,20,1,250,690,440,25100,2.2977665420039557,False
D07_R03_P001,7,3,1,1,250,5628,5378,25100,1.956727167009376,False
D07_R03_P002,7,3,2,1,250,8731,8481,25100,2.7352880830294453,False
D07_R03_P002,7,3,2,2,204,25000,24796,20500,11.953403708001133,True
D07_R03_P002,7,3,2,3,250,3190,2940,25100,1.0336548750055954,False
D07_R03_P002,7,3,2,4,250,1773,1523,25100,0.5414427499636076,False
D07_R03_P002,7,3,2,5,0,25000,25000,100,1.3906797500094399,True
D07_R03_P003,7,3,3,1,250,506,256,25100,1.2696628749836236,False
D07_R03_P003,7,3,3,2,250,482,232,25100,0.9687563329935074,False
D07_R03_P004,7,3,4,1,250,681,431,25100,1.8949564999784343,False
D07_R03_P004,7,3,4,2,250,1890,1640,25100,2.934160750010051,False
D07_R03_P004,7,3,4,3,250,10678,10428,25100,3.7267938330187462,False
D07_R03_P004,7,3,4,4,0,25000,25000,100,3.2423067499767058,True
D07_R03_P004,7,3,4,5,0,25000,25000,100,1.3886862499639392,True
D07_R03_P005,7,3,5,1,250,339,89,25100,0.7640599160222337,False
D07_R03_P005,7,3,5,2,250,684,434,25100,0.6812990419566631,False
D07_R03_P005,7,3,5,3,250,11459,11209,25100,6.84222808299819,False
D07_R03_P005,7,3,5,4,250,4928,4678,25100,1.5581369579886086,False
D07_R03_P005,7,3,5,5,250,14636,14386,25100,4.182963749975897,False
D07_R03_P006,7,3,6,1,250,832,582,25100,2.2864982080063783,False
D07_R03_P006,7,3,6,2,250,644,394,25100,1.8206060419906862,False
D07_R03_P006,7,3,6,3,250,2206,1956,25100,2.3952682499657385,False
D07_R03_P007,7,3,7,1,0,25000,25000,100,1.4153888750006445,True
D07_R03_P007,7,3,7,2,250,493,243,25100,1.2758634579950012,False
D07_R03_P009,7,3,9,1,250,371,121,25100,0.7794475830160081,False
D07_R03_P009,7,3,9,2,250,301,51,25100,0.8867501670029014,False
D07_R03_P009,7,3,9,3,250,5602,5352,25100,3.0764994170167483,False
D07_R03_P009,7,3,9,4,0,25000,25000,100,1.3845184579840861,True
D07_R03_P009,7,3,9,5,250,1745,1495,25100,0.6529929999960586,False
D07_R03_P009,7,3,9,6,0,25000,25000,100,2.524460625019856,True
D07_R03_P010,7,3,10,1,250,308,58,25100,0.81904770800611,False
D07_R03_P010,7,3,10,2,250,350,100,25100,0.7544290840160102,False
D07_R03_P010,7,3,10,3,250,1058,808,25100,1.0858437080169097,False
D07_R03_P010,7,3,10,4,250,4201,3951,25100,1.3689878330333158,False
D07_R03_P011,7,3,11,1,250,457,207,25100,1.3541448750183918,False
D07_R03_P011,7,3,11,2,0,25000,25000,100,1.3987111669848673,True
D07_R03_P012,7,3,12,1,250,903,653,25100,0.4492790410295129,False
D07_R03_P012,7,3,12,2,241,25000,24759,24200,10.608923708030488,True
D07_R03_P012,7,3,12,3,250,8032,7782,25100,1.8073114170110784,False
D07_R03_P012,7,3,12,4,0,25000,25000,100,3.243451874994207,True
D07_R03_P014,7,3,14,1,250,505,255,25100,1.260275000007823,False
D07_R03_P015,7,3,15,1,250,342,92,25100,0.7674537079874426,False
D07_R03_P015,7,3,15,2,0,25000,25000,100,3.268933624960482,True
D07_R03_P015,7,3,15,3,250,3678,3428,25100,1.2930119999800809,False
D07_R03_P015,7,3,15,4,0,25000,25000,100,1.390300415980164,True
D07_R03_P015,7,3,15,5,0,25000,25000,100,1.3927483329898678,True
D07_R03_P016,7,3,16,1,250,506,256,25100,1.8060254589654505,False
D07_R03_P016,7,3,16,2,250,7820,7570,25100,4.4812658749870025,False
D07_R03_P016,7,3,16,3,250,10496,10246,25100,3.727345083025284,False
D07_R03_P016,7,3,16,4,250,1401,1151,25100,0.40423012495739385,False
D07_R03_P016,7,3,16,5,0,25000,25000,100,1.9103898750036024,True
D07_R03_P016,7,3,16,6,250,3117,2867,25100,0.6841350839822553,False
D07_R03_P018,7,3,18,1,250,8761,8511,25100,2.323841709003318,False
D07_R03_P019,7,3,19,1,250,964,714,25100,2.001116083993111,False
D07_R03_P019,7,3,19,2,0,25000,25000,100,1.9088992920005694,True
D07_R03_P020,7,3,20,1,250,713,463,25100,1.9010997499572113,False
D07_R03_P020,7,3,20,2,250,283,33,25100,0.8007579169934615,False
D07_R03_P020,7,3,20,3,250,3775,3525,25100,1.7597465830040164,False
D07_R03_P020,7,3,20,4,0,25000,25000,100,1.393505042011384,True
